N,activation,count,dim,hidden_layer_sizes,lib,lower,max,max3,mean,median,method,min,min3,number,ort_nodes,ort_size,repeat,skl_nb_base_estimators,upper
1,relu,10,2,"(2,)",skl,0.00010053208097815514,0.0004438050091266632,0.0001278100535273552,0.00014570020139217376,0.00010984251275658607,predict,0.00010053208097815514,0.00010713329538702965,1,,,10,1.0,0.0003415990179336944
1,relu,10,2,"(2,)",ort,0.0029807849787175655,0.00369679881259799,0.0032602655701339245,0.003270972240716219,0.0032400290947407484,predict,0.0029807849787175655,0.003231204114854336,1,15.0,3038.0,10,,0.003603315043518759
1,relu,10,2,"(2,)",skl,0.00010449159890413284,0.0002713431604206562,0.00011489074677228928,0.00012748967856168747,0.00011147395707666874,predict_proba,0.00010449159890413284,0.00010847719386219978,1,,,10,1.0,0.0002221808488394876
1,relu,10,2,"(2,)",ort,0.0030221007764339447,0.004371009301394224,0.0032539470121264458,0.0033327636774629354,0.0032406968530267477,predict_proba,0.0030221007764339447,0.003236649092286825,1,15.0,3038.0,10,,0.004023336949629846
10,relu,10,2,"(2,)",skl,0.0001157643273472786,0.00028530461713671684,0.0001254631206393242,0.0001378211658447981,0.00012083933688700199,predict,0.0001157643273472786,0.00011940393596887589,1,,,10,1.0,0.00023451889701786458
10,relu,10,2,"(2,)",ort,0.0030237231113068963,0.0035372977145016193,0.0032607452012598515,0.0032568698283284903,0.0032511644531041384,predict,0.0030085700564086437,0.0032455152831971645,1,15.0,3038.0,10,,0.0034900165453500844
10,relu,10,2,"(2,)",skl,0.00011326000094413757,0.00027218926697969437,0.00012981100007891655,0.000138150155544281,0.00012449175119400024,predict_proba,0.00011326000094413757,0.0001210412010550499,1,,,10,1.0,0.00022664093076611404
10,relu,10,2,"(2,)",ort,0.003128826178920158,0.003387539181858301,0.0032726991921663284,0.0032572440803050997,0.0032612651120871305,predict_proba,0.003098699264228344,0.0032551907934248447,1,15.0,3038.0,10,,0.003385661981690041
100,relu,10,2,"(2,)",skl,0.00015983125194907188,0.006637793034315109,0.00017694896087050438,0.0008332686498761177,0.00016804691404104233,predict,0.00015983125194907188,0.00016480311751365662,1,,,10,1.0,0.004627295502462042
100,relu,10,2,"(2,)",ort,0.0018269829452037811,0.0065786149352788925,0.005224917083978653,0.004344553267583251,0.0045153009705245495,predict,0.0018269829452037811,0.003532188944518566,1,15.0,3038.0,10,,0.0065786149352788925
100,relu,10,2,"(2,)",skl,0.000353408046066761,0.0012053009122610092,0.000565594993531704,0.0005263959523290396,0.00039529288187623024,predict_proba,0.000353408046066761,0.00037212297320365906,1,,,10,1.0,0.0010376021914446061
100,relu,10,2,"(2,)",ort,0.002744157301271272,0.006778538227081299,0.005474819336086512,0.005142289400100708,0.005250750575214624,predict_proba,0.0023144688457250595,0.005236757919192314,1,15.0,3038.0,10,,0.006778538227081299
1,relu,10,2,"(10,)",skl,0.00010046269744634628,0.00016871187835931778,0.00011159991845488548,0.00011175512336194515,0.00010411953553557396,predict,0.00010046269744634628,0.00010224664583802223,1,,,10,1.0,0.00015019694831772937
1,relu,10,2,"(10,)",ort,0.0016040308400988579,0.008478692267090082,0.006409250199794769,0.005379266757518053,0.0051583182066679,predict,0.0016040308400988579,0.004588952288031578,1,15.0,3038.0,10,,0.008478692267090082
1,relu,10,2,"(10,)",skl,9.95248556137085e-05,0.0018313303589820862,0.00019273022189736366,0.0003268904983997345,0.00011146999895572662,predict_proba,9.95248556137085e-05,0.00010409392416477203,1,,,10,1.0,0.001335914624439304
1,relu,10,2,"(10,)",ort,0.0021250341087579727,0.008406167849898338,0.004279193934053183,0.003947611851617694,0.0037132774014025927,predict_proba,0.0021250341087579727,0.0032074577175080776,1,15.0,3038.0,10,,0.007356154343991804
10,relu,10,2,"(10,)",skl,0.000109874177724123,0.00028525199741125107,0.00012732204049825668,0.00013639917597174644,0.00011467374861240387,predict,0.000109874177724123,0.00011342810466885567,1,,,10,1.0,0.0002362391287060859
10,relu,10,2,"(10,)",ort,0.0018684217861217763,0.0033661159686744213,0.0032660909928381443,0.0029853505548089743,0.0032529060263186693,predict,0.0017794156447052956,0.0032483190298080444,1,15.0,3038.0,10,,0.0033661159686744213
10,relu,10,2,"(10,)",skl,0.00011463416740298271,0.0002663140185177326,0.00012553390115499496,0.000135547062382102,0.0001229878980666399,predict_proba,0.00011463416740298271,0.00011833943426609039,1,,,10,1.0,0.00022149219509795705
10,relu,10,2,"(10,)",ort,0.001888038396574141,0.004781392868608236,0.0032801530323922634,0.0032295880373567343,0.003269534558057785,predict_proba,0.0017818277701735497,0.0032612858340144157,1,15.0,3038.0,10,,0.004571137678139327
100,relu,10,2,"(10,)",skl,0.0001505487598478794,0.0017056819051504135,0.00016019213944673538,0.00031125028617680074,0.0001548051368445158,predict,0.0001505487598478794,0.00015210174024105072,1,,,10,1.0,0.001222392860750336
100,relu,10,2,"(10,)",ort,0.0028382381424307823,0.016750949900597334,0.006985052954405546,0.005990326125174761,0.005036676535382867,predict,0.0028382381424307823,0.003834263887256384,1,15.0,3038.0,10,,0.013624470212927392
100,relu,10,2,"(10,)",skl,0.0003873119130730629,0.002575069200247526,0.001310145016759634,0.0009185463655740023,0.000552736921235919,predict_proba,0.0003873119130730629,0.00048714224249124527,1,,,10,1.0,0.002227813696213313
100,relu,10,2,"(10,)",ort,0.0031242077238857746,0.006234482862055302,0.006204486824572086,0.0044451814610511065,0.003744530724361539,predict_proba,0.0031242077238857746,0.003410111181437969,1,15.0,3038.0,10,,0.006234482862055302
1,relu,10,2,"(20,)",skl,0.00010363804176449776,0.0002740910276770592,0.00011595664545893669,0.00012859408743679524,0.00011341390199959278,predict,0.00010363804176449776,0.00010737171396613121,1,,,10,1.0,0.00022497348219324202
1,relu,10,2,"(20,)",ort,0.0018456648103892803,0.00854175304993987,0.008533782325685024,0.0062982029747217895,0.007063802098855376,predict,0.0018456648103892803,0.004389571025967598,1,15.0,3038.0,10,,0.00854175304993987
1,relu,10,2,"(20,)",skl,0.00010678591206669807,0.0029326099902391434,0.0008402508683502674,0.0006851440761238336,0.00023293704725801945,predict_proba,0.00010678591206669807,0.00018719397485256195,1,,,10,1.0,0.0024455859633973035
1,relu,10,2,"(20,)",ort,0.002127968706190586,0.00904913293197751,0.003781501203775406,0.003654534742236137,0.0031334199011325836,predict_proba,0.002127968706190586,0.002954346127808094,1,15.0,3038.0,10,,0.007341559237188301
10,relu,10,2,"(20,)",skl,0.00011446001008152962,0.0002868417650461197,0.00013427622616291046,0.00014031068421900273,0.00011878530494868755,predict,0.00011446001008152962,0.0001178528182208538,1,,,10,1.0,0.0002384468451876175
10,relu,10,2,"(20,)",ort,0.002190734049373767,0.0034414236433804035,0.0033243661746382713,0.003105801297351718,0.003251203801482916,predict,0.0017483620904386044,0.003242712002247572,1,15.0,3038.0,10,,0.0034414236433804035
10,relu,10,2,"(20,)",skl,0.00011464999988675117,0.0002648858353495598,0.0001262882724404335,0.00013583004474639892,0.00012130290269851685,predict_proba,0.00011464999988675117,0.0001189718022942543,1,,,10,1.0,0.0002206449972333232
10,relu,10,2,"(20,)",ort,0.0020783930085599422,0.004515790846198797,0.0037352568469941616,0.0030246162321418526,0.002822370734065771,predict_proba,0.0020783930085599422,0.0023343488574028015,1,15.0,3038.0,10,,0.004515790846198797
100,relu,10,2,"(20,)",skl,0.0003592083230614662,0.006559840869158506,0.0006526689976453781,0.0011118022724986077,0.00045527564361691475,predict,0.0003592083230614662,0.0004051290452480316,1,,,10,1.0,0.004684169671057092
100,relu,10,2,"(20,)",ort,0.0021365582942962646,0.016657412983477116,0.011387375183403492,0.006389386393129826,0.004753374494612217,predict,0.0021365582942962646,0.002583554945886135,1,15.0,3038.0,10,,0.01592573065462872
100,relu,10,2,"(20,)",skl,0.00016241800040006638,0.0038369526155292988,0.0001981649547815323,0.0005576987750828266,0.00016758404672145844,predict_proba,0.00016241800040006638,0.00016601616516709328,1,,,10,1.0,0.002703354933841715
100,relu,10,2,"(20,)",ort,0.00206346670165658,0.011715172324329615,0.006540469825267792,0.004618241777643561,0.0036768626887351274,predict_proba,0.00206346670165658,0.003062510397285223,1,15.0,3038.0,10,,0.010244763224235303
1,relu,10,2,"(2, 2)",skl,0.00010126503184437752,0.00028812792152166367,0.00011271471157670021,0.000125728128477931,0.00010707159526646137,predict,0.00010126503184437752,0.00010618194937705994,1,,,10,1.0,0.00023228982216609128
1,relu,10,2,"(2, 2)",ort,0.0022543682706628546,0.013542401138693094,0.009153102058917284,0.008190601505339146,0.008434197399765253,predict,0.001745292916893959,0.007661989890038967,1,15.0,3038.0,10,,0.013542401138693094
1,relu,10,2,"(2, 2)",skl,0.00010124500840902328,0.00024039717391133308,0.00011608004570007324,0.00012284950353205203,0.000110662542283535,predict_proba,0.00010124500840902328,0.00010679196566343307,1,,,10,1.0,0.00020036477026798348
1,relu,10,2,"(2, 2)",ort,0.0010682794006697768,0.0021827281452715397,0.0021540969610214233,0.0018929116893559694,0.002118469914421439,predict_proba,0.000746989157050848,0.0018838201649487019,1,15.0,3038.0,10,,0.0021827281452715397
10,relu,10,2,"(2, 2)",skl,0.00011342111974954605,0.00025525130331516266,0.00012509198859333992,0.0001329416874796152,0.00011972547508776188,predict,0.00011342111974954605,0.00011561810970306396,1,,,10,1.0,0.00021332425619117676
10,relu,10,2,"(2, 2)",ort,0.0012474078685045242,0.003267291933298111,0.0029745898209512234,0.0022887295577675103,0.0021466815378516912,predict,0.0012474078685045242,0.002134243957698345,1,15.0,3038.0,10,,0.003267291933298111
10,relu,10,2,"(2, 2)",skl,0.00010924693197011948,0.00025803176686167717,0.00012493692338466644,0.00013405820354819297,0.00011956924572587013,predict_proba,0.00010924693197011948,0.00011849915608763695,1,,,10,1.0,0.00021665235299439642
10,relu,10,2,"(2, 2)",ort,0.00223711987772926,0.003266361076384783,0.0032606818713247776,0.0030799630098044873,0.0032476894557476044,predict_proba,0.0018142079934477806,0.0032453788444399834,1,15.0,3038.0,10,,0.003266361076384783
100,relu,10,2,"(2, 2)",skl,0.00033479882404208183,0.007942293770611286,0.00043106311932206154,0.0011608906090259552,0.0003518590237945318,predict,0.00033479882404208183,0.00034999381750822067,1,,,10,1.0,0.005599373535969725
100,relu,10,2,"(2, 2)",ort,0.0029445671718014792,0.006586951203644276,0.0051234629936516285,0.004897885350510478,0.00505885505117476,predict,0.0023066350258886814,0.005052703898400068,1,15.0,3038.0,10,,0.006586951203644276
100,relu,10,2,"(2, 2)",skl,0.0003131781704723835,0.0007820390164852142,0.00033868011087179184,0.00037239142693579197,0.000322411535307765,predict_proba,0.0003131781704723835,0.00031980592757463455,1,,,10,1.0,0.0006415078706473239
100,relu,10,2,"(2, 2)",ort,0.0032589989714324474,0.007846975233405828,0.006350204814225435,0.005668291635811329,0.006335368845611811,predict_proba,0.0032589989714324474,0.004870137199759483,1,15.0,3038.0,10,,0.007846975233405828
1,relu,10,2,"(10, 2)",skl,0.00010077375918626785,0.0002821199595928192,0.00012086471542716026,0.00012780590914189814,0.0001093719620257616,predict,0.00010077375918626785,0.00010315189138054848,1,,,10,1.0,0.00023061341312929058
1,relu,10,2,"(10, 2)",ort,0.0034456782598680626,0.00503606116399169,0.004295838065445423,0.004203884489834308,0.00419825897552073,predict,0.003358225803822279,0.004159445874392986,1,15.0,3038.0,10,,0.004962090719800554
1,relu,10,2,"(10, 2)",skl,0.00010186992585659027,0.00019374163821339607,0.00011073006317019463,0.0001152161043137312,0.0001061286311596632,predict_proba,0.00010186992585659027,0.0001040259376168251,1,,,10,1.0,0.00016701859256552175
1,relu,10,2,"(10, 2)",ort,0.0029117618687450886,0.006237429101020098,0.004654961638152599,0.004096575360745191,0.003869256004691124,predict_proba,0.0029117618687450886,0.00352486502379179,1,15.0,3038.0,10,,0.00589058630150322
10,relu,10,2,"(10, 2)",skl,0.0001124371774494648,0.0002456516958773136,0.00013630371540784836,0.00013666511513292788,0.00012272456660866737,predict,0.0001124371774494648,0.00011664489284157753,1,,,10,1.0,0.00021140396365887338
10,relu,10,2,"(10, 2)",ort,0.003245167899876833,0.009414262138307095,0.009137380868196487,0.00617177952080965,0.006057694088667631,predict,0.003245167899876833,0.0034239119850099087,1,15.0,3038.0,10,,0.009414262138307095
10,relu,10,2,"(10, 2)",skl,0.00010951096192002296,0.0002099289558827877,0.00011772895231842995,0.00012348825111985207,0.00011263415217399597,predict_proba,0.00010951096192002296,0.00011118175461888313,1,,,10,1.0,0.00018058126755139624
10,relu,10,2,"(10, 2)",ort,0.0021111778914928436,0.006261521019041538,0.004320255946367979,0.00390793327242136,0.0037229307927191257,predict_proba,0.0021111778914928436,0.0033519668504595757,1,15.0,3038.0,10,,0.005997837808066873
100,relu,10,2,"(10, 2)",skl,0.0003732009790837765,0.006567177828401327,0.005401529837399721,0.002668475825339556,0.0013975398615002632,predict,0.0003732009790837765,0.0006348141469061375,1,,,10,1.0,0.006567177828401327
100,relu,10,2,"(10, 2)",ort,0.002572111946378304,0.008099012076854706,0.007767172064632177,0.006243689730763435,0.007039005635306239,predict,0.002523711882531643,0.006057768128812313,1,15.0,3038.0,10,,0.008099012076854706
100,relu,10,2,"(10, 2)",skl,0.0001547061838209629,0.003471862990409136,0.0028614518232643604,0.0014895555097609759,0.001215892843902111,predict_proba,0.0001547061838209629,0.0006626560352742672,1,,,10,1.0,0.003471862990409136
100,relu,10,2,"(10, 2)",ort,0.0018848581239581108,0.008286796044558287,0.00532684987410903,0.005067496187984943,0.005073568783700466,predict_proba,0.0018848581239581108,0.005013145972043276,1,15.0,3038.0,10,,0.008286796044558287
1,relu,10,2,"(20, 2)",skl,0.00010361615568399429,0.0002981116995215416,0.0001128287985920906,0.00012815198861062526,0.00010947673581540585,predict,0.00010361615568399429,0.00010770279914140701,1,,,10,1.0,0.000239543886650201
1,relu,10,2,"(20, 2)",ort,0.00277962489053607,0.013952675741165876,0.009529505856335163,0.007197646889835596,0.007585644954815507,predict,0.00277962489053607,0.004274234175682068,1,15.0,3038.0,10,,0.013616800988816662
1,relu,10,2,"(20, 2)",skl,0.00010692328214645386,0.000784813892096281,0.00017113098874688148,0.00020192079246044158,0.00011896668002009392,predict_proba,0.00010692328214645386,0.00011086324229836464,1,,,10,1.0,0.0005926382626410662
1,relu,10,2,"(20, 2)",ort,0.0016724998131394386,0.004429998807609081,0.0021602329798042774,0.0023230491671711205,0.0021437511313706636,predict_proba,0.0016724998131394386,0.0021314560435712337,1,15.0,3038.0,10,,0.003758024618475627
10,relu,10,2,"(20, 2)",skl,0.00011204509064555168,0.0003084377385675907,0.000147875864058733,0.00014223624020814896,0.00011841300874948502,predict,0.00011204509064555168,0.0001140437088906765,1,,,10,1.0,0.00025402266370645895
10,relu,10,2,"(20, 2)",ort,0.0008222353877589106,0.003341322299093008,0.002145380713045597,0.0021016263868659734,0.0021432999055832624,predict,0.00046076998114585876,0.0021336772479116917,1,15.0,3038.0,10,,0.003341322299093008
10,relu,10,2,"(20, 2)",skl,0.00011192215606570244,0.0002595451660454273,0.00012804707512259483,0.0001355397514998913,0.0001234805677086115,predict_proba,0.00011192215606570244,0.00011998089030385017,1,,,10,1.0,0.00021749084989016194
10,relu,10,2,"(20, 2)",ort,0.0011357461940573541,0.002193399239331484,0.0021563018672168255,0.0019448973704129457,0.0021427765022963285,predict_proba,0.001022854819893837,0.002133564092218876,1,15.0,3038.0,10,,0.002193399239331484
100,relu,10,2,"(20, 2)",skl,0.00016123615205287933,0.001899324357509613,0.000196944922208786,0.0003622485790401697,0.00017167860642075539,predict,0.00016123615205287933,0.00016980990767478943,1,,,10,1.0,0.0013713108250612955
100,relu,10,2,"(20, 2)",ort,0.004276188090443611,0.008724557235836983,0.008550907950848341,0.006543819513171911,0.006388889625668526,predict,0.004276188090443611,0.005332416854798794,1,15.0,3038.0,10,,0.008724557235836983
100,relu,10,2,"(20, 2)",skl,0.00016115326434373856,0.005026693921536207,0.00018982868641614914,0.0006763030309230089,0.00016805995255708694,predict_proba,0.00016115326434373856,0.00016489997506141663,1,,,10,1.0,0.0035210277401366377
100,relu,10,2,"(20, 2)",ort,0.0027453280054032803,0.007067439146339893,0.006366182118654251,0.0043884242419153455,0.0032093494664877653,predict_proba,0.0027453280054032803,0.0032050120644271374,1,15.0,3038.0,10,,0.007067439146339893
1,relu,10,5,"(2,)",skl,0.00010511884465813637,0.0008278461173176765,0.0006526070646941662,0.00034866505302488804,0.00021857605315744877,predict,0.00010511884465813637,0.00011142157018184662,1,,,10,1.0,0.0008278461173176765
1,relu,10,5,"(2,)",ort,0.001911270897835493,0.014376681298017502,0.005626085214316845,0.004727207077667117,0.0029101602267473936,predict,0.001911270897835493,0.0027907537296414375,1,15.0,4238.0,10,,0.011579541667597303
1,relu,10,5,"(2,)",skl,0.00010023592039942741,0.0001867520622909069,0.00011515384539961815,0.00011546695604920387,0.00010635098442435265,predict_proba,0.00010023592039942741,0.00010309694334864616,1,,,10,1.0,0.00016382473533648934
1,relu,10,5,"(2,)",ort,0.0030740490183234215,0.01736063463613391,0.0032530720345675945,0.004735335381701589,0.0032410072162747383,predict_proba,0.0030740490183234215,0.0032383613288402557,1,15.0,4238.0,10,,0.013005617997405575
10,relu,10,5,"(2,)",skl,0.00011471379548311234,0.00026767002418637276,0.00013237306848168373,0.00013654516078531742,0.00012145913206040859,predict,0.00011471379548311234,0.00011850288137793541,1,,,10,1.0,0.0002231255531209431
10,relu,10,5,"(2,)",ort,0.002686945538574361,0.0033195181749761105,0.003243809100240469,0.0031394753605127335,0.003239043988287449,predict,0.002550306264311075,0.0032386090606451035,1,15.0,4238.0,10,,0.0033195181749761105
10,relu,10,5,"(2,)",skl,0.00011575501412153244,0.0002717277966439724,0.00013405084609985352,0.00014203470200300217,0.00012564333155751228,predict_proba,0.00011575501412153244,0.00012400327250361443,1,,,10,1.0,0.00022863275564862417
10,relu,10,5,"(2,)",ort,0.0023013680825394595,0.0033438457176089287,0.003265643958002329,0.0031326502561569215,0.0032604949083179235,predict_proba,0.0018633552826941013,0.0032532219775021076,1,15.0,4238.0,10,,0.0033438457176089287
100,relu,10,5,"(2,)",skl,0.00017578201368451118,0.0003939787857234478,0.000189879909157753,0.00020713252015411854,0.00018401816487312317,predict,0.00017578201368451118,0.00018230732530355453,1,,,10,1.0,0.00033074201715576354
100,relu,10,5,"(2,)",ort,0.004276857245713472,0.010608003940433264,0.00853578420355916,0.007132893800735474,0.007841432001441717,predict,0.004276857245713472,0.006413219030946493,1,15.0,4238.0,10,,0.010608003940433264
100,relu,10,5,"(2,)",skl,0.0001818421296775341,0.0028770416975021362,0.00021782098338007927,0.00047959364019334316,0.0001982133835554123,predict_proba,0.0001818421296775341,0.00019558193162083626,1,,,10,1.0,0.002048745508538425
100,relu,10,5,"(2,)",ort,0.0029816031455993652,0.010678885970264673,0.008536452893167734,0.006272246362641454,0.006244772346690297,predict_proba,0.0029816031455993652,0.00427714129909873,1,15.0,4238.0,10,,0.010678885970264673
1,relu,10,5,"(10,)",skl,0.00010411767289042473,0.00038487743586301804,0.00011539412662386894,0.00013710977509617805,0.00010850746184587479,predict,0.00010411767289042473,0.00010750116780400276,1,,,10,1.0,0.00029928958246062975
1,relu,10,5,"(10,)",ort,0.0022305097339811075,0.005805753171443939,0.005004368722438812,0.0042810383252799514,0.00462254649028182,predict,0.0020547439344227314,0.0035753538832068443,1,15.0,4238.0,10,,0.005805753171443939
1,relu,10,5,"(10,)",skl,0.00010808790102601051,0.0002481783740222454,0.00011840369552373886,0.00012695034965872764,0.00011250842362642288,predict_proba,0.00010808790102601051,0.00010977592319250107,1,,,10,1.0,0.00020684354500837433
1,relu,10,5,"(10,)",ort,0.0023149847984313965,0.00887865386903286,0.0055223689414560795,0.004462681803852319,0.003244321560487151,predict_proba,0.0023149847984313965,0.0032414160668849945,1,15.0,4238.0,10,,0.008278954730590265
10,relu,10,5,"(10,)",skl,0.00011398270726203918,0.00026591774076223373,0.0001296042464673519,0.00013676495291292667,0.00012076785787940025,predict,0.00011398270726203918,0.00011856667697429657,1,,,10,1.0,0.00022239429624362655
10,relu,10,5,"(10,)",ort,0.0027028340943104105,0.003394457045942545,0.0032570981420576572,0.0031811351887881755,0.0032380404882133007,predict,0.00246275682002306,0.003234902396798134,1,15.0,4238.0,10,,0.003394457045942545
10,relu,10,5,"(10,)",skl,0.00011525722220540047,0.0002628900110721588,0.0001297052949666977,0.0001384647563099861,0.0001251304056495428,predict_proba,0.00011525722220540047,0.0001244829036295414,1,,,10,1.0,0.00022056240861628116
10,relu,10,5,"(10,)",ort,0.0032449611462652683,0.0033056149259209633,0.003264488186687231,0.003262830665335059,0.003260493976995349,predict_proba,0.0032449611462652683,0.003256486728787422,1,15.0,4238.0,10,,0.0032946479179070303
100,relu,10,5,"(10,)",skl,0.00038744276389479637,0.006544550880789757,0.0006398577243089676,0.0011027428787201642,0.0004269564524292946,predict,0.00038744276389479637,0.00041227228939533234,1,,,10,1.0,0.0046698292783603525
100,relu,10,5,"(10,)",ort,0.0023661206029123995,0.009751713834702969,0.00705527700483799,0.006052725482732058,0.005819889949634671,predict,0.002084104809910059,0.005430224351584911,1,15.0,4238.0,10,,0.009739330362551715
100,relu,10,5,"(10,)",skl,0.0003963620401918888,0.001226913183927536,0.0006309757009148598,0.0005730908364057541,0.0004515827167779207,predict_proba,0.0003963620401918888,0.0004120906814932823,1,,,10,1.0,0.001070525129019438
100,relu,10,5,"(10,)",ort,0.00014516478404402733,0.005039706826210022,0.004485453013330698,0.0017222796566784381,0.00017093750648200512,predict_proba,0.00014516478404402733,0.00014596804976463318,1,15.0,4238.0,10,,0.005039706826210022
1,relu,10,5,"(20,)",skl,0.0001066909171640873,0.0009750677272677422,0.0005179280415177345,0.00030629970133304595,0.00012557674199342728,predict,0.0001066909171640873,0.00011450983583927155,1,,,10,1.0,0.000897956512244179
1,relu,10,5,"(20,)",ort,0.0020407801494002342,0.010832976084202528,0.003585867118090391,0.004265680816024542,0.003031441243365407,predict,0.0020407801494002342,0.0024546822533011436,1,15.0,4238.0,10,,0.01055111473543634
1,relu,10,5,"(20,)",skl,0.00010435609146952629,0.0004843641072511673,0.00012573599815368652,0.00016049095429480076,0.0001141582615673542,predict_proba,0.00010435609146952629,0.00010989094153046608,1,,,10,1.0,0.00038210871200163824
1,relu,10,5,"(20,)",ort,0.0014425539411604404,0.009207142051309347,0.002535218372941017,0.00282487696968019,0.0021068560890853405,predict_proba,0.0014425539411604404,0.0020577418617904186,1,15.0,4238.0,10,,0.007054552274324793
10,relu,10,5,"(20,)",skl,0.00011248234659433365,0.00027014175429940224,0.00012699328362941742,0.00013653417117893697,0.00011778948828577995,predict,0.00011248234659433365,0.0001168171875178814,1,,,10,1.0,0.00022675354238008556
10,relu,10,5,"(20,)",ort,0.0019517051182638293,0.0033905962482094765,0.0032520992681384087,0.0029536833986639976,0.003241052618250251,predict,0.0019456190057098866,0.0032274918630719185,1,15.0,4238.0,10,,0.0033905962482094765
10,relu,10,5,"(20,)",skl,0.00011425185948610306,0.0002554343082010746,0.00012734299525618553,0.00013526109978556633,0.00012209010310471058,predict_proba,0.00011425185948610306,0.00011930800974369049,1,,,10,1.0,0.00021442180769492566
10,relu,10,5,"(20,)",ort,0.002161747897992227,0.0033498001284897327,0.0032982309348881245,0.0031182547099888325,0.0032680050935596228,predict_proba,0.0016568549908697605,0.0032587312161922455,1,15.0,4238.0,10,,0.0033498001284897327
100,relu,10,5,"(20,)",skl,0.0001649339683353901,0.00035655777901411057,0.00017853593453764915,0.0001900864765048027,0.0001701158471405506,predict,0.0001649339683353901,0.00016852980479598045,1,,,10,1.0,0.0002993965639505435
100,relu,10,5,"(20,)",ort,0.0038044359534978867,0.006185290869325399,0.005839731078594923,0.005106161767616868,0.005148247815668583,predict,0.0038044359534978867,0.004992173984646797,1,15.0,4238.0,10,,0.006185290869325399
100,relu,10,5,"(20,)",skl,0.00016416329890489578,0.0030188942328095436,0.00017654197290539742,0.0004568569362163544,0.00017140363343060017,predict_proba,0.00016416329890489578,0.0001695128157734871,1,,,10,1.0,0.0021307682674019572
100,relu,10,5,"(20,)",ort,0.0036766030825674534,0.007868152111768723,0.005997017957270145,0.005455610435456037,0.005071633728221059,predict_proba,0.0036766030825674534,0.004742586985230446,1,15.0,4238.0,10,,0.007868152111768723
1,relu,10,5,"(2, 2)",skl,0.00010366784408688545,0.00039042485877871513,0.00011708168312907219,0.00013863584026694298,0.00010961899533867836,predict,0.00010366784408688545,0.00010545086115598679,1,,,10,1.0,0.00030365122101937657
1,relu,10,5,"(2, 2)",ort,0.0013133645989000797,0.005300845950841904,0.003511867020279169,0.0030509138945490123,0.00314619904384017,predict,0.0013133645989000797,0.0021110549569129944,1,15.0,4238.0,10,,0.005300845950841904
1,relu,10,5,"(2, 2)",skl,0.00010078493505716324,0.00023885676637291908,0.00011819321662187576,0.00012159300968050957,0.00010805740021169186,predict_proba,0.00010078493505716324,0.00010318215936422348,1,,,10,1.0,0.00019939465319725766
1,relu,10,5,"(2, 2)",ort,0.0004992950707674026,0.008797270711511374,0.005147160962224007,0.003473267611116171,0.0024687752593308687,predict_proba,0.0004992950707674026,0.0018119518645107746,1,15.0,4238.0,10,,0.008561598886216007
10,relu,10,5,"(2, 2)",skl,0.00011712033301591873,0.00028083333745598793,0.00012561306357383728,0.0001378187909722328,0.00012091104872524738,predict,0.00011712033301591873,0.00011995388194918633,1,,,10,1.0,0.00023167858568043452
10,relu,10,5,"(2, 2)",ort,0.0012681057209679198,0.002498249989002943,0.0021125921048223972,0.001994830695912242,0.0020988427568227053,predict,0.0009956876747310162,0.0020646597258746624,1,15.0,4238.0,10,,0.002498249989002943
10,relu,10,5,"(2, 2)",skl,0.00011325301602482796,0.000199213158339262,0.00012581190094351768,0.0001286453101783991,0.00012131151743233204,predict_proba,0.00011325301602482796,0.00011924002319574356,1,,,10,1.0,0.00017527390491946078
10,relu,10,5,"(2, 2)",ort,0.000975088957023547,0.002238782122731209,0.0021439450792968273,0.001955761527642608,0.002117315772920847,predict_proba,0.00046439841389656067,0.0021058861166238785,1,15.0,4238.0,10,,0.002238782122731209
100,relu,10,5,"(2, 2)",skl,0.0003741220571100712,0.010625272989273071,0.0008634510450065136,0.0022809118032455443,0.0004842570051550865,predict,0.0003741220571100712,0.00040928181260824203,1,,,10,1.0,0.009336858772452952
100,relu,10,5,"(2, 2)",ort,0.003114079125225544,0.009643064811825752,0.007118293084204197,0.005442043347284198,0.005120773799717426,predict,0.003114079125225544,0.0036387313157320023,1,15.0,4238.0,10,,0.009579647562211148
100,relu,10,5,"(2, 2)",skl,0.00037995772436261177,0.008911257144063711,0.0006732707843184471,0.0013309759553521872,0.0004142171237617731,predict_proba,0.00037995772436261177,0.0003955969586968422,1,,,10,1.0,0.006291265677734235
100,relu,10,5,"(2, 2)",ort,0.0028727352619171143,0.012448545079678297,0.007248610258102417,0.00626606224104762,0.006105052074417472,predict_proba,0.0028727352619171143,0.003591899760067463,1,15.0,4238.0,10,,0.012448545079678297
1,relu,10,5,"(10, 2)",skl,0.00010065734386444092,0.00020563695579767227,0.00011385511606931686,0.00011716135777533055,0.00010551000013947487,predict,0.00010065734386444092,0.00010277004912495613,1,,,10,1.0,0.00017639891250556352
1,relu,10,5,"(10, 2)",ort,0.0030391444452106953,0.006327616982161999,0.005992806050926447,0.004669335624203086,0.004929231945425272,predict,0.0030391444452106953,0.003328660037368536,1,15.0,4238.0,10,,0.006327616982161999
1,relu,10,5,"(10, 2)",skl,0.00010034581646323204,0.0009163860231637955,0.00011368701234459877,0.00019623530097305774,0.00010741176083683968,predict_proba,0.00010034581646323204,0.00010610418394207954,1,,,10,1.0,0.0006692270121503323
1,relu,10,5,"(10, 2)",ort,0.0021062628366053104,0.006379715166985989,0.004209027159959078,0.003479281533509493,0.0031587209086865187,predict_proba,0.0021062628366053104,0.0030497810803353786,1,15.0,4238.0,10,,0.0057772758871062375
10,relu,10,5,"(10, 2)",skl,0.00011572381481528282,0.00030291778966784477,0.000126006081700325,0.00013989810831844808,0.00012257974594831467,predict,0.00011572381481528282,0.00011920090764760971,1,,,10,1.0,0.0002467001762122109
10,relu,10,5,"(10, 2)",ort,0.0022226603522476854,0.003349410369992256,0.0032476247288286686,0.003105443250387907,0.0032448098063468933,predict,0.001757688820362091,0.0032386062666773796,1,15.0,4238.0,10,,0.003349410369992256
10,relu,10,5,"(10, 2)",skl,0.00011975690722465515,0.00026209093630313873,0.00012866081669926643,0.00013789660297334195,0.00012303004041314125,predict_proba,0.00011975690722465515,0.0001218118704855442,1,,,10,1.0,0.00021942915867431673
10,relu,10,5,"(10, 2)",ort,0.0032688467763364315,0.004131107125431299,0.0033237263560295105,0.0033915734384208918,0.003300248645246029,predict_proba,0.0032688467763364315,0.0032901340164244175,1,15.0,4238.0,10,,0.0038815387959096927
100,relu,10,5,"(10, 2)",skl,0.00017554592341184616,0.00042884470894932747,0.00018887082114815712,0.00020861756056547164,0.0001830065157264471,predict,0.00017554592341184616,0.00017886003479361534,1,,,10,1.0,0.0003536003730423371
100,relu,10,5,"(10, 2)",ort,0.0034437081776559353,0.017722733784466982,0.006422321777790785,0.0061854174826294185,0.004807634511962533,predict,0.0034437081776559353,0.004506307654082775,1,15.0,4238.0,10,,0.013960901930424804
100,relu,10,5,"(10, 2)",skl,0.00041620200499892235,0.0031501692719757557,0.0009352816268801689,0.0009329581633210182,0.0005146276671439409,predict_proba,0.00041620200499892235,0.00046382611617445946,1,,,10,1.0,0.0025745043674621606
100,relu,10,5,"(10, 2)",ort,0.0028679678216576576,0.006680278107523918,0.005927123129367828,0.005000179260969162,0.005722110392525792,predict_proba,0.0028679678216576576,0.003938029985874891,1,15.0,4238.0,10,,0.006680278107523918
1,relu,10,5,"(20, 2)",skl,0.00010086502879858017,0.0002421787939965725,0.0001161857508122921,0.00012297220528125762,0.00010990560986101627,predict,0.00010086502879858017,0.00010645203292369843,1,,,10,1.0,0.0002017496458769379
1,relu,10,5,"(20, 2)",ort,0.006093412172049284,0.01046287501230836,0.0075862351804971695,0.006999819446355105,0.00614134781062603,predict,0.006093412172049284,0.006122257094830275,1,15.0,4238.0,10,,0.009608114826937119
1,relu,10,5,"(20, 2)",skl,0.00010391324758529663,0.0002301940694451332,0.00011478224769234657,0.00012231376022100448,0.00011078058741986752,predict_proba,0.00010391324758529663,0.00010730093345046043,1,,,10,1.0,0.00019334527363842424
1,relu,10,5,"(20, 2)",ort,0.0017490629106760025,0.010509288869798183,0.004084614105522633,0.0038683869410306216,0.0030602174811065197,predict_proba,0.0017490629106760025,0.0023801177740097046,1,15.0,4238.0,10,,0.008755962234887237
10,relu,10,5,"(20, 2)",skl,0.00011167768388986588,0.000747723039239645,0.0001606922596693039,0.00019019264727830886,0.00011873547919094563,predict,0.00011167768388986588,0.00011405861005187035,1,,,10,1.0,0.0005570596395135421
10,relu,10,5,"(20, 2)",ort,0.0019546786841319642,0.004722584970295429,0.0032530617900192738,0.0032527510542422534,0.0032492736354470253,predict,0.0017623691819608212,0.003245580941438675,1,15.0,4238.0,10,,0.0045508234243525425
10,relu,10,5,"(20, 2)",skl,0.00011780811473727226,0.00025871628895401955,0.0001263967715203762,0.00013690241612493992,0.00012301700189709663,predict_proba,0.00011780811473727226,0.00012134900316596031,1,,,10,1.0,0.00021703005929179343
10,relu,10,5,"(20, 2)",ort,0.0032567190937697887,0.003321188036352396,0.0032798219472169876,0.0032752098515629767,0.0032704719342291355,predict_proba,0.0032567190937697887,0.0032692509703338146,1,15.0,4238.0,10,,0.0033078184701380822
100,relu,10,5,"(20, 2)",skl,0.0003865528851747513,0.006515164859592915,0.0006281216628849506,0.0011005826760083436,0.00043163145892322063,predict,0.0003865528851747513,0.0004059150815010071,1,,,10,1.0,0.004650357328459166
100,relu,10,5,"(20, 2)",ort,0.0031769820488989353,0.009995470754802227,0.005575053859502077,0.00559652904048562,0.005182900466024876,predict,0.0031769820488989353,0.005141071975231171,1,15.0,4238.0,10,,0.008845035043767647
100,relu,10,5,"(20, 2)",skl,0.00037576211616396904,0.002711615990847349,0.000631675124168396,0.0007179852109402418,0.000442704651504755,predict_proba,0.00037576211616396904,0.0003958153538405895,1,,,10,1.0,0.002054777372232238
100,relu,10,5,"(20, 2)",ort,0.0023226910270750523,0.010907595045864582,0.005354603752493858,0.005522419884800911,0.005297473631799221,predict_proba,0.0023226910270750523,0.005284949205815792,1,15.0,4238.0,10,,0.009713041663528921
1,relu,10,10,"(2,)",skl,0.0001029791310429573,0.00018285121768712997,0.0001119440421462059,0.00011507077142596245,0.00010679266415536404,predict,0.0001029791310429573,0.0001054820604622364,1,,,10,1.0,0.00016012605127191384
1,relu,10,10,"(2,)",ort,0.0001078587956726551,0.011218442115932703,0.0075601208955049515,0.005264601018279791,0.004154483787715435,predict,0.0001078587956726551,0.0029774480499327183,1,15.0,6238.0,10,,0.011218442115932703
1,relu,10,10,"(2,)",skl,0.00010338611900806427,0.00021257717162370682,0.00011258106678724289,0.00012004864402115345,0.00010726950131356716,predict_proba,0.00010338611900806427,0.00010621687397360802,1,,,10,1.0,0.00018236487830479244
1,relu,10,10,"(2,)",ort,0.0014987122267484665,0.01326411310583353,0.004029851872473955,0.003969954233616591,0.0030903525184839964,predict_proba,0.0014987122267484665,0.002824431750923395,1,15.0,6238.0,10,,0.010305245866230044
10,relu,10,10,"(2,)",skl,0.00013934029266238213,0.000294277910143137,0.00015740981325507164,0.00016198218800127505,0.00014436617493629456,predict,0.00013934029266238213,0.00014319969341158867,1,,,10,1.0,0.00024963088279983636
10,relu,10,10,"(2,)",ort,0.0017891145622016655,0.003611388150602579,0.0032980209216475487,0.0030183976516127585,0.003260767785832286,predict,0.0015426119789481163,0.0032516922801733017,1,15.0,6238.0,10,,0.003611388150602579
10,relu,10,10,"(2,)",skl,0.0001439722254872322,0.00028524501249194145,0.00015618093311786652,0.00016852407716214657,0.00014834431931376457,predict_proba,0.0001439722254872322,0.00014632521197199821,1,,,10,1.0,0.0002535338487297019
10,relu,10,10,"(2,)",ort,0.0032682809978723526,0.0033331597223877907,0.0032874341122806072,0.003286954015493393,0.003281946526840329,predict_proba,0.0032682809978723526,0.003277088049799204,1,15.0,6238.0,10,,0.003323010850004691
100,relu,10,10,"(2,)",skl,0.00040782196447253227,0.000642252154648304,0.0004282752051949501,0.00043917237780988216,0.0004112944006919861,predict,0.00040782196447253227,0.0004103449173271656,1,,,10,1.0,0.0005738836858717726
100,relu,10,10,"(2,)",ort,0.006384286098182201,0.018480572383850813,0.010245887096971273,0.009955435479059815,0.00967184896580875,predict,0.006384286098182201,0.00936023099347949,1,15.0,6238.0,10,,0.016662854235795856
100,relu,10,10,"(2,)",skl,0.0011916207149624825,0.00816251989454031,0.0016585863195359707,0.0023625653702765703,0.0013431468978524208,predict_proba,0.0011916207149624825,0.0012952112592756748,1,,,10,1.0,0.006578621484793425
100,relu,10,10,"(2,)",ort,0.005778193939477205,0.016360904090106487,0.01281452039256692,0.010337854688987135,0.009610384004190564,predict_proba,0.005778193939477205,0.00794923072680831,1,15.0,6238.0,10,,0.016360904090106487
1,relu,10,10,"(10,)",skl,0.00010703923180699348,0.00021497299894690514,0.00012234365567564964,0.00012622210197150708,0.00011445512063801289,predict,0.00010703923180699348,0.00011321995407342911,1,,,10,1.0,0.00018662288880477162
1,relu,10,10,"(10,)",ort,0.0030067432671785355,0.012640831060707569,0.0058664060197770596,0.006126169674098491,0.005762284155935049,predict,0.0030067432671785355,0.005725744646042585,1,15.0,6238.0,10,,0.010687383172764754
1,relu,10,10,"(10,)",skl,0.0001064562238752842,0.00019501429051160812,0.00011535175144672394,0.00011951853521168232,0.00011074845679104328,predict_proba,0.0001064562238752842,0.00010909372940659523,1,,,10,1.0,0.00016936968385792417
1,relu,10,10,"(10,)",ort,0.003234843723475933,0.007601435296237469,0.0043962192721664906,0.004091050429269672,0.003244444029405713,predict_proba,0.003234843723475933,0.0032425937242805958,1,15.0,6238.0,10,,0.006722093013753101
10,relu,10,10,"(10,)",skl,0.00014413287863135338,0.0002837260253727436,0.00016096094623208046,0.00016527576372027397,0.00015262281522154808,predict,0.00014413287863135338,0.00014700321480631828,1,,,10,1.0,0.00024372248152914602
10,relu,10,10,"(10,)",ort,0.0019677462942760625,0.0047532301396131516,0.003307411912828684,0.003278219373896718,0.00326222600415349,predict,0.0017684162594377995,0.003252027090638876,1,15.0,6238.0,10,,0.004588692453517373
10,relu,10,10,"(10,)",skl,0.00014581438153982162,0.0002924869768321514,0.00015926267951726913,0.00016698646359145642,0.0001540642697364092,predict_proba,0.00014581438153982162,0.00015038484707474709,1,,,10,1.0,0.0002497639176223653
10,relu,10,10,"(10,)",ort,0.0032566459849476814,0.0033831149339675903,0.003308267332613468,0.0032950797118246554,0.003270679386332631,predict_proba,0.0032566459849476814,0.0032660258002579212,1,15.0,6238.0,10,,0.0033794631248138577
100,relu,10,10,"(10,)",skl,0.0014591440558433533,0.006808120757341385,0.0015557259321212769,0.0021799495443701744,0.0015137761365622282,predict,0.0014591440558433533,0.0015012677758932114,1,,,10,1.0,0.0053189103196944355
100,relu,10,10,"(10,)",ort,0.006334980949759483,0.016626696102321148,0.013684386853128672,0.009720716206356884,0.007681326707825065,predict,0.006334980949759483,0.006380710285156965,1,15.0,6238.0,10,,0.016626696102321148
100,relu,10,10,"(10,)",skl,0.0014321240596473217,0.005859043914824724,0.0015627951361238956,0.002061340492218733,0.0014644446782767773,predict_proba,0.0014321240596473217,0.0014553740620613098,1,,,10,1.0,0.0046936602610164685
100,relu,10,10,"(10,)",ort,0.006247181911021471,0.021489160135388374,0.01121078571304679,0.010039671137928963,0.009119859896600246,predict_proba,0.006247181911021471,0.00708424998447299,1,15.0,6238.0,10,,0.018567482479042233
1,relu,10,10,"(20,)",skl,0.00010107504203915596,0.0012787519954144955,0.00013892073184251785,0.00024208086542785168,0.00011408491991460323,predict,0.00010107504203915596,0.00011032307520508766,1,,,10,1.0,0.0009227754934738613
1,relu,10,10,"(20,)",ort,0.0015659630298614502,0.012929402757436037,0.006523007061332464,0.005116020422428846,0.0034137305337935686,predict,0.0015659630298614502,0.002764325123280287,1,15.0,6238.0,10,,0.012811615679176935
1,relu,10,10,"(20,)",skl,0.0001215469092130661,0.00028215115889906883,0.0001609870232641697,0.00015842942520976066,0.00014368398115038872,predict_proba,0.0001215469092130661,0.00014044390991330147,1,,,10,1.0,0.00024616155669725454
1,relu,10,10,"(20,)",ort,0.001523975282907486,0.014652818907052279,0.0033663692884147167,0.003967177355661988,0.0030563196633011103,predict_proba,0.001523975282907486,0.002744551282376051,1,15.0,6238.0,10,,0.0111620852414401
10,relu,10,10,"(20,)",skl,0.00012031709775328636,0.0002586590126156807,0.00013326434418559074,0.00013976315967738627,0.00012549106031656265,predict,0.00012031709775328636,0.00012218067422509193,1,,,10,1.0,0.000218222912561877
10,relu,10,10,"(20,)",ort,0.0018264907792119262,0.004824264906346798,0.0032971492037177086,0.0034143972676247357,0.0032465558033436537,predict,0.0017928429879248142,0.0032422090880572796,1,15.0,6238.0,10,,0.004824264906346798
10,relu,10,10,"(20,)",skl,0.00011465698480606079,0.00025279587134718895,0.00012980401515960693,0.00013742465525865555,0.00012401677668094635,predict_proba,0.00011465698480606079,0.00012069195508956909,1,,,10,1.0,0.0002147992846250567
10,relu,10,10,"(20,)",ort,0.0032500908710062504,0.003366679884493351,0.0032948157750070095,0.0032878628466278315,0.003282047575339675,predict_proba,0.0032500908710062504,0.0032783150672912598,1,15.0,6238.0,10,,0.003349978526019522
100,relu,10,10,"(20,)",skl,0.00017904676496982574,0.00037700310349464417,0.00019155722111463547,0.0002068975940346718,0.00018538674339652061,predict,0.00017904676496982574,0.00018485914915800095,1,,,10,1.0,0.00031953238874915703
100,relu,10,10,"(20,)",ort,9.483005851507187e-05,0.01890126569196582,0.01227240962907672,0.008678278047591447,0.010157375829294324,predict,9.483005851507187e-05,0.006025791168212891,1,15.0,6238.0,10,,0.01890126569196582
100,relu,10,10,"(20,)",skl,0.0001806439831852913,0.00877724913880229,0.0003656516782939434,0.00116844498552382,0.00018792529590427876,predict_proba,0.0001806439831852913,0.00018297694623470306,1,,,10,1.0,0.00617633258476301
100,relu,10,10,"(20,)",ort,0.00014705490320920944,0.0003044670447707176,0.0001530512236058712,0.00016572163440287113,0.00014915340580046177,predict_proba,0.00014705490320920944,0.00014849519357085228,1,15.0,6238.0,10,,0.0002565945998743159
1,relu,10,10,"(2, 2)",skl,0.00010141078382730484,0.00016743317246437073,0.00011175591498613358,0.00011336123570799827,0.00010723457671701908,predict,0.00010141078382730484,0.00010564224794507027,1,,,10,1.0,0.00014972827133782912
1,relu,10,10,"(2, 2)",ort,0.0023587821051478386,0.016600503120571375,0.01260523870587349,0.008477555913850665,0.008626006543636322,predict,0.0023587821051478386,0.006355614867061377,1,15.0,6238.0,10,,0.016600503120571375
1,relu,10,10,"(2, 2)",skl,0.00010345783084630966,0.0017935489304363728,0.0001527988351881504,0.00028903628699481485,0.00011030747555196285,predict_proba,0.00010345783084630966,0.00010737311094999313,1,,,10,1.0,0.0012732835397258374
1,relu,10,10,"(2, 2)",ort,0.003234419971704483,0.0033408082090318203,0.0032877670601010323,0.0032699336297810078,0.003263412043452263,predict_proba,0.003234419971704483,0.0032594511285424232,1,15.0,6238.0,10,,0.0033287626083714585
10,relu,10,10,"(2, 2)",skl,0.00011499132961034775,0.00025736819952726364,0.0001275753602385521,0.00013577025383710862,0.00012374320067465305,predict,0.00011499132961034775,0.00012058299034833908,1,,,10,1.0,0.00021563401919871936
10,relu,10,10,"(2, 2)",ort,0.0032380279153585434,0.0033386992290616035,0.00327833229675889,0.0032617727760225535,0.0032494456972926855,predict,0.0032380279153585434,0.0032425359822809696,1,15.0,6238.0,10,,0.003319648207400981
10,relu,10,10,"(2, 2)",skl,0.00011654198169708252,0.00026409514248371124,0.00012854905799031258,0.00013742968440055847,0.00012306729331612587,predict_proba,0.00011654198169708252,0.00012166285887360573,1,,,10,1.0,0.00022062183752409017
10,relu,10,10,"(2, 2)",ort,0.0032518329098820686,0.003448889125138521,0.0033014407381415367,0.003297686856240034,0.0032815004233270884,predict_proba,0.0032518329098820686,0.0032791527919471264,1,15.0,6238.0,10,,0.0034021203563071164
100,relu,10,10,"(2, 2)",skl,0.0013276571407914162,0.015581533778458834,0.00149183114990592,0.002823380101472139,0.0013885719235986471,predict,0.0013276571407914162,0.001363349612802267,1,,,10,1.0,0.011160416727223371
100,relu,10,10,"(2, 2)",ort,0.005080399103462696,0.01461432408541441,0.013169546145945787,0.01005623284727335,0.010880298679694533,predict,0.005080399103462696,0.0076913246884942055,1,15.0,6238.0,10,,0.01461432408541441
100,relu,10,10,"(2, 2)",skl,0.0012338059023022652,0.016498757991939783,0.0016167298890650272,0.0029436588287353516,0.0014251142274588346,predict_proba,0.0012338059023022652,0.001390234101563692,1,,,10,1.0,0.01180370068795227
100,relu,10,10,"(2, 2)",ort,0.004945660941302776,0.014940109103918076,0.013395253103226423,0.01044338452629745,0.011388488346710801,predict_proba,0.004945660941302776,0.008867550641298294,1,15.0,6238.0,10,,0.014940109103918076
1,relu,10,10,"(10, 2)",skl,0.00010584993287920952,0.0002944059669971466,0.00012314226478338242,0.00013181772083044053,0.00011431053280830383,predict,0.00010584993287920952,0.00010914681479334831,1,,,10,1.0,0.00023868265202119131
1,relu,10,10,"(10, 2)",ort,0.0030931909568607807,0.008516599889844656,0.008074257057160139,0.005920014809817076,0.0051570311188697815,predict,0.0030931909568607807,0.0047092013992369175,1,15.0,6238.0,10,,0.008516599889844656
1,relu,10,10,"(10, 2)",skl,0.00011044694110751152,0.001784452237188816,0.00019545992836356163,0.00034122983925044537,0.00013179518282413483,predict_proba,0.00011044694110751152,0.00011838739737868309,1,,,10,1.0,0.001318630594965725
1,relu,10,10,"(10, 2)",ort,0.0031470488756895065,0.009206667076796293,0.0036781546659767628,0.003931235242635012,0.0032427487894892693,predict_proba,0.0031470488756895065,0.003240511752665043,1,15.0,6238.0,10,,0.007403525600677909
10,relu,10,10,"(10, 2)",skl,0.00011844420805573463,0.0002638096921145916,0.00013022590428590775,0.00013847225345671178,0.00012449058704078197,predict,0.00011844420805573463,0.00012315576896071434,1,,,10,1.0,0.0002208449612712379
10,relu,10,10,"(10, 2)",ort,0.001950124846913833,0.004815695807337761,0.003265014849603176,0.0032707332167774437,0.0032613403163850307,predict,0.0018039466813206673,0.003254225943237543,1,15.0,6238.0,10,,0.004591341586641054
10,relu,10,10,"(10, 2)",skl,0.00011992687359452248,0.00029348116368055344,0.0001338338479399681,0.00014285589568316937,0.0001249341294169426,predict_proba,0.00011992687359452248,0.0001239348202943802,1,,,10,1.0,0.00024170410306443497
10,relu,10,10,"(10, 2)",ort,0.001786211971193552,0.004793858155608177,0.0032828552648425102,0.003276441153138876,0.0032760670874267817,predict_proba,0.001786211971193552,0.0032685971818864346,1,15.0,6238.0,10,,0.004793858155608177
100,relu,10,10,"(10, 2)",skl,0.0001727920025587082,0.0017312956042587757,0.0001811012625694275,0.00033385623246431353,0.00017655687406659126,predict,0.0001727920025587082,0.0001751747913658619,1,,,10,1.0,0.0012469559853356702
100,relu,10,10,"(10, 2)",ort,0.0053406828083097935,0.014841996133327484,0.013065750245004892,0.010377346305176616,0.010396950645372272,predict,0.0053406828083097935,0.008937160018831491,1,15.0,6238.0,10,,0.014841996133327484
100,relu,10,10,"(10, 2)",skl,0.00017549796029925346,0.0020804698579013348,0.00018830224871635437,0.0003805378451943398,0.00018031196668744087,predict_proba,0.00017549796029925346,0.00017841486260294914,1,,,10,1.0,0.001492838783849234
100,relu,10,10,"(10, 2)",ort,0.004286622162908316,0.013702313881367445,0.012645395006984472,0.009854484163224698,0.010469577508047223,predict_proba,0.004286622162908316,0.010415618307888508,1,15.0,6238.0,10,,0.013702313881367445
1,relu,10,10,"(20, 2)",skl,0.00010494794696569443,0.00020706187933683395,0.00011508306488394737,0.00012043425813317299,0.00011104089207947254,predict,0.00010494794696569443,0.00010925112292170525,1,,,10,1.0,0.0001775960795981187
1,relu,10,10,"(20, 2)",ort,0.004488441161811352,0.014408377930521965,0.009438153821974993,0.008187672216445207,0.008034956874325871,predict,0.004488441161811352,0.006092564668506384,1,15.0,6238.0,10,,0.013847783192071528
1,relu,10,10,"(20, 2)",skl,0.00011090561747550964,0.00025173788890242577,0.0001196158118546009,0.0001302164513617754,0.00011516502127051353,predict_proba,0.00011090561747550964,0.00011498434469103813,1,,,10,1.0,0.00021027890555713242
1,relu,10,10,"(20, 2)",ort,0.003245522268116474,0.003331081010401249,0.003276918549090624,0.0032673029694706202,0.003258861368522048,predict_proba,0.003245522268116474,0.00325465714558959,1,15.0,6238.0,10,,0.003314224980344681
10,relu,10,10,"(20, 2)",skl,0.00015254318714141846,0.0002957787364721298,0.00016879476606845856,0.0001734487246721983,0.00015866314060986042,predict,0.00015254318714141846,0.0001544170081615448,1,,,10,1.0,0.00025462196428479076
10,relu,10,10,"(20, 2)",ort,0.003256706055253744,0.003381463699042797,0.0032796459272503853,0.0032805688213557007,0.0032689140643924475,predict,0.003256706055253744,0.0032645007595419884,1,15.0,6238.0,10,,0.003350009672121394
10,relu,10,10,"(20, 2)",skl,0.000152509193867445,0.00030617788434028625,0.00016797613352537155,0.0001767945010215044,0.00016513443551957607,predict_proba,0.000152509193867445,0.00016474397853016853,1,,,10,1.0,0.00026227817699325844
10,relu,10,10,"(20, 2)",ort,0.0027857448744134134,0.0033395099453628063,0.0032827332615852356,0.0032089938875287773,0.0032728074584156275,predict_proba,0.0025644819252192974,0.003270561806857586,1,15.0,6238.0,10,,0.0033395099453628063
100,relu,10,10,"(20, 2)",skl,0.0016842619515955448,0.006898683961480856,0.001784732099622488,0.0022475903388112783,0.0017124633304774761,predict,0.0016842619515955448,0.001706399954855442,1,,,10,1.0,0.0052873021136969345
100,relu,10,10,"(20, 2)",ort,0.00599242839962244,0.01524420827627182,0.010798381175845861,0.00959287998266518,0.009391771629452705,predict,0.00599242839962244,0.0075804912485182285,1,15.0,6238.0,10,,0.01524420827627182
100,relu,10,10,"(20, 2)",skl,0.0006186841055750847,0.006406201981008053,0.0007893550209701061,0.001462641591206193,0.0006512566469609737,predict_proba,0.0006186841055750847,0.0006385310553014278,1,,,10,1.0,0.004956096867377104
100,relu,10,10,"(20, 2)",ort,0.00593191385269165,0.02511542523279786,0.013838245067745447,0.011380218202248216,0.009024264523759484,predict_proba,0.00593191385269165,0.006431820336729288,1,15.0,6238.0,10,,0.023229820177268126
1,logistic,10,2,"(2,)",skl,0.00010397890582680702,0.00034284917637705803,0.00011775270104408264,0.00013542813248932362,0.00011060759425163269,predict,0.00010397890582680702,0.0001092301681637764,1,,,10,1.0,0.0002718167633784303
1,logistic,10,2,"(2,)",ort,0.003190264105796814,0.0065640113316476345,0.006409021094441414,0.004648292297497391,0.004199691582471132,predict,0.003190264105796814,0.0033724000677466393,1,15.0,3038.0,10,,0.0065640113316476345
1,logistic,10,2,"(2,)",skl,0.00010661408305168152,0.0027083009481430054,0.00026409607380628586,0.00047370512038469315,0.00012551993131637573,predict_proba,0.00010661408305168152,0.00011228909716010094,1,,,10,1.0,0.0019877593908720287
1,logistic,10,2,"(2,)",ort,0.0019009849056601524,0.008649525232613087,0.004474886227399111,0.004070161236450076,0.0032700826413929462,predict_proba,0.0019009849056601524,0.0032504377886652946,1,15.0,3038.0,10,,0.008002960556908214
10,logistic,10,2,"(2,)",skl,0.00011129910126328468,0.00025259098038077354,0.00013275397941470146,0.00013464316725730896,0.000116369454190135,predict,0.00011129910126328468,0.00011505233123898506,1,,,10,1.0,0.0002152941762954864
10,logistic,10,2,"(2,)",ort,0.003199429251253605,0.0033599669113755226,0.003278234973549843,0.003264429746195674,0.0032590972259640694,predict,0.003199429251253605,0.0032481858506798744,1,15.0,3038.0,10,,0.0033405169229948598
10,logistic,10,2,"(2,)",skl,0.00011238502338528633,0.00025810208171606064,0.00012613367289304733,0.00013469518162310124,0.00012192549183964729,predict_proba,0.00011238502338528633,0.00011955806985497475,1,,,10,1.0,0.0002158339481032378
10,logistic,10,2,"(2,)",ort,0.0018616437118179265,0.004752321168780327,0.0032884585671126842,0.0032106125727295876,0.0032731234095990658,predict_proba,0.001811021938920021,0.00327175110578537,1,15.0,3038.0,10,,0.004559581433641249
100,logistic,10,2,"(2,)",skl,0.00016289995983242989,0.0003680232912302017,0.00017968006432056427,0.00019114706665277482,0.00017026090063154697,predict,0.00016289995983242989,0.0001674140803515911,1,,,10,1.0,0.000307638893134154
100,logistic,10,2,"(2,)",ort,0.0033088126219809055,0.010990825947374105,0.006368853151798248,0.0062904584687203165,0.0059367697685956955,predict,0.0033088126219809055,0.005055686924606562,1,15.0,3038.0,10,,0.010421842534158475
100,logistic,10,2,"(2,)",skl,0.00016231508925557137,0.003755489829927683,0.0003210064023733139,0.0005599286872893572,0.00017394265159964561,predict_proba,0.00016231508925557137,0.00016971398144960403,1,,,10,1.0,0.002651313006841729
100,logistic,10,2,"(2,)",ort,0.0049535310827195644,0.013791549950838089,0.01147452974691987,0.00878609330393374,0.008525602286681533,predict_proba,0.0049535310827195644,0.006419664714485407,1,15.0,3038.0,10,,0.013791549950838089
1,logistic,10,2,"(10,)",skl,0.0001077558845281601,0.0014503169804811478,0.00021043326705694199,0.00028085988014936447,0.00011337432079017162,predict,0.0001077558845281601,0.00011210562661290169,1,,,10,1.0,0.0010591418146992126
1,logistic,10,2,"(10,)",ort,0.0038290261290967464,0.012140324804931879,0.0060284920036792755,0.0067314465530216696,0.0059276779647916555,predict,0.0038290261290967464,0.005837349221110344,1,15.0,3038.0,10,,0.01206352453777976
1,logistic,10,2,"(10,)",skl,0.00010546110570430756,0.0002462458796799183,0.0001127258874475956,0.00012304829433560372,0.00010892539285123348,predict_proba,0.00010546110570430756,0.00010692793875932693,1,,,10,1.0,0.00020387662520102506
1,logistic,10,2,"(10,)",ort,0.002534019760787487,0.007320309057831764,0.003293476067483425,0.003601624583825469,0.003263267455622554,predict_proba,0.002534019760787487,0.003260173834860325,1,15.0,3038.0,10,,0.006069178096013114
10,logistic,10,2,"(10,)",skl,0.00011327816173434258,0.000254996120929718,0.00013719592243433,0.00013577784411609173,0.00011990778148174286,predict,0.00011327816173434258,0.00011736294254660606,1,,,10,1.0,0.00021597058412562673
10,logistic,10,2,"(10,)",ort,0.002875987685727472,0.0033691013231873512,0.003302479162812233,0.0032289905939251184,0.0032682183664292097,predict,0.002700472716242075,0.0032594832591712475,1,15.0,3038.0,10,,0.0033691013231873512
10,logistic,10,2,"(10,)",skl,0.00012000976130366325,0.0002689226530492306,0.0001317220740020275,0.00014267293736338615,0.00012919516302645206,predict_proba,0.00012000976130366325,0.00012844707816839218,1,,,10,1.0,0.00022552160429200444
10,logistic,10,2,"(10,)",ort,0.002984638088665782,0.0033173109404742718,0.003289957996457815,0.00324220173060894,0.0032832338474690914,predict_proba,0.002850697375833988,0.003278294112533331,1,15.0,3038.0,10,,0.0033173109404742718
100,logistic,10,2,"(10,)",skl,0.0003425157628953457,0.006449955981224775,0.0008286880329251289,0.0011077030561864377,0.00043044588528573513,predict,0.0003425157628953457,0.0003614090383052826,1,,,10,1.0,0.004620460958962662
100,logistic,10,2,"(10,)",ort,0.006291957106441259,0.0098386206664145,0.008120463229715824,0.007697789510712027,0.007921464508399367,predict,0.006291957106441259,0.007364990189671516,1,15.0,3038.0,10,,0.009623224232107992
100,logistic,10,2,"(10,)",skl,0.00034487713128328323,0.0033993390388786793,0.0009820233099162579,0.0009323060512542725,0.0004218798130750656,predict_proba,0.00034487713128328323,0.00037924619391560555,1,,,10,1.0,0.002842669149644753
100,logistic,10,2,"(10,)",ort,0.0024918714594462585,0.010540413204580545,0.008402021136134863,0.007298384327441454,0.0078066689893603325,predict_proba,0.001582631841301918,0.00662895618006587,1,15.0,3038.0,10,,0.010540413204580545
1,logistic,10,2,"(20,)",skl,0.00010357704013586044,0.00019616400822997093,0.00011463882401585579,0.00011858204379677773,0.00011014332994818687,predict,0.00010357704013586044,0.00010762084275484085,1,,,10,1.0,0.00017021817803349127
1,logistic,10,2,"(20,)",ort,0.0017204820178449154,0.007739208173006773,0.004743953701108694,0.0041238012257963415,0.004016367020085454,predict,0.0017204820178449154,0.003558231983333826,1,15.0,3038.0,10,,0.007043229403445791
1,logistic,10,2,"(20,)",skl,0.00010058935731649399,0.0009841290302574635,0.00018919911235570908,0.00022171991877257825,0.00010840990580618382,predict_proba,0.00010058935731649399,0.00010616891086101532,1,,,10,1.0,0.0007334753366469084
1,logistic,10,2,"(20,)",ort,0.003298616523131823,0.004397446755319834,0.00427563302218914,0.004039966640993953,0.004193032626062632,predict_proba,0.00329332472756505,0.004142221063375473,1,15.0,3038.0,10,,0.004397446755319834
10,logistic,10,2,"(20,)",skl,0.00011378806084394455,0.0002700979821383953,0.00013154465705156326,0.0001410902477800846,0.00012328545562922955,predict,0.00011378806084394455,0.00012185890227556229,1,,,10,1.0,0.00022835316744227406
10,logistic,10,2,"(20,)",ort,0.0018495479598641396,0.004297926090657711,0.0037149512208998203,0.002969327662140131,0.0027488013729453087,predict,0.0018495479598641396,0.002413779031485319,1,15.0,3038.0,10,,0.004297926090657711
10,logistic,10,2,"(20,)",skl,0.00011149980127811432,0.0009822719730436802,0.00025782594457268715,0.00023633940145373344,0.00012197252362966537,predict_proba,0.00011149980127811432,0.00011301320046186447,1,,,10,1.0,0.000739833011154752
10,logistic,10,2,"(20,)",ort,0.002230121303017424,0.0032807677052915096,0.003280281089246273,0.0031013400759547947,0.003275397000834346,predict_proba,0.0017890608869493008,0.0032730689272284508,1,15.0,3038.0,10,,0.0032807677052915096
100,logistic,10,2,"(20,)",skl,0.0001602950505912304,0.0003702649846673012,0.00018021883442997932,0.00018930709920823575,0.00016688206233084202,predict,0.0001602950505912304,0.00016540708020329475,1,,,10,1.0,0.00030871680447746674
100,logistic,10,2,"(20,)",ort,0.0047983331605792046,0.01727234199643135,0.009093833155930042,0.008347379509359598,0.00721199600957334,predict,0.0047983331605792046,0.006283869035542011,1,15.0,3038.0,10,,0.015680578232411313
100,logistic,10,2,"(20,)",skl,0.0003454159013926983,0.0012548738159239292,0.0006151250563561916,0.000533989304676652,0.0003978984896093607,predict_proba,0.0003454159013926983,0.0003691418096423149,1,,,10,1.0,0.0010753137228851437
100,logistic,10,2,"(20,)",ort,0.002129622269421816,0.010503776837140322,0.00831604702398181,0.006430195411667228,0.008217300288379192,predict_proba,0.002129622269421816,0.0035168840549886227,1,15.0,3038.0,10,,0.010503776837140322
1,logistic,10,2,"(2, 2)",skl,0.00010413117706775665,0.0009652511216700077,0.0007162038236856461,0.00033181793987751006,0.00011808122508227825,predict,0.00010413117706775665,0.00010975217446684837,1,,,10,1.0,0.0009606271841716035
1,logistic,10,2,"(2, 2)",ort,0.0015565906651318073,0.011865451000630856,0.0032723951153457165,0.0035856764297932386,0.002557609463110566,predict,0.0015565906651318073,0.002106685657054186,1,15.0,3038.0,10,,0.009419727649239908
1,logistic,10,2,"(2, 2)",skl,0.00010421313345432281,0.0003866632468998432,0.000120499636977911,0.00015092939138412477,0.00011276407167315483,predict_proba,0.00010421313345432281,0.00010738428682088852,1,,,10,1.0,0.000321593687417245
1,logistic,10,2,"(2, 2)",ort,0.0032270504161715508,0.009611729998141527,0.004286878276616335,0.004663721332326532,0.0034545622766017914,predict_proba,0.0032270504161715508,0.0032530836760997772,1,15.0,3038.0,10,,0.009288688404942623
10,logistic,10,2,"(2, 2)",skl,0.00011738622561097145,0.00029348814859986305,0.000139548908919096,0.000143356341868639,0.00012526661157608032,predict,0.00011738622561097145,0.0001221010461449623,1,,,10,1.0,0.0002425595420939337
10,logistic,10,2,"(2, 2)",ort,0.0022091904820658124,0.0032556322403252125,0.0032540829852223396,0.003097348241135478,0.003249943954870105,predict,0.0017380919307470322,0.003247558604925871,1,15.0,3038.0,10,,0.0032556322403252125
10,logistic,10,2,"(2, 2)",skl,0.00011694291606545448,0.000260885339230299,0.00012695509940385818,0.00013618748635053636,0.00012180441990494728,predict_proba,0.00011694291606545448,0.00012051919475197792,1,,,10,1.0,0.00021812010456270532
10,logistic,10,2,"(2, 2)",ort,0.0019744883940282917,0.0047525460831820965,0.0032932283356785774,0.0032757775858044623,0.0032765904907137156,predict_proba,0.001784300897270441,0.003272934816777706,1,15.0,3038.0,10,,0.004577066777580633
100,logistic,10,2,"(2, 2)",skl,0.00033053290098905563,0.006521030329167843,0.0011676508001983166,0.0015154613181948661,0.0005967060569673777,predict,0.00033053290098905563,0.00048041902482509613,1,,,10,1.0,0.005359616270242358
100,logistic,10,2,"(2, 2)",ort,0.0024672613506984513,0.006579202134162188,0.005129796918481588,0.004693334782496094,0.005114834988489747,predict,0.0021504308097064495,0.005095874425023794,1,15.0,3038.0,10,,0.006579202134162188
100,logistic,10,2,"(2, 2)",skl,0.0003258031792938709,0.004557717125862837,0.0008355467580258846,0.0009279105346649885,0.0003907026257365942,predict_proba,0.0003258031792938709,0.0003409655764698982,1,,,10,1.0,0.003358147123975513
100,logistic,10,2,"(2, 2)",ort,0.0025796715487754873,0.006783935707062483,0.0053145610727369785,0.0048736358992755415,0.0052957599982619286,predict_proba,0.0023114518262445927,0.0052923159673810005,1,15.0,3038.0,10,,0.006783935707062483
1,logistic,10,2,"(10, 2)",skl,0.00010127387940883636,0.00019643595442175865,0.0001098080538213253,0.00011525251902639866,0.00010642712004482746,predict,0.00010127387940883636,0.00010448554530739784,1,,,10,1.0,0.00016881465589672852
1,logistic,10,2,"(10, 2)",ort,0.0015931269153952599,0.011724210809916258,0.008881446905434132,0.0064385370817035435,0.00589962350204587,predict,0.0015931269153952599,0.00472999969497323,1,15.0,3038.0,10,,0.011724210809916258
1,logistic,10,2,"(10, 2)",skl,0.00010135583579540253,0.0001867450773715973,0.00011375313624739647,0.0001153150573372841,0.00010741688311100006,predict_proba,0.00010135583579540253,0.00010565202683210373,1,,,10,1.0,0.00016277233456549666
1,logistic,10,2,"(10, 2)",ort,0.0031939861364662647,0.011953341774642467,0.00324516324326396,0.0042240357957780365,0.0032362546771764755,predict_proba,0.0031939861364662647,0.0032339319586753845,1,15.0,3038.0,10,,0.009324771463433206
10,logistic,10,2,"(10, 2)",skl,0.00011235615238547325,0.0002573099918663502,0.0001269797794520855,0.00013345982879400253,0.00011797272600233555,predict,0.00011235615238547325,0.0001160716637969017,1,,,10,1.0,0.00021540950210198158
10,logistic,10,2,"(10, 2)",ort,0.0019665400959938796,0.004770476836711168,0.0033047939650714397,0.0032722830772399904,0.003249985631555319,predict,0.0017981063574552536,0.003236141987144947,1,15.0,3038.0,10,,0.004578026058486101
10,logistic,10,2,"(10, 2)",skl,0.00011615501716732979,0.0002610599622130394,0.00013126898556947708,0.0001375789288431406,0.00012469477951526642,predict_proba,0.00011615501716732979,0.00012368988245725632,1,,,10,1.0,0.0002189212793656183
10,logistic,10,2,"(10, 2)",ort,0.002253855433012796,0.0033398871310055256,0.003284894861280918,0.003078260226175189,0.003275603521615267,predict_proba,0.0021069529466331005,0.0032712891697883606,1,15.0,3038.0,10,,0.0033398871310055256
100,logistic,10,2,"(10, 2)",skl,0.00016124872490763664,0.00036718230694532394,0.0001760120503604412,0.00019098445773124695,0.00017247535288333893,predict,0.00016124872490763664,0.00016932934522628784,1,,,10,1.0,0.00030706852452605683
100,logistic,10,2,"(10, 2)",ort,0.004271063022315502,0.009618460666388273,0.008541001938283443,0.006621339917182922,0.006618920713663101,predict,0.004271063022315502,0.005306807346642017,1,15.0,3038.0,10,,0.009618460666388273
100,logistic,10,2,"(10, 2)",skl,0.00016275234520435333,0.002885898109525442,0.0001990748569369316,0.00046183825470507144,0.00017028627917170525,predict_proba,0.00016275234520435333,0.00016762176528573036,1,,,10,1.0,0.0020490717218287486
100,logistic,10,2,"(10, 2)",ort,0.004277068190276623,0.008730827365070581,0.008535351604223251,0.006456513935700059,0.006504531018435955,predict_proba,0.004277068190276623,0.004309236072003841,1,15.0,3038.0,10,,0.008730827365070581
1,logistic,10,2,"(20, 2)",skl,0.0001038331538438797,0.0003085262142121792,0.00011336198076605797,0.00012866551987826823,0.00010798242874443531,predict,0.0001038331538438797,0.0001061977818608284,1,,,10,1.0,0.0002465943076908777
1,logistic,10,2,"(20, 2)",ort,0.0032878112979233265,0.013577747158706188,0.009208287112414837,0.008282297383993864,0.009150250582024455,predict,0.0032878112979233265,0.00620248494669795,1,15.0,3038.0,10,,0.013577747158706188
1,logistic,10,2,"(20, 2)",skl,0.00010496284812688828,0.00024042511358857155,0.00011591985821723938,0.0001238380093127489,0.00011013844050467014,predict_proba,0.00010496284812688828,0.00010931771248579025,1,,,10,1.0,0.00020051769932450652
1,logistic,10,2,"(20, 2)",ort,0.0018178984878030769,0.004827398806810379,0.0032859849743545055,0.0034162114840000867,0.003258215496316552,predict_proba,0.001771783921867609,0.0032554129138588905,1,15.0,3038.0,10,,0.004827398806810379
10,logistic,10,2,"(20, 2)",skl,0.0001123589463531971,0.00025795865803956985,0.0001447717659175396,0.00013603516854345798,0.00011748890392482281,predict,0.0001123589463531971,0.00011576991528272629,1,,,10,1.0,0.00021913196336344822
10,logistic,10,2,"(20, 2)",ort,0.0032447390258312225,0.0033333487808704376,0.0032857260666787624,0.0032725648954510687,0.0032691569067537785,predict,0.0032447390258312225,0.003253229893743992,1,15.0,3038.0,10,,0.0033232436542359467
10,logistic,10,2,"(20, 2)",skl,0.00011056102812290192,0.0002596029080450535,0.00012628501281142235,0.00013441708870232105,0.00012129801325500011,predict_proba,0.00011056102812290192,0.000119037926197052,1,,,10,1.0,0.00021715976893257953
10,logistic,10,2,"(20, 2)",ort,0.0032642818987369537,0.0033695916645228863,0.0032940427772700787,0.003286326862871647,0.0032717741560190916,predict_proba,0.0032642818987369537,0.0032713650725781918,1,15.0,3038.0,10,,0.0033476030384989573
100,logistic,10,2,"(20, 2)",skl,0.00031970487907528877,0.007904740050435066,0.0007920749485492706,0.001785683399066329,0.000374804949387908,predict,0.00031970487907528877,0.00035274913534522057,1,,,10,1.0,0.007153654776378855
100,logistic,10,2,"(20, 2)",ort,0.002251046746587699,0.006620362401008606,0.005130487028509378,0.004561439994722605,0.005120408022776246,predict,0.0021482850424945354,0.0037838309071958065,1,15.0,3038.0,10,,0.006620362401008606
100,logistic,10,2,"(20, 2)",skl,0.00032557593658566475,0.0011751651763916016,0.0004918086342513561,0.00048159603029489516,0.00035528535954654217,predict_proba,0.00032557593658566475,0.0003409511409699917,1,,,10,1.0,0.0009903397168933017
100,logistic,10,2,"(20, 2)",ort,0.0019766180776059628,0.010813363827764988,0.005109891761094332,0.0043661714997142555,0.003768456168472767,predict_proba,0.0019766180776059628,0.002103461418300867,1,15.0,3038.0,10,,0.009876738635147469
1,logistic,10,5,"(2,)",skl,0.00010125292465090752,0.00022314395755529404,0.0001195375807583332,0.0001220563892275095,0.00010896986350417137,predict,0.00010125292465090752,0.00010568415746092796,1,,,10,1.0,0.00019051098295134273
1,logistic,10,5,"(2,)",ort,0.0032560317777097225,0.013172914739698172,0.011960393283516169,0.008193014794960618,0.007482716580852866,predict,0.0032560317777097225,0.006093490868806839,1,15.0,4238.0,10,,0.013172914739698172
1,logistic,10,5,"(2,)",skl,0.00010119890794157982,0.00024020718410611153,0.0001124977134168148,0.0001220783218741417,0.0001085230614989996,predict_proba,0.00010119890794157982,0.0001063900999724865,1,,,10,1.0,0.00019993264163506327
1,logistic,10,5,"(2,)",ort,0.002684402522319392,0.0033521479927003384,0.0032641710713505745,0.003180136019363999,0.003253188217058778,predict_proba,0.0024277162738144398,0.0032452689483761787,1,15.0,4238.0,10,,0.0033521479927003384
10,logistic,10,5,"(2,)",skl,0.00011324696242809296,0.0002635340206325054,0.000126006081700325,0.00013505974784493445,0.00012120837345719337,predict,0.00011324696242809296,0.00011817319318652153,1,,,10,1.0,0.0002193901681954745
10,logistic,10,5,"(2,)",ort,0.0032272120006382465,0.003366461955010891,0.0032610632479190826,0.003262066934257746,0.0032480324152857065,predict,0.0032272120006382465,0.003243151120841503,1,15.0,4238.0,10,,0.003337269098403992
10,logistic,10,5,"(2,)",skl,0.00011478504166007042,0.0002862359397113323,0.0001353011466562748,0.0001414639875292778,0.00012322235852479935,predict_proba,0.00011478504166007042,0.00012188125401735306,1,,,10,1.0,0.0002371570676239898
10,logistic,10,5,"(2,)",ort,0.00325494771823287,0.0033224239014089108,0.00329618901014328,0.003284995025023818,0.0032852613367140293,predict_proba,0.00325494771823287,0.0032733450643718243,1,15.0,4238.0,10,,0.0033224239014089108
100,logistic,10,5,"(2,)",skl,0.00017098383978009224,0.00038975710049271584,0.00023844512179493904,0.00022193002514541148,0.0001910810824483633,predict,0.00017098383978009224,0.00017420388758182526,1,,,10,1.0,0.0003558907056013656
100,logistic,10,5,"(2,)",ort,0.004789950326085091,0.009229898918420076,0.00628346623852849,0.006001547584310174,0.0062680491246283054,predict,0.004789950326085091,0.0050155227072536945,1,15.0,4238.0,10,,0.008490922741473703
100,logistic,10,5,"(2,)",skl,0.00016993703320622444,0.0019013909623026848,0.0001880028285086155,0.0003658538218587637,0.00017604115419089794,predict_proba,0.00016993703320622444,0.00017326278612017632,1,,,10,1.0,0.0013739351949469249
100,logistic,10,5,"(2,)",ort,0.004909662321391578,0.006397980265319347,0.006374782882630825,0.0060685101430863145,0.0063619110733270645,predict_proba,0.004885260947048664,0.006348080933094025,1,15.0,4238.0,10,,0.006397980265319347
1,logistic,10,5,"(10,)",skl,0.00010358495637774467,0.0010758317075669765,0.00019404804334044456,0.00024150414392352105,0.00010982295498251915,predict,0.00010358495637774467,0.00010614888742566109,1,,,10,1.0,0.000811963288174456
1,logistic,10,5,"(10,)",ort,0.001436254009604454,0.01015595905482769,0.004770520143210888,0.0038520732894539835,0.0029813447035849094,predict,0.001436254009604454,0.0028261239640414715,1,15.0,4238.0,10,,0.00836499271716684
1,logistic,10,5,"(10,)",skl,0.00010001892223954201,0.00018543237820267677,0.00010746810585260391,0.00011185519397258759,0.000102645019069314,predict_proba,0.00010001892223954201,0.00010164361447095871,1,,,10,1.0,0.00016048790170694474
1,logistic,10,5,"(10,)",ort,5.332520231604576e-05,0.00908265495672822,0.005803669802844524,0.002986080292612314,0.001439287792891264,predict_proba,5.332520231604576e-05,0.00015391921624541283,1,15.0,4238.0,10,,0.00908265495672822
10,logistic,10,5,"(10,)",skl,0.00011327117681503296,0.00018285633996129036,0.0001320461742579937,0.00012756106443703174,0.00011969334445893764,predict,0.00011327117681503296,0.00011761486530303955,1,,,10,1.0,0.00016589943368538007
10,logistic,10,5,"(10,)",ort,0.0014886492863297462,0.004542534705251455,0.003885159268975258,0.002957670111209154,0.002764371922239661,predict,0.0014886492863297462,0.0025443388149142265,1,15.0,4238.0,10,,0.004542534705251455
10,logistic,10,5,"(10,)",skl,0.00011380994692444801,0.0007828189991414547,0.0002096099779009819,0.00021725515834987165,0.00013227853924036026,predict_proba,0.00011380994692444801,0.00012321490794420242,1,,,10,1.0,0.0005993030925585308
10,logistic,10,5,"(10,)",ort,0.001992811693244808,0.004781167022883892,0.0033284476958215237,0.003304248908534646,0.003301251446828246,predict_proba,0.0017924490384757519,0.003278890624642372,1,15.0,4238.0,10,,0.0046156861238244844
100,logistic,10,5,"(10,)",skl,0.00036280788481235504,0.006484908051788807,0.0005707708187401295,0.0010577416978776455,0.00038937642239034176,predict,0.00036280788481235504,0.00037449924275279045,1,,,10,1.0,0.004613671872568637
100,logistic,10,5,"(10,)",ort,0.0021584341302514076,0.006630163639783859,0.005166342947632074,0.004569810442626476,0.00514847319573164,predict,0.0021584341302514076,0.005140019115060568,1,15.0,4238.0,10,,0.006630163639783859
100,logistic,10,5,"(10,)",skl,0.0003407164476811886,0.007656722795218229,0.0006076260469853878,0.0013496500439941883,0.0003646770492196083,predict_proba,0.0003407164476811886,0.00035558687523007393,1,,,10,1.0,0.0056954136226581705
100,logistic,10,5,"(10,)",ort,0.002019081264734268,0.007673671934753656,0.006485133431851864,0.005017201276496052,0.004948585992679,predict_proba,0.002019081264734268,0.003858687821775675,1,15.0,4238.0,10,,0.007673671934753656
1,logistic,10,5,"(20,)",skl,9.910808876156807e-05,0.0001699160784482956,0.00011112261563539505,0.00011277548037469387,0.00010708766058087349,predict,9.910808876156807e-05,0.00010475795716047287,1,,,10,1.0,0.000151599752201655
1,logistic,10,5,"(20,)",ort,0.002873839344829321,0.013136570807546377,0.01162838889285922,0.008396663051098586,0.00852306792512536,predict,0.002873839344829321,0.007253027055412531,1,15.0,4238.0,10,,0.013136570807546377
1,logistic,10,5,"(20,)",skl,9.993370622396469e-05,0.00020115403458476067,0.00011024158447980881,0.00011451486498117446,0.00010396563448011875,predict_proba,9.993370622396469e-05,0.00010190298780798912,1,,,10,1.0,0.0001718256153463388
1,logistic,10,5,"(20,)",ort,0.0009907330386340618,0.005533658433705568,0.003760559018701315,0.0027647916693240406,0.002146295504644513,predict_proba,0.0009907330386340618,0.002105805091559887,1,15.0,4238.0,10,,0.005217924412953701
10,logistic,10,5,"(20,)",skl,0.00011641532182693481,0.0003105201758444309,0.00013253279030323029,0.00014597964473068715,0.0001231180503964424,predict,0.00011641532182693481,0.00012006005272269249,1,,,10,1.0,0.000257780409226068
10,logistic,10,5,"(20,)",ort,0.0019540976920109426,0.004750761203467846,0.0032999059185385704,0.0032642255537211895,0.0032763509079813957,predict,0.0017690248787403107,0.0032580490224063396,1,15.0,4238.0,10,,0.004574353415431436
10,logistic,10,5,"(20,)",skl,0.00011528609320521355,0.0002697780728340149,0.00012800702825188637,0.0001383492723107338,0.00012376345694065094,predict_proba,0.00011528609320521355,0.00012246007099747658,1,,,10,1.0,0.00022469385822850463
10,logistic,10,5,"(20,)",ort,0.003260220866650343,0.003373728133738041,0.0032908213324844837,0.0032875203527510167,0.0032786240335553885,predict_proba,0.003260220866650343,0.003275407012552023,1,15.0,4238.0,10,,0.0033467820658867413
100,logistic,10,5,"(20,)",skl,0.00018073711544275284,0.000373282004147768,0.00019484199583530426,0.00020598038099706173,0.0001844258513301611,predict,0.00018073711544275284,0.00018347520381212234,1,,,10,1.0,0.00031610987288086515
100,logistic,10,5,"(20,)",ort,0.0042724949307739735,0.010642245411872864,0.008428508881479502,0.0072595952078700066,0.007750937482342124,predict,0.0042724949307739735,0.00598145229741931,1,15.0,4238.0,10,,0.010642245411872864
100,logistic,10,5,"(20,)",skl,0.00018129870295524597,0.005035551264882088,0.00021926313638687134,0.0006942536681890487,0.00019620871171355247,predict_proba,0.00018129870295524597,0.00018810760229825974,1,,,10,1.0,0.0035319276987863914
100,logistic,10,5,"(20,)",ort,0.0033976887352764606,0.011751777958124876,0.008573160972446203,0.006623709760606289,0.006510709412395954,predict_proba,0.0033976887352764606,0.004273434169590473,1,15.0,4238.0,10,,0.011711716690878934
1,logistic,10,5,"(2, 2)",skl,0.00010743597522377968,0.00033949408680200577,0.00018815184012055397,0.0001763143576681614,0.00016021635383367538,predict,0.00010743597522377968,0.00015011010691523552,1,,,10,1.0,0.0002971811812533623
1,logistic,10,5,"(2, 2)",ort,0.0032845130190253258,0.013441139832139015,0.01082648802548647,0.00826316960155964,0.008882823400199413,predict,0.0032845130190253258,0.00623466307297349,1,15.0,4238.0,10,,0.013441139832139015
1,logistic,10,5,"(2, 2)",skl,0.00010620709508657455,0.00023509329184889793,0.00011984491720795631,0.00012494679540395737,0.00010990607552230358,predict_proba,0.00010620709508657455,0.00010819407179951668,1,,,10,1.0,0.00019853484738972753
1,logistic,10,5,"(2, 2)",ort,0.001970730050246077,0.0047319671139121056,0.003296826034784317,0.0032672131434082984,0.0032574229408055544,predict_proba,0.0017781751230359077,0.003253935370594263,1,15.0,4238.0,10,,0.00456369623657052
10,logistic,10,5,"(2, 2)",skl,0.00011787982657551765,0.00025657517835497856,0.00012793298810720444,0.00013615828938782216,0.00012141931802034378,predict,0.00011787982657551765,0.00012072501704096794,1,,,10,1.0,0.0002152505863367245
10,logistic,10,5,"(2, 2)",ort,0.003243017941713333,0.00338485324755311,0.003259844146668911,0.003265466634184122,0.0032537952065467834,predict,0.003243017941713333,0.0032496675848960876,1,15.0,4238.0,10,,0.0033442167087932143
10,logistic,10,5,"(2, 2)",skl,0.0001163780689239502,0.0002649538218975067,0.00012981705367565155,0.00013814237900078297,0.00012472947128117085,predict_proba,0.0001163780689239502,0.00012236880138516426,1,,,10,1.0,0.000221572045342713
10,logistic,10,5,"(2, 2)",ort,0.0032591670751571655,0.0033186483196914196,0.0032744649797677994,0.0032758669927716254,0.0032725438941270113,predict_proba,0.0032591670751571655,0.0032695168629288673,1,15.0,4238.0,10,,0.003305897422253427
100,logistic,10,5,"(2, 2)",skl,0.00016405899077653885,0.00035895081236958504,0.00017324509099125862,0.00018845084123313426,0.00016937660984694958,predict,0.00016405899077653885,0.00016748299822211266,1,,,10,1.0,0.00030021423523818726
100,logistic,10,5,"(2, 2)",ort,0.0012585129588842392,0.01875844970345497,0.008950491901487112,0.007066658232361078,0.005969981197267771,predict,0.0012585129588842392,0.0049121868796646595,1,15.0,4238.0,10,,0.016577360983934912
100,logistic,10,5,"(2, 2)",skl,0.0001717810519039631,0.002688606269657612,0.00018369080498814583,0.0004432142246514559,0.0001765198539942503,predict_proba,0.0001717810519039631,0.00017420481890439987,1,,,10,1.0,0.0019132321215987267
100,logistic,10,5,"(2, 2)",ort,0.0017022350803017616,0.013979719951748848,0.0053567588329315186,0.004714068816974759,0.0021427227184176445,predict_proba,0.0017022350803017616,0.002128890249878168,1,15.0,4238.0,10,,0.013766649525965183
1,logistic,10,5,"(10, 2)",skl,0.00010254187509417534,0.00028060004115104675,0.00011524930596351624,0.00012722667306661606,0.00010870280675590038,predict,0.00010254187509417534,0.00010816380381584167,1,,,10,1.0,0.0002283628792234873
1,logistic,10,5,"(10, 2)",ort,0.0032450389117002487,0.012091718148440123,0.00773481372743845,0.006861440371721983,0.006277883891016245,predict,0.0032450389117002487,0.0062516299076378345,1,15.0,4238.0,10,,0.011150653774932824
1,logistic,10,5,"(10, 2)",skl,0.00010551372542977333,0.00020574498921632767,0.00011510495096445084,0.0001196111086755991,0.00011008651927113533,predict_proba,0.00010551372542977333,0.00010846182703971863,1,,,10,1.0,0.00017623157310547554
1,logistic,10,5,"(10, 2)",ort,0.0018066401359792498,0.005143927410244942,0.0032584350556135178,0.003292969288304448,0.0032515351194888353,predict_proba,0.0017731338739395142,0.0032470677979290485,1,15.0,4238.0,10,,0.004779298440629647
10,logistic,10,5,"(10, 2)",skl,0.00011501181870698929,0.0002902070991694927,0.0001292908564209938,0.0001389982644468546,0.0001203250139951706,predict,0.00011501181870698929,0.00011754268780350685,1,,,10,1.0,0.00023886814181114908
10,logistic,10,5,"(10, 2)",ort,0.0017647389322519302,0.0048447889275848866,0.0032747378572821617,0.0032806653529405595,0.0032553784549236298,predict,0.0017647389322519302,0.003252241760492325,1,15.0,4238.0,10,,0.0048447889275848866
10,logistic,10,5,"(10, 2)",skl,0.00011574802920222282,0.00025362614542245865,0.0001335558481514454,0.00013812324032187463,0.0001256261020898819,predict_proba,0.00011574802920222282,0.00012175459414720535,1,,,10,1.0,0.00021438318528663907
10,logistic,10,5,"(10, 2)",ort,0.003268796019256115,0.003358442336320877,0.003292310982942581,0.0032882746774703263,0.0032792179845273495,predict_proba,0.003268796019256115,0.0032773357816040516,1,15.0,4238.0,10,,0.0033371552988333895
100,logistic,10,5,"(10, 2)",skl,0.00033442210406064987,0.006412372924387455,0.002582564949989319,0.0017571456730365754,0.0004694606177508831,predict,0.00033442210406064987,0.00034215115010738373,1,,,10,1.0,0.006151501933901698
100,logistic,10,5,"(10, 2)",ort,0.0023034419864416122,0.006409580819308758,0.005101654212921858,0.004430923564359546,0.004902407992631197,predict,0.0023034419864416122,0.0036524152383208275,1,15.0,4238.0,10,,0.006409580819308758
100,logistic,10,5,"(10, 2)",skl,0.00033579394221305847,0.006626992020756006,0.00035901693627238274,0.0010063319467008113,0.00034361425787210464,predict_proba,0.00033579394221305847,0.00033859116956591606,1,,,10,1.0,0.004684086885189487
100,logistic,10,5,"(10, 2)",ort,0.0026997005153661198,0.00526132807135582,0.005111343692988157,0.0044592199847102165,0.0048251282423734665,predict_proba,0.002345999702811241,0.0046922750771045685,1,15.0,4238.0,10,,0.00526132807135582
1,logistic,10,5,"(20, 2)",skl,0.0001011257991194725,0.0002319440245628357,0.00011190026998519897,0.00012062210589647293,0.00010811770334839821,predict,0.0001011257991194725,0.00010676635429263115,1,,,10,1.0,0.00019388786631943699
1,logistic,10,5,"(20, 2)",ort,0.0032611601054668427,0.013580884784460068,0.009150154888629913,0.00835799090564251,0.009045660961419344,predict,0.0032611601054668427,0.006678460631519556,1,15.0,4238.0,10,,0.013580884784460068
1,logistic,10,5,"(20, 2)",skl,0.00010648323222994804,0.0002428349107503891,0.0001170402392745018,0.00012521101161837577,0.00011137058027088642,predict_proba,0.00010648323222994804,0.00010871980339288712,1,,,10,1.0,0.00020269488725474427
1,logistic,10,5,"(20, 2)",ort,0.002225236611229806,0.003292773850262165,0.0032610679045319557,0.003110565850511193,0.0032558939419686794,predict_proba,0.0017564338631927967,0.0032513169571757317,1,15.0,4238.0,10,,0.003292773850262165
10,logistic,10,5,"(20, 2)",skl,0.00011538295075297356,0.00024635111913084984,0.0001274552196264267,0.00013456731103360652,0.00012270454317331314,predict,0.00011538295075297356,0.00012142583727836609,1,,,10,1.0,0.00020813688670815296
10,logistic,10,5,"(20, 2)",ort,0.0032468438148498535,0.003497231286019087,0.003283896017819643,0.003289651731029153,0.003268050029873848,predict,0.0032468438148498535,0.0032615913078188896,1,15.0,4238.0,10,,0.0034277868665016885
10,logistic,10,5,"(20, 2)",skl,0.00011602696031332016,0.000283622182905674,0.0001277858391404152,0.00014096302911639213,0.00012455484829843044,predict_proba,0.00011602696031332016,0.00012322794646024704,1,,,10,1.0,0.00023486897736895183
10,logistic,10,5,"(20, 2)",ort,0.003255282063037157,0.003349736798554659,0.0032831658609211445,0.0032817529048770667,0.0032755450811237097,predict_proba,0.003255282063037157,0.0032684658654034138,1,15.0,4238.0,10,,0.0033310199233574493
100,logistic,10,5,"(20, 2)",skl,0.00016983412206172943,0.0003849528729915619,0.00018303794786334038,0.00019970396533608437,0.0001783545594662428,predict,0.00016983412206172943,0.00017492100596427917,1,,,10,1.0,0.00032193818354341557
100,logistic,10,5,"(20, 2)",ort,0.0028456472791731358,0.01686006411910057,0.006204943172633648,0.00600163983181119,0.00501055596396327,predict,0.0028456472791731358,0.004702321253716946,1,15.0,4238.0,10,,0.013458135322312943
100,logistic,10,5,"(20, 2)",skl,0.0003783339634537697,0.003194289281964302,0.0008256612345576286,0.0009502388536930084,0.0004724229220300913,predict_proba,0.0003783339634537697,0.0004359330050647259,1,,,10,1.0,0.0027447490733916932
100,logistic,10,5,"(20, 2)",ort,0.0011698007583618164,0.011319500394165516,0.00668396195396781,0.004833336174488068,0.0039336904883384705,predict_proba,0.0011698007583618164,0.002941640093922615,1,15.0,4238.0,10,,0.011293820218458435
1,logistic,10,10,"(2,)",skl,0.00010482221841812134,0.0003143688663840294,0.00011557014659047127,0.00013069021515548228,0.00010940758511424065,predict,0.00010482221841812134,0.00010701967403292656,1,,,10,1.0,0.00025110132552347796
1,logistic,10,10,"(2,)",ort,0.0016646329313516617,0.00813827570527792,0.006109555717557669,0.004780071694403887,0.004493435379117727,predict,0.0016646329313516617,0.004280381835997105,1,15.0,6238.0,10,,0.00813827570527792
1,logistic,10,10,"(2,)",skl,0.00010352302342653275,0.0002405070699751377,0.00011182669550180435,0.00012169373221695423,0.0001075610052794218,predict_proba,0.00010352302342653275,0.00010680314153432846,1,,,10,1.0,0.00019982694554855442
1,logistic,10,10,"(2,)",ort,0.0017659403383731842,0.00630459887906909,0.004897408187389374,0.00413977587595582,0.004154777619987726,predict_proba,0.0017659403383731842,0.0035365698859095573,1,15.0,6238.0,10,,0.00630459887906909
10,logistic,10,10,"(2,)",skl,0.00011511379852890968,0.0002639526501297951,0.00013255886733531952,0.00013762414455413817,0.000121300108730793,predict,0.00011511379852890968,0.0001201508566737175,1,,,10,1.0,0.00022124559377796003
10,logistic,10,10,"(2,)",ort,0.0032450701110064983,0.003379642963409424,0.003263765014708042,0.0032675803638994695,0.0032561493571847677,predict,0.0032450701110064983,0.0032489709556102753,1,15.0,6238.0,10,,0.00334237221938855
10,logistic,10,10,"(2,)",skl,0.00011548399925231934,0.00026575615629553795,0.0001278049312531948,0.00013795169070363045,0.0001249548513442278,predict_proba,0.00011548399925231934,0.00012213503941893578,1,,,10,1.0,0.00022211308019241024
10,logistic,10,10,"(2,)",ort,0.0019796262799633346,0.004752564709633589,0.003280999604612589,0.0032783532049506904,0.0032731452956795692,predict_proba,0.0017906799912452698,0.0032673953101038933,1,15.0,6238.0,10,,0.004577080129938046
100,logistic,10,10,"(2,)",skl,0.0001836176961660385,0.0003860429860651493,0.0002042851410806179,0.0002118433825671673,0.00019045895896852016,predict,0.0001836176961660385,0.0001863674260675907,1,,,10,1.0,0.00032700205610818
100,logistic,10,10,"(2,)",ort,0.006308970041573048,0.019699590746313334,0.017000652384012938,0.01171169662848115,0.010785929393023252,predict,0.006308970041573048,0.006427731830626726,1,15.0,6238.0,10,,0.019699590746313334
100,logistic,10,10,"(2,)",skl,0.00041113467887043953,0.00795180769637227,0.0007035448215901852,0.001276322128251195,0.0004735644906759262,predict_proba,0.00041113467887043953,0.0004256349056959152,1,,,10,1.0,0.005648565079668577
100,logistic,10,10,"(2,)",ort,0.006388904992491007,0.014659014996141195,0.011076339986175299,0.009755897196009755,0.009763618931174278,predict_proba,0.006388904992491007,0.008730307687073946,1,15.0,6238.0,10,,0.014004678206516966
1,logistic,10,10,"(10,)",skl,0.00010985694825649261,0.0013468069955706596,0.00019552605226635933,0.0002779417205601931,0.00012336182408034801,predict,0.00010985694825649261,0.00011528795585036278,1,,,10,1.0,0.0009945632930915289
1,logistic,10,10,"(10,)",ort,0.002430656235465306,0.010700481943786144,0.00940394401550293,0.007526548532769084,0.007876703748479486,predict,0.002298072911798954,0.0064110830426216125,1,15.0,6238.0,10,,0.010700481943786144
1,logistic,10,10,"(10,)",skl,0.00011532986536622047,0.002564832102507353,0.0001461673527956009,0.00038053202442824843,0.00012413901276886463,predict_proba,0.00011532986536622047,0.00012201396748423576,1,,,10,1.0,0.0018094689391161267
1,logistic,10,10,"(10,)",ort,0.0021972025834029814,0.0033978931605815887,0.003286588005721569,0.003103729011490941,0.003267816035076976,predict_proba,0.0017896597273647785,0.0032639801502227783,1,15.0,6238.0,10,,0.0033978931605815887
10,logistic,10,10,"(10,)",skl,0.00018193526193499565,0.00038989773020148277,0.00019953399896621704,0.00020979824475944042,0.0001899369526654482,predict,0.00018193526193499565,0.0001845848746597767,1,,,10,1.0,0.0003281910485017226
10,logistic,10,10,"(10,)",ort,0.0021220050720716565,0.003379218280315399,0.0032803937792778015,0.003029144834727049,0.003278170945122838,predict,0.0018556728027760983,0.003239869140088558,1,15.0,6238.0,10,,0.003379218280315399
10,logistic,10,10,"(10,)",skl,0.00018157204613089561,0.0003401339054107666,0.00019117118790745735,0.00020263828337192536,0.00018816697411239147,predict_proba,0.00018157204613089561,0.00018454808741807938,1,,,10,1.0,0.0002928974442671428
10,logistic,10,10,"(10,)",ort,0.0032630888745188713,0.003994179889559746,0.003283565863966942,0.0033455916214734315,0.003273662878200412,predict_proba,0.0032630888745188713,0.0032671205699443817,1,15.0,6238.0,10,,0.003769638348629608
100,logistic,10,10,"(10,)",skl,0.0009744279086589813,0.0010721213184297085,0.0009838603436946869,0.0009904461447149515,0.0009787380695343018,predict,0.0009744279086589813,0.000978571828454733,1,,,10,1.0,0.0010463439412814169
100,logistic,10,10,"(10,)",ort,0.005071782972663641,0.020341450348496437,0.015277139842510223,0.011542009189724922,0.011342854471877217,predict,0.005071782972663641,0.0063957711681723595,1,15.0,6238.0,10,,0.020341450348496437
100,logistic,10,10,"(10,)",skl,0.0034203268587589264,0.017947609070688486,0.003973310813307762,0.0052019956056028605,0.003910589497536421,predict_proba,0.0034203268587589264,0.0037146261893212795,1,,,10,1.0,0.01353742450548299
100,logistic,10,10,"(10,)",ort,0.00552551681175828,0.016418422106653452,0.015142547897994518,0.009871316468343138,0.00808933051303029,predict_proba,0.00552551681175828,0.007774326950311661,1,15.0,6238.0,10,,0.016418422106653452
1,logistic,10,10,"(20,)",skl,0.00010234396904706955,0.00026871683076024055,0.00011580204591155052,0.00012506823986768723,0.00010802946053445339,predict,0.00010234396904706955,0.00010559102520346642,1,,,10,1.0,0.00021956958490425412
1,logistic,10,10,"(20,)",ort,0.0017277500592172146,0.012033397797495127,0.007997964974492788,0.006740457797423005,0.0068442001938819885,predict,0.0017277500592172146,0.006022423040121794,1,15.0,6238.0,10,,0.011872699403733516
1,logistic,10,10,"(20,)",skl,9.952206164598465e-05,0.00026745814830064774,0.000111360102891922,0.00012149983085691929,0.0001040012575685978,predict_proba,9.952206164598465e-05,0.00010117096826434135,1,,,10,1.0,0.00021760068329771426
1,logistic,10,10,"(20,)",ort,0.0032313880510628223,0.009142084047198296,0.0032796747982501984,0.003979666205123067,0.003260024357587099,predict_proba,0.0032313880510628223,0.0032564601860940456,1,15.0,6238.0,10,,0.007443150964432986
10,logistic,10,10,"(20,)",skl,0.00011766375973820686,0.00029293494299054146,0.00014266883954405785,0.000143835274502635,0.0001269050408154726,predict,0.00011766375973820686,0.00012087216600775719,1,,,10,1.0,0.00024271725805992262
10,logistic,10,10,"(20,)",ort,0.003256850875914097,0.0035882852971553802,0.0032814359292387962,0.0033026370219886303,0.0032728221267461777,predict,0.003256850875914097,0.0032655568793416023,1,15.0,6238.0,10,,0.0034899835910389247
10,logistic,10,10,"(20,)",skl,0.0001195189543068409,0.00026183202862739563,0.00013815518468618393,0.0001407975796610117,0.00012609688565135002,predict_proba,0.0001195189543068409,0.00012378301471471786,1,,,10,1.0,0.00022082135208776916
10,logistic,10,10,"(20,)",ort,0.0030546871977244613,0.0034907846711575985,0.003356767352670431,0.003294281614944339,0.0032935473136603832,predict_proba,0.002994535956531763,0.0032655782997608185,1,15.0,6238.0,10,,0.0034907846711575985
100,logistic,10,10,"(20,)",skl,0.0001833098940551281,0.0003859470598399639,0.00020063668489456177,0.000210393313318491,0.00018853787332773209,predict,0.0001833098940551281,0.00018711714074015617,1,,,10,1.0,0.0003259320801032523
100,logistic,10,10,"(20,)",ort,0.006166320759803057,0.02140242513269186,0.012143464758992195,0.010356218228116632,0.009654230205342174,predict,0.006166320759803057,0.0074045551009476185,1,15.0,6238.0,10,,0.01895886755957891
100,logistic,10,10,"(20,)",skl,0.00041143596172332764,0.007990966085344553,0.0006354120559990406,0.0014851559884846211,0.0004299033898860216,predict_proba,0.00041143596172332764,0.0004220223054289818,1,,,10,1.0,0.006045233924444161
100,logistic,10,10,"(20,)",ort,0.0048892321065068245,0.01983827818185091,0.01684499206021428,0.011375625990331173,0.008354894816875458,predict_proba,0.0048892321065068245,0.008043379057198763,1,15.0,6238.0,10,,0.01983827818185091
1,logistic,10,10,"(2, 2)",skl,0.00011149980127811432,0.000294417142868042,0.00011957995593547821,0.000133441761136055,0.00011532800272107124,predict,0.00011149980127811432,0.00011297408491373062,1,,,10,1.0,0.00023890345870578223
1,logistic,10,10,"(2, 2)",ort,0.0031935437582433224,0.015171910170465708,0.005831195041537285,0.006439244700595736,0.0057443014811724424,predict,0.0031935437582433224,0.005712185055017471,1,15.0,6238.0,10,,0.012338448041475467
1,logistic,10,10,"(2, 2)",skl,0.00010550813749432564,0.0001965230330824852,0.00011979881674051285,0.00011912924237549305,0.00010852259583771229,predict_proba,0.00010550813749432564,0.00010758312419056892,1,,,10,1.0,0.00017072250017231123
1,logistic,10,10,"(2, 2)",ort,0.0021331110037863255,0.01335850078612566,0.0039010420441627502,0.004085584869608283,0.003083321964368224,predict_proba,0.0021331110037863255,0.0027653840370476246,1,15.0,6238.0,10,,0.010250111156346053
10,logistic,10,10,"(2, 2)",skl,0.00016027921810746193,0.00033485284075140953,0.00017557293176651,0.00018832110799849033,0.00017024856060743332,predict,0.00016027921810746193,0.00016518495976924896,1,,,10,1.0,0.0002880333119606844
10,logistic,10,10,"(2, 2)",ort,0.001972254670336972,0.004787538666278124,0.003323010168969631,0.0032875914592295887,0.003276264062151313,predict,0.0017909356392920017,0.0032582231797277927,1,15.0,6238.0,10,,0.004602928248122206
10,logistic,10,10,"(2, 2)",skl,0.00016450928524136543,0.00034349970519542694,0.00018470780923962593,0.00019291723147034644,0.000179733382537961,predict_proba,0.00016450928524136543,0.0001710602082312107,1,,,10,1.0,0.0002925642516720732
10,logistic,10,10,"(2, 2)",ort,0.0023101649125481616,0.0033829398453235626,0.0033374368213117123,0.003186551434919238,0.0033286395482718945,predict_proba,0.001846139319241047,0.0033241347409784794,1,15.0,6238.0,10,,0.0033829398453235626
100,logistic,10,10,"(2, 2)",skl,0.00193001888692379,0.008509899955242872,0.0020296978764235973,0.0026574545074254273,0.0020159846171736717,predict,0.00193001888692379,0.0020102928392589092,1,,,10,1.0,0.0064814462974273936
100,logistic,10,10,"(2, 2)",ort,0.0065226368606090546,0.010581663344055414,0.01034464780241251,0.009054601844400167,0.009724572766572237,predict,0.0065226368606090546,0.008393389638513327,1,15.0,6238.0,10,,0.010581663344055414
100,logistic,10,10,"(2, 2)",skl,0.0006356379017233849,0.017395449802279472,0.0007462590001523495,0.002794797532260418,0.0006445215549319983,predict_proba,0.0006356379017233849,0.0006408677436411381,1,,,10,1.0,0.012700386422967166
100,logistic,10,10,"(2, 2)",ort,0.0041179838590323925,0.015663628932088614,0.012672617100179195,0.008858040533959865,0.007877657189965248,predict_proba,0.0041179838590323925,0.005477557890117168,1,15.0,6238.0,10,,0.015663628932088614
1,logistic,10,10,"(10, 2)",skl,0.00010496983304619789,0.000293683260679245,0.00011393660679459572,0.0001284773927181959,0.00010987743735313416,predict,0.00010496983304619789,0.00010784901678562164,1,,,10,1.0,0.00023681345310108684
1,logistic,10,10,"(10, 2)",ort,0.003012137021869421,0.01876190397888422,0.005919527728110552,0.006575483689084649,0.0058501060120761395,predict,0.003012137021869421,0.005605719052255154,1,15.0,6238.0,10,,0.014744460513051984
1,logistic,10,10,"(10, 2)",skl,0.00010593375191092491,0.00020027905702590942,0.00011659739539027214,0.00012104250490665435,0.00011081108823418617,predict_proba,0.00010593375191092491,0.0001089898869395256,1,,,10,1.0,0.000174332474206083
1,logistic,10,10,"(10, 2)",ort,0.001535980962216854,0.01111499173566699,0.004074439872056246,0.003356984117999673,0.002109955996274948,predict_proba,0.001535980962216854,0.0021075434051454067,1,15.0,6238.0,10,,0.008758188100101608
10,logistic,10,10,"(10, 2)",skl,0.00017126603052020073,0.00039103394374251366,0.00018438929691910744,0.00020182086154818535,0.00018090731464326382,predict,0.00017126603052020073,0.00017702393233776093,1,,,10,1.0,0.0003266004674662515
10,logistic,10,10,"(10, 2)",ort,0.001975977166303831,0.004737066105008125,0.0032856380566954613,0.0032649828121066094,0.00324835442006588,predict,0.0017993482761085033,0.0032472251914441586,1,15.0,6238.0,10,,0.004553988457909388
10,logistic,10,10,"(10, 2)",skl,0.0001679421402513981,0.000317250844091177,0.00018673110753297806,0.0001924005802720785,0.0001809634268283844,predict_proba,0.0001679421402513981,0.00017761997878551483,1,,,10,1.0,0.0002751228178428083
10,logistic,10,10,"(10, 2)",ort,0.003260398283600807,0.0033314060419797897,0.0033059557899832726,0.003284682799130678,0.0032745664939284325,predict_proba,0.003260398283600807,0.0032658972777426243,1,15.0,6238.0,10,,0.0033314060419797897
100,logistic,10,10,"(10, 2)",skl,0.003001788165420294,0.016228712163865566,0.0031671239994466305,0.0044641968794167045,0.003150887554511428,predict,0.003001788165420294,0.0031461529433727264,1,,,10,1.0,0.01215239884691015
100,logistic,10,10,"(10, 2)",ort,0.0001012939028441906,0.01751315128058195,0.01312281796708703,0.008452513255178928,0.007549249334260821,predict,0.0001012939028441906,0.005698838736861944,1,15.0,6238.0,10,,0.01751315128058195
100,logistic,10,10,"(10, 2)",skl,0.0007085120305418968,0.01054368494078517,0.0008144383318722248,0.0024039687123149633,0.0007139979861676693,predict_proba,0.0007085120305418968,0.0007111020386219025,1,,,10,1.0,0.009070374703956935
100,logistic,10,10,"(10, 2)",ort,0.00014685001224279404,0.00026832008734345436,0.00015363330021500587,0.000162117974832654,0.00014987611211836338,predict_proba,0.00014685001224279404,0.0001477748155593872,1,15.0,6238.0,10,,0.00023186662145251158
1,logistic,10,10,"(20, 2)",skl,0.00010674586519598961,0.00029333075508475304,0.00011664722114801407,0.00013015614822506905,0.00011030887253582478,predict,0.00010674586519598961,0.00010909512639045715,1,,,10,1.0,0.0002372203846001693
1,logistic,10,10,"(20, 2)",ort,0.0042947339825332165,0.008542271330952644,0.00813533179461956,0.006311803730204702,0.005978427594527602,predict,0.0042947339825332165,0.005552040413022041,1,15.0,6238.0,10,,0.008542271330952644
1,logistic,10,10,"(20, 2)",skl,0.00010713562369346619,0.002819404937326908,0.00017999112606048584,0.00040757949464023115,0.00012167706154286861,predict_proba,0.00010713562369346619,0.00011321902275085449,1,,,10,1.0,0.001985554455778281
1,logistic,10,10,"(20, 2)",ort,0.0021280921064317226,0.006976817734539509,0.0036239828914403915,0.0034940009005367755,0.0029632726218551397,predict_proba,0.0021280921064317226,0.0027752029709517956,1,15.0,6238.0,10,,0.006426660989317645
10,logistic,10,10,"(20, 2)",skl,0.00011570099741220474,0.0003032158128917217,0.0001332368701696396,0.00014434228651225567,0.00012213760055601597,predict,0.00011570099741220474,0.00012091780081391335,1,,,10,1.0,0.00025137752060464604
10,logistic,10,10,"(20, 2)",ort,0.0022486516751602705,0.0033633317798376083,0.0032840282656252384,0.0031231658067554235,0.003279109252616763,predict,0.00179374311119318,0.0032664071768522263,1,15.0,6238.0,10,,0.0033633317798376083
10,logistic,10,10,"(20, 2)",skl,0.00012095877900719643,0.000279339961707592,0.00013208622112870216,0.00014207726344466208,0.00012691784650087357,predict_proba,0.00012095877900719643,0.00012422818690538406,1,,,10,1.0,0.0002323354887367464
10,logistic,10,10,"(20, 2)",ort,0.002111133188009262,0.004517600871622562,0.003867694176733494,0.0030240236315876245,0.0026710687670856714,predict_proba,0.002111133188009262,0.0022508660331368446,1,15.0,6238.0,10,,0.004517600871622562
100,logistic,10,10,"(20, 2)",skl,0.00018591433763504028,0.0008773868903517723,0.00022395234555006027,0.00027431217022240163,0.00019183545373380184,predict,0.00018591433763504028,0.00018747616559267044,1,,,10,1.0,0.0006738325171178694
100,logistic,10,10,"(20, 2)",ort,0.0042228130623698235,0.02439618669450283,0.010453610215336084,0.009616953134536744,0.00742595992051065,predict,0.0042228130623698235,0.005913907196372747,1,15.0,6238.0,10,,0.02184425983035242
100,logistic,10,10,"(20, 2)",skl,0.00055289501324296,0.007043417077511549,0.0009421687573194504,0.0014896299224346876,0.0006656947080045938,predict_proba,0.00055289501324296,0.0006016436964273453,1,,,10,1.0,0.005274846111817636
100,logistic,10,10,"(20, 2)",ort,0.005871482193470001,0.01709943311288953,0.015891368966549635,0.011321852682158351,0.012319823959842324,predict_proba,0.005871482193470001,0.00649526622146368,1,15.0,6238.0,10,,0.01709943311288953
