N,count,dim,fixed_dim,lib,lower,max,max3,mean,median,method,min,min3,number,repeat,upper
1,25,10,10,skl,0.0020041720126755536,0.0021652819705195725,0.0021404510480351746,0.002062916161958128,0.002032810007221997,skl_proba,0.0020041720126755536,0.002007069007959217,20,25,0.0021652819705195725
1,25,10,10,ort,0.0007942120428197086,0.0008315770537592471,0.0008235779823735356,0.0008061464503407479,0.000802458031103015,onnx_proba,0.0007942120428197086,0.0007950789877213538,20,25,0.0008265941126704135
1,25,10,10,ort,0.0007987049757502973,0.0008791199652478099,0.0008622329914942384,0.0008399388450197876,0.0008507170132361352,ox_cast_input,0.0007987049757502973,0.000799811037722975,20,25,0.0008791199652478099
1,25,10,10,ort,0.0008531130151823163,0.000893815013114363,0.0008713389979675412,0.0008622946008108556,0.0008599580032750964,ox_mul_result,0.0008531130151823163,0.0008563040173612535,20,25,0.0008789293937845428
1,25,10,10,ort,0.0008550140191800892,0.0009022529702633619,0.0008704080246388912,0.0008631348819471895,0.000860414991620928,ox_add_result,0.0008550140191800892,0.0008572660153731704,20,25,0.0008811648663527389
1,25,10,10,ort,0.0008571560028940439,0.0009044760372489691,0.0008679320453666151,0.000862671690993011,0.0008598290150985122,ox_next_activations,0.0008571560028940439,0.0008581570000387728,20,25,0.0008806739850870361
1,25,10,10,ort,0.0008313549915328622,0.0008937719976529479,0.0008691909606568515,0.0008513680053874851,0.0008547389879822731,ox_mul_result1,0.0008313549915328622,0.0008343580411747098,20,25,0.0008835017321240445
1,25,10,10,ort,0.0008065649890340865,0.0008714639698155224,0.0008652170072309673,0.0008228602004237473,0.0008116720127873123,ox_add_result1,0.0008065649890340865,0.0008075599907897413,20,25,0.0008626227892329771
1,25,10,10,ort,0.0008018339867703617,0.0008528779726475477,0.0008322059875354171,0.0008126041502691805,0.0008048510062508285,ox_next_activations1,0.0008018339867703617,0.0008028509910218418,20,25,0.0008411674117856209
1,25,10,10,ort,0.0008014780469238758,0.000840537017211318,0.0008311590063385665,0.0008115235273726284,0.0008061580010689795,ox_mul_result2,0.0008014780469238758,0.000803956005256623,20,25,0.0008348131796752654
1,25,10,10,ort,0.0008197241251704314,0.0008669720264151692,0.0008639229927212,0.0008499322016723453,0.0008534470107406378,ox_add_result2,0.0008057240047492087,0.0008445919957011938,20,25,0.0008669720264151692
1,25,10,10,ort,0.0008508579921908677,0.0009333009948022664,0.0008766789687797427,0.0008628521603532136,0.0008560710120946169,ox_out_activations_result,0.0008508579921908677,0.0008517010137438774,20,25,0.0008982250475447402
1,25,10,10,ort,0.0008501890115439892,0.0008975790115073323,0.0008607239578850567,0.0008570541231893003,0.0008543250150978565,ox_array_feature_extractor_result,0.0008501890115439892,0.0008518850081600249,20,25,0.0008748505800836412
1,25,10,10,ort,0.0008463929989375174,0.0008885860443115234,0.000861313019413501,0.0008547839219681919,0.0008527309983037412,ox_negative_class_proba,0.0008463929989375174,0.0008492509950883687,20,25,0.0008706180184096225
1,25,10,10,ort,0.0008026529685594141,0.0009058509604074061,0.0008540439885109663,0.0008350245933979749,0.0008269739919342101,ox_probabilities,0.0008026529685594141,0.0008058810490183532,20,25,0.0008780209384419446
1,25,10,10,ort,0.000803058035671711,0.0008484050049446523,0.0008410330046899617,0.0008133404818363488,0.0008069679606705904,ox_argmax_output,0.000803058035671711,0.0008050310425460339,20,25,0.0008400813164044236
1,25,10,10,ort,0.0007970560109242797,0.0008549560443498194,0.0008259619935415685,0.0008077503298409283,0.0008005840354599059,ox_reshaped_result,0.0007970560109242797,0.0007988970028236508,20,25,0.0008355787335047719
1,25,10,10,ort,0.0008294509607367218,0.0008789660059846938,0.0008602330344729125,0.0008411957626231015,0.0008334249723702669,ox_label,0.0008294509607367218,0.0008298659813590348,20,25,0.0008677578791537872
1,25,10,10,ort,0.000824166985694319,0.0008606680203229189,0.0008556800312362611,0.0008344943658448755,0.000828694028314203,ox_output_label,0.000824166985694319,0.0008257949957624078,20,25,0.0008579879586303073
1,25,10,10,ort,0.0008254079730249941,0.000865232024807483,0.0008570739882998168,0.0008379917615093291,0.0008319920161738992,ox_output_probability,0.0008254079730249941,0.0008288119570352137,20,25,0.0008616756218698213
2,25,10,10,skl,0.0020913620246574283,0.002371942042373121,0.0022266960004344583,0.002150610045064241,0.002121517958585173,skl_proba,0.0020913620246574283,0.0020955329528078437,20,25,0.002273570746959532
2,25,10,10,ort,0.0008234290289692581,0.0009149530087597668,0.0008514329674653709,0.0008334756013937295,0.0008251350373029709,onnx_proba,0.0008234290289692581,0.0008236239664256573,20,25,0.0008712037921238876
2,25,10,10,ort,0.0008259809692390263,0.0009009430068545043,0.0008565979660488665,0.0008364836801774799,0.0008283479837700725,ox_cast_input,0.0008259809692390263,0.0008275149739347398,20,25,0.0008702255615752551
2,25,10,10,ort,0.0008232202587324887,0.0008898109663277864,0.0008881709654815495,0.0008684887550771236,0.0008792239823378623,ox_mul_result,0.0008217119611799717,0.0008254810236394405,20,25,0.0008898109663277864
2,25,10,10,ort,0.0008759369957260787,0.0009289240115322173,0.0008954390068538487,0.0008843185985460877,0.0008799110073596239,ox_add_result,0.0008759369957260787,0.000877303013112396,20,25,0.0009061103471955934
2,25,10,10,ort,0.0008780020289123058,0.0009285130072385073,0.0008887069998309016,0.0008835352025926113,0.0008806920377537608,ox_next_activations,0.0008780020289123058,0.0008786199614405632,20,25,0.0009026887056882769
2,25,10,10,ort,0.0008774339803494513,0.0009168909746222198,0.000890196010004729,0.0008839270868338645,0.0008814919856376946,ox_mul_result1,0.0008774339803494513,0.0008784439996816218,20,25,0.0008991109606932369
2,25,10,10,ort,0.0008309640106745064,0.0009194849990308285,0.0008873369661159813,0.0008635966316796839,0.0008599789580330253,ox_add_result1,0.0008309640106745064,0.000835337967146188,20,25,0.000906003234940382
2,25,10,10,ort,0.0008254210115410388,0.0008655179990455508,0.0008516500238329172,0.0008335359604097903,0.0008294070139527321,ox_next_activations1,0.0008254210115410388,0.0008272519917227328,20,25,0.0008537717405532727
2,25,10,10,ort,0.0008210949599742889,0.000892775016836822,0.0008737759781070054,0.0008359050750732422,0.000825512979645282,ox_mul_result2,0.0008210949599742889,0.000822779955342412,20,25,0.0008765721585128642
2,25,10,10,ort,0.0008702340419404209,0.0009140070178546011,0.0008930420153774321,0.0008789404924027622,0.0008763650548644364,ox_add_result2,0.0008702340419404209,0.000872222997713834,20,25,0.0008974622431228415
2,25,10,10,ort,0.0008769539999775589,0.0009135919972322881,0.0008930009789764881,0.000886141040828079,0.0008850570302456617,ox_out_activations_result,0.0008769539999775589,0.0008805100223980844,20,25,0.00090025910344215
2,25,10,10,ort,0.0008769260020926595,0.0009185030357912183,0.0008853480103425682,0.0008827327215112746,0.0008801519870758057,ox_array_feature_extractor_result,0.0008769260020926595,0.0008779549971222878,20,25,0.0008984227040143708
2,25,10,10,ort,0.0008647390519519931,0.0009265150292776525,0.0008907989831641316,0.0008856727625243365,0.0008851159946061671,ox_negative_class_proba,0.0008574279490858316,0.0008827779674902558,20,25,0.00090660647309668
2,25,10,10,ort,0.0008301349589601159,0.0008855490013957024,0.000863139983266592,0.0008505783276632428,0.0008545660530216992,ox_probabilities,0.0008301349589601159,0.0008311130222864449,20,25,0.0008774733918859725
2,25,10,10,ort,0.0008281819755211473,0.0008857370121404529,0.0008659839513711631,0.0008370813145302236,0.0008304010261781514,ox_argmax_output,0.0008281819755211473,0.000829355965834111,20,25,0.0008666036933274251
2,25,10,10,ort,0.0008266019867733121,0.0008708249661140144,0.0008564390009269118,0.0008371921605430544,0.0008313689613714814,ox_reshaped_result,0.0008266019867733121,0.0008291180129162967,20,25,0.0008614564166805939
2,25,10,10,ort,0.0008253820124082267,0.0008887940202839673,0.0008774320012889802,0.0008412742475047707,0.0008298360044136643,ox_label,0.0008253820124082267,0.0008278490277007222,20,25,0.0008805268458731904
2,25,10,10,ort,0.0008744230144657195,0.0009125430369749665,0.0008902679546736181,0.0008842175942845642,0.0008827660349197686,ox_output_label,0.0008744230144657195,0.000876965990755707,20,25,0.0009003433358053247
2,25,10,10,ort,0.0008738100295886397,0.000913212017621845,0.0008859590161591768,0.0008801978034898638,0.0008778009796515107,ox_output_probability,0.0008738100295886397,0.0008755230228416622,20,25,0.0008953020567017417
5,25,10,10,skl,0.0021387659944593906,0.0024644810473546386,0.0022959139896556735,0.002258303805720061,0.002273457997944206,skl_proba,0.0021387659944593906,0.002203362004365772,20,25,0.0023790323421854246
5,25,10,10,ort,0.0008556940010748804,0.0009388689650222659,0.0008824010146781802,0.0008634817297570407,0.0008579569985158741,onnx_proba,0.0008556940010748804,0.000856605009175837,20,25,0.0008965424389377606
5,25,10,10,ort,0.0008519769762642682,0.0009414469823241234,0.0008926339796744287,0.0008680667541921138,0.0008549490012228489,ox_cast_input,0.0008519769762642682,0.0008532609790563583,20,25,0.0009114116778550614
5,25,10,10,ort,0.0008520900155417621,0.010824352968484163,0.0009107650257647038,0.0015262784413062037,0.0009017459815368056,ox_mul_result,0.0008520900155417621,0.0008529610349796712,20,25,0.005926984067138954
5,25,10,10,ort,0.0009002559818327427,0.010730576992500573,0.007126467011403292,0.001795726076234132,0.0009021279984153807,ox_add_result,0.0009002559818327427,0.0009008219931274652,20,25,0.006664657618091454
5,25,10,10,ort,0.000853909004945308,0.007985086005646735,0.0009130750549957156,0.0011708360840566457,0.0008817689958959818,ox_next_activations,0.000853909004945308,0.0008785440004430711,20,25,0.003897359069214905
5,25,10,10,ort,0.00085103401215747,0.0009088109945878386,0.0008757149917073548,0.0008584464760497212,0.0008538599940948188,ox_mul_result1,0.00085103401215747,0.0008515999652445316,20,25,0.000883039506248246
5,25,10,10,ort,0.0008517179521732032,0.0008891459438018501,0.0008807360427454114,0.0008589235180988908,0.0008544869488105178,ox_add_result1,0.0008517179521732032,0.0008524839649908245,20,25,0.0008798001909124258
5,25,10,10,ort,0.0008481169934384525,0.0008804509998299181,0.0008743699872866273,0.0008559930836781859,0.0008520970004610717,ox_next_activations1,0.0008481169934384525,0.0008499700343236327,20,25,0.0008727090798736672
5,25,10,10,ort,0.0008485059952363372,0.009832195995841175,0.006974154966883361,0.001784991833847016,0.0009039000142365694,ox_mul_result2,0.0008485059952363372,0.0008666089852340519,20,25,0.00657513413836831
5,25,10,10,ort,0.0009001630241982639,0.009746809024363756,0.0009410709608346224,0.0015477795549668372,0.0009043850004673004,ox_add_result2,0.0009001630241982639,0.0009013479575514793,20,25,0.0058386592218952005
5,25,10,10,ort,0.0008497529779560864,0.0009293390321545303,0.0008827379788272083,0.0008694603154435754,0.0008761609788052738,ox_out_activations_result,0.0008497529779560864,0.0008505759760737419,20,25,0.0009044560642414687
5,25,10,10,ort,0.0008435740019194782,0.0008806150290183723,0.0008680819883011281,0.0008499468909576535,0.0008461860124953091,ox_array_feature_extractor_result,0.0008435740019194782,0.0008445620187558234,20,25,0.0008677980231603882
5,25,10,10,ort,0.0008460319950245321,0.0009022820158861578,0.0008697329903952777,0.0008543108380399644,0.0008490299805998802,ox_negative_class_proba,0.0008460319950245321,0.000846880953758955,20,25,0.0008791243681668575
5,25,10,10,ort,0.0008451269823126495,0.006972704024519771,0.000896918005309999,0.0011028226022608578,0.0008498430252075195,ox_probabilities,0.0008451269823126495,0.0008463109843432903,20,25,0.0034515056474146294
5,25,10,10,ort,0.0008974059601314366,0.01045434596017003,0.007430033991113305,0.0018144356412813068,0.000904727028682828,ox_argmax_output,0.0008974059601314366,0.0009013349772430956,20,25,0.006724347808945227
5,25,10,10,ort,0.0008757049799896777,0.0074150520376861095,0.0032706240308471024,0.0014794484851881862,0.0009032280067913234,ox_reshaped_result,0.0008757049799896777,0.0008997560362331569,20,25,0.004768516238649627
5,25,10,10,ort,0.0008466499857604504,0.0009192840079776943,0.0008824690012261271,0.0008663410390727222,0.0008719390025362372,ox_label,0.0008466499857604504,0.000847560993861407,20,25,0.0008998572273655954
5,25,10,10,ort,0.0008409630390815437,0.0008860360248945653,0.0008702330524101853,0.0008493994106538594,0.0008441940299235284,ox_output_label,0.0008409630390815437,0.0008423360413871706,20,25,0.0008728268815862516
5,25,10,10,ort,0.0008457709918729961,0.009503630979452282,0.004331451025791466,0.0016090474370867014,0.0008965409942902625,ox_output_probability,0.0008457709918729961,0.0008469350286759436,20,25,0.00572089508954243
10,25,10,10,skl,0.0022873239940963686,0.0023252269602380693,0.0023053939803503454,0.002298000962473452,0.002296769991517067,skl_proba,0.0022873239940963686,0.00229114101966843,20,25,0.0023133489617623783
10,25,10,10,ort,0.000930217036511749,0.0009597299504093826,0.0009459169814363122,0.000939043837133795,0.0009384769946336746,onnx_proba,0.000930217036511749,0.0009322650148533285,20,25,0.0009514339166768034
10,25,10,10,ort,0.00094209099188447,0.0009921760065481067,0.0009538050508126616,0.0009485626849345863,0.0009455460240133107,ox_cast_input,0.00094209099188447,0.0009434720268473029,20,25,0.0009677240802690391
10,25,10,10,ort,0.0009452110389247537,0.0009865399915724993,0.0009600819903425872,0.0009519946831278502,0.0009492960525676608,ox_mul_result,0.0009452110389247537,0.0009468149510212243,20,25,0.0009683581425925722
10,25,10,10,ort,0.0009457229753024876,0.0009831879870034754,0.000958274002186954,0.0009523307229392231,0.0009500979795120656,ox_add_result,0.0009457229753024876,0.0009469750220887363,20,25,0.0009671076316404328
10,25,10,10,ort,0.0009412990184500813,0.0009738960070535541,0.0009593380382284522,0.0009497826080769301,0.0009470789809711277,ox_next_activations,0.0009412990184500813,0.0009437890257686377,20,25,0.0009644490940339369
10,25,10,10,ort,0.0009426369797438383,0.000976952025666833,0.0009579919860698283,0.0009501676657237112,0.0009477369603700936,ox_mul_result1,0.0009426369797438383,0.0009446089970879257,20,25,0.0009638889079054132
10,25,10,10,ort,0.0009393909713253379,0.0009756989893503487,0.0009565919754095376,0.0009486906393431127,0.0009470530203543603,ox_add_result1,0.0009393909713253379,0.0009439190034754574,20,25,0.0009624712033671851
10,25,10,10,ort,0.0009450700017623603,0.0009807409951463342,0.0009602810023352504,0.0009517795266583562,0.0009483250323683023,ox_next_activations1,0.0009450700017623603,0.0009464860195294023,20,25,0.0009668559386608905
10,25,10,10,ort,0.0009421459981240332,0.0009813379729166627,0.0009540049941278994,0.0009481493197381496,0.0009444020106457174,ox_mul_result2,0.0009421459981240332,0.0009432559600099921,20,25,0.0009635944843920694
10,25,10,10,ort,0.0009389020269736648,0.0009770449833013117,0.0009547179797664285,0.0009474979573860765,0.0009447159827686846,ox_add_result2,0.0009389020269736648,0.0009426100295968354,20,25,0.0009628337114183508
10,25,10,10,ort,0.0009409560007043183,0.0009803189896047115,0.0009541379986330867,0.0009484126791357994,0.00094698800239712,ox_out_activations_result,0.0009409560007043183,0.0009424310410395265,20,25,0.0009635122680111118
10,25,10,10,ort,0.0009440399589948356,0.0009814589866437018,0.0009591609705239534,0.0009502536756917834,0.0009475249680690467,ox_array_feature_extractor_result,0.0009440399589948356,0.0009450449724681675,20,25,0.0009655423252868475
10,25,10,10,ort,0.0009404689772054553,0.000975723029114306,0.0009503639885224402,0.0009453475219197571,0.0009439220302738249,ox_negative_class_proba,0.0009404689772054553,0.0009408380137756467,20,25,0.0009589060824092444
10,25,10,10,ort,0.0009387699537910521,0.007961193041410297,0.0009718409855850041,0.0012665810831822455,0.0009436560212634504,ox_probabilities,0.0009387699537910521,0.0009410259663127363,20,25,0.003973059912519587
10,25,10,10,ort,0.0009433880331926048,0.010065800976008177,0.007939594972413033,0.0022352470806799828,0.0009491990203969181,ox_argmax_output,0.0009433880331926048,0.00094507698668167,20,25,0.008072901158035328
10,25,10,10,ort,0.0009442459559068084,0.010004877985920757,0.0009901630110107362,0.001592557562980801,0.0009493499528616667,ox_reshaped_result,0.0009442459559068084,0.00094639603048563,20,25,0.005892498509290526
10,25,10,10,ort,0.0009389090118929744,0.0009967549704015255,0.0009550880058668554,0.0009478729590773582,0.0009451989899389446,ox_label,0.0009389090118929744,0.0009427070035599172,20,25,0.0009691139406325746
10,25,10,10,ort,0.000941901991609484,0.0009800259722396731,0.0009628040133975446,0.0009502954804338514,0.0009476160048507154,ox_output_label,0.000941901991609484,0.0009433539817109704,20,25,0.0009666945523609557
10,25,10,10,ort,0.0009125329778094134,0.0009765030117705464,0.0009486349881626666,0.000938449208624661,0.0009394640219397843,ox_output_probability,0.0009084329940378666,0.0009352390188723803,20,25,0.0009643654394399086
20,25,10,10,skl,0.0023206690093502402,0.002616616024170071,0.002396791009232402,0.002390482285991311,0.002388908003922552,skl_proba,0.0023206690093502402,0.0023475770140066743,20,25,0.0024904701611561564
20,25,10,10,ort,0.0009580579935573041,0.0011135920067317784,0.0010052770376205444,0.000981084555387497,0.000968772976193577,onnx_proba,0.0009580579935573041,0.0009598640026524663,20,25,0.0010428930642794674
20,25,10,10,ort,0.0010189660242758691,0.013138175010681152,0.0011324930237606168,0.0019036398432217539,0.0010349330259487033,ox_cast_input,0.0010189660242758691,0.0010230840416625142,20,25,0.007705443420568135
20,25,10,10,ort,0.0009969260427169502,0.021043951041065156,0.0010722869774326682,0.0019839532789774237,0.0010244129807688296,ox_mul_result,0.0009969260427169502,0.0009976610308513045,20,25,0.00976936316704049
20,25,10,10,ort,0.0009578749886713922,0.0010287430486641824,0.0009949629893526435,0.0009711008821614086,0.0009616650058887899,ox_add_result,0.0009578749886713922,0.0009588280227035284,20,25,0.0010046658911189476
20,25,10,10,ort,0.0009596860036253929,0.0010040929773822427,0.0009846450411714613,0.0009700100356712937,0.000962494988925755,ox_next_activations,0.0009596860036253929,0.0009604849619790912,20,25,0.0009952158249648103
20,25,10,10,ort,0.000958380987867713,0.000988991989288479,0.0009868770139291883,0.000969641322735697,0.0009633100125938654,ox_mul_result1,0.000958380987867713,0.0009612630237825215,20,25,0.000988991989288479
20,25,10,10,ort,0.0009992120703734293,0.001032105996273458,0.0010298200068064034,0.0010213049221783877,0.0010239779949188232,ox_add_result1,0.0009876879630610347,0.0010208039893768728,20,25,0.001032105996273458
20,25,10,10,ort,0.0010176459909416735,0.001061032002326101,0.0010319330031052232,0.0010250205220654607,0.001021314994432032,ox_next_activations1,0.0010176459909416735,0.0010196489747613668,20,25,0.0010457488721673084
20,25,10,10,ort,0.0010153119801543653,0.0010548129794187844,0.0010262089781463146,0.0010210866504348813,0.0010187060106545687,ox_mul_result2,0.0010153119801543653,0.0010157530196011066,20,25,0.0010364345809138159
20,25,10,10,ort,0.0010200259857811034,0.0010608420125208795,0.0010353109682910144,0.001027814275585115,0.0010268260375596583,ox_add_result2,0.0010200259857811034,0.0010212180204689503,20,25,0.0010444369316519857
20,25,10,10,ort,0.0010255179950036108,0.0010689549962989986,0.0010395279969088733,0.0010313125979155302,0.0010280419955961406,ox_out_activations_result,0.0010255179950036108,0.001025750010740012,20,25,0.0010486155304847062
20,25,10,10,ort,0.0010248100152239203,0.0010642280103638768,0.0010402050102129579,0.0010310366470366716,0.0010285599855706096,ox_array_feature_extractor_result,0.0010248100152239203,0.0010265869786962867,20,25,0.0010465953832143498
20,25,10,10,ort,0.0010203259880654514,0.001061732997186482,0.0010362789616920054,0.0010297296452336014,0.0010279680136591196,ox_negative_class_proba,0.0010203259880654514,0.0010244110017083585,20,25,0.0010449984238054583
20,25,10,10,ort,0.0010238169925287366,0.0010611009784042835,0.001041176961734891,0.0010309047577902674,0.0010289349593222141,ox_probabilities,0.0010238169925287366,0.0010256679961457849,20,25,0.0010459132125167317
20,25,10,10,ort,0.0010237290407530963,0.0010639840038493276,0.0010374659905210137,0.0010313326050527393,0.0010284269810654223,ox_argmax_output,0.0010237290407530963,0.0010248880134895444,20,25,0.0010492833600753068
20,25,10,10,ort,0.0010194540373049676,0.0010562690440565348,0.0010287319892086089,0.0010244902921840548,0.0010222530108876526,ox_reshaped_result,0.0010194540373049676,0.0010201979894191027,20,25,0.0010385327294126852
20,25,10,10,ort,0.000988018000498414,0.0010559360380284488,0.0010311249643564224,0.0010181687609292567,0.0010248770122416317,ox_label,0.000988018000498414,0.000989884021691978,20,25,0.0010528237282088617
20,25,10,10,ort,0.0010270479833707213,0.0010887029930017889,0.0010459370096214116,0.0010356577998027205,0.0010323820170015097,ox_output_label,0.0010270479833707213,0.0010284879826940596,20,25,0.0010590622201172245
20,25,10,10,ort,0.0010224379948340356,0.0010556159541010857,0.001033678010571748,0.001029144236817956,0.0010276729590259492,ox_output_probability,0.0010224379948340356,0.0010241540148854256,20,25,0.001041967151254805
50,25,10,10,skl,0.0025472130510024726,0.002826581010594964,0.002632847987115383,0.0026239137654192747,0.0026195000391453505,skl_proba,0.0025472130510024726,0.002608798968140036,20,25,0.002711537766324869
50,25,10,10,ort,0.0012934369733557105,0.0014315570006147027,0.0013039089972153306,0.0013027626019902526,0.0012962769833393395,onnx_proba,0.0012934369733557105,0.0012938029831275344,20,25,0.0013547805012882456
50,25,10,10,ort,0.0012633481325768315,0.0013539470382966101,0.0013090900029055774,0.0012980651995167136,0.0012993370182812214,ox_cast_input,0.0012612290447577834,0.0012837090180255473,20,25,0.0013327822664565957
50,25,10,10,ort,0.0012894720421172678,0.0013256630045361817,0.0013048590044490993,0.0012983647570945322,0.0012968949740752578,ox_mul_result,0.0012894720421172678,0.0012932539684697986,20,25,0.0013127023880448304
50,25,10,10,ort,0.0012921070447191596,0.0013352659880183637,0.0013022199855186045,0.0012991506815887989,0.0012971870019100606,ox_add_result,0.0012921070447191596,0.0012937590363435447,20,25,0.0013151060259385158
50,25,10,10,ort,0.0012509819935075939,0.0013267130125313997,0.0013029429828748107,0.0012776434421539306,0.0012771019828505814,ox_next_activations,0.0012509819935075939,0.00125309603754431,20,25,0.0013217235321098808
50,25,10,10,ort,0.0012899159919470549,0.001339697977527976,0.0013090340071357787,0.0012984737567603589,0.0012945850030519068,ox_mul_result1,0.0012899159919470549,0.0012922270107083023,20,25,0.0013183319135637223
50,25,10,10,ort,0.0012946539791300893,0.001336512970738113,0.0013094850000925362,0.0013026374718174338,0.0013001079787500203,ox_add_result1,0.0012946539791300893,0.00129662302788347,20,25,0.0013186568142969615
50,25,10,10,ort,0.0012966160429641604,0.001339321956038475,0.0013135250192135572,0.0013066160050220787,0.0013062430080026388,ox_next_activations1,0.0012966160429641604,0.001300763979088515,20,25,0.001322463575312373
50,25,10,10,ort,0.0013021919876337051,0.00134422502014786,0.0013175669591873884,0.0013101921160705388,0.001307668979279697,ox_mul_result2,0.0013021919876337051,0.0013045610394328833,20,25,0.0013261898976099035
50,25,10,10,ort,0.0012591039994731545,0.0013367279898375273,0.0013136930065229535,0.001294565754942596,0.0012970359530299902,ox_add_result2,0.0012591039994731545,0.0012615930172614753,20,25,0.0013317468169064867
50,25,10,10,ort,0.0012300090165808797,0.0013153780018910766,0.0012736079515889287,0.0012490849965251982,0.0012385369627736509,ox_out_activations_result,0.0012300090165808797,0.001233463000971824,20,25,0.001288961735329708
50,25,10,10,ort,0.0012225430109538138,0.0013156809727661312,0.0013103980454616249,0.0012737331981770694,0.0013002249761484563,ox_array_feature_extractor_result,0.0012225430109538138,0.0012277729692868888,20,25,0.0013156809727661312
50,25,10,10,ort,0.0013057449832558632,0.0013536910410039127,0.0013248709728941321,0.0013162348396144807,0.0013134040054865181,ox_negative_class_proba,0.0013057449832558632,0.0013102780212648213,20,25,0.0013339258807853259
50,25,10,10,ort,0.0012973250122740865,0.0013525959802791476,0.0013157649664208293,0.0013097904832102358,0.0013077369658276439,ox_probabilities,0.0012973250122740865,0.0013014860451221466,20,25,0.0013301351920808459
50,25,10,10,ort,0.0012319780071265996,0.001344638003502041,0.001318282971624285,0.001286696356255561,0.001291160995606333,ox_argmax_output,0.0012319780071265996,0.0012370800250209868,20,25,0.001344638003502041
50,25,10,10,ort,0.0013000399922020733,0.0013425329816527665,0.0013186049764044583,0.0013081750832498074,0.0013053040020167828,ox_reshaped_result,0.0013000399922020733,0.0013015010044910014,20,25,0.0013253700071621478
50,25,10,10,ort,0.0013018220197409391,0.0013570259907282889,0.0013243730063550174,0.0013172211195342242,0.0013161550159566104,ox_label,0.0013018220197409391,0.0013106869882903993,20,25,0.0013364153620741741
50,25,10,10,ort,0.001239921031031725,0.0013582469546236098,0.0013206249568611383,0.0012970691965892912,0.0013118049828335643,ox_output_label,0.0012392839998938143,0.0012731010210700333,20,25,0.0013542173621468572
50,25,10,10,ort,0.0013012040290050209,0.0013490099809132516,0.0013205040013417602,0.0013146000378765166,0.0013136620400473475,ox_output_probability,0.0013012040290050209,0.0013083480298519135,20,25,0.0013313740330113948
100,25,10,10,skl,0.0029703070176765323,0.003262320999056101,0.002994900045450777,0.0029932242492213845,0.0029817670001648366,skl_proba,0.0029703070176765323,0.002975695999339223,20,25,0.0031016270747998877
100,25,10,10,ort,0.0017251310055144131,0.0019034490105696023,0.0017445950070396066,0.0017402669182047248,0.00173356500454247,onnx_proba,0.0017251310055144131,0.0017291750409640372,20,25,0.0018062052832087173
100,25,10,10,ort,0.0016857044014009573,0.001791774993762374,0.001736105012241751,0.0017258887621574104,0.0017283580382354558,ox_cast_input,0.0016789599903859198,0.0017060189857147634,20,25,0.0017660731229138635
100,25,10,10,ort,0.0017401929944753647,0.0017856970080174506,0.0017610069480724633,0.0017499657208099961,0.0017457050271332264,ox_mul_result,0.0017401929944753647,0.0017414179746992886,20,25,0.001769546787219507
100,25,10,10,ort,0.001625054981559515,0.001774295000359416,0.001738153980113566,0.0016799629991874098,0.0016738440026529133,ox_add_result,0.001625054981559515,0.001628096040803939,20,25,0.0017669731058762943
100,25,10,10,ort,0.0016240089898929,0.0016990589792840183,0.0016522659570910037,0.0016386487567797304,0.0016306470497511327,ox_next_activations,0.0016240089898929,0.0016268070321530104,20,25,0.0016714918467385501
100,25,10,10,ort,0.001625317963771522,0.001668925047852099,0.0016536189941689372,0.001636661202646792,0.0016320630093105137,ox_mul_result1,0.001625317963771522,0.0016265640151686966,20,25,0.001659508558381471
100,25,10,10,ort,0.0016251690103672445,0.0017356520402245224,0.0017330970149487257,0.0016689342400059105,0.0016551520093344152,ox_add_result1,0.0016251690103672445,0.0016311079962179065,20,25,0.0017356520402245224
100,25,10,10,ort,0.0017234580009244382,0.0017727809608913958,0.0017375850002281368,0.0017336015566252173,0.0017315250006504357,ox_next_activations1,0.0017234580009244382,0.0017280550091527402,20,25,0.001750919636844372
100,25,10,10,ort,0.0016740990104153752,0.001792155031580478,0.0017417329945601523,0.0017230414901860057,0.0017294759745709598,ox_mul_result2,0.0016740990104153752,0.0016785900224931538,20,25,0.0017771153394138632
100,25,10,10,ort,0.001638775982428342,0.0017284330097027123,0.0016696280217729509,0.0016562238777987658,0.0016444489592686296,ox_add_result2,0.001638775982428342,0.0016412290278822184,20,25,0.0017024722007118096
100,25,10,10,ort,0.0016357889981009066,0.0016745750326663256,0.0016711620264686644,0.0016486716433428228,0.0016441380139440298,ox_out_activations_result,0.0016357889981009066,0.0016368899960070848,20,25,0.0016730480395762122
100,25,10,10,ort,0.0016817226582047967,0.0017836969927884638,0.0017436729976907372,0.0017280195211060345,0.0017310839612036943,ox_array_feature_extractor_result,0.001637717999983579,0.001724826986901462,20,25,0.0017743163840072723
100,25,10,10,ort,0.0017282560002058744,0.0017808389966376126,0.0017472610343247652,0.0017391095217317342,0.0017368660192005336,ox_negative_class_proba,0.0017282560002058744,0.001730462012346834,20,25,0.0017604635807385877
100,25,10,10,ort,0.00162992300465703,0.0017788970144465566,0.0017004479886963964,0.00167363099521026,0.0016701860004104674,ox_probabilities,0.00162992300465703,0.0016394240083172917,20,25,0.0017383616428442833
100,25,10,10,ort,0.001635631953831762,0.0017453489708714187,0.0017413930036127567,0.0016926399176009,0.0016988749848678708,ox_argmax_output,0.001635631953831762,0.0016407269868068397,20,25,0.0017453489708714187
100,25,10,10,ort,0.0017341449856758118,0.0018043069867417216,0.001755008997861296,0.0017481097555719317,0.0017457329668104649,ox_reshaped_result,0.0017341449856758118,0.0017400900251232088,20,25,0.0017738196124490568
100,25,10,10,ort,0.0016340040019713342,0.0017793620354495943,0.0017496499931439757,0.0017048839549534023,0.0017155239474959671,ox_label,0.0016340040019713342,0.0016390139935538173,20,25,0.0017793620354495943
100,25,10,10,ort,0.0016294189845211804,0.0016688280156813562,0.0016622150433249772,0.001643282484728843,0.0016390579985454679,ox_output_label,0.0016294189845211804,0.0016321500297635794,20,25,0.001666452564393989
100,25,10,10,ort,0.0016206689761020243,0.0016672720084898174,0.0016557910130359232,0.0016354478476569055,0.0016292700311169028,ox_output_probability,0.0016206689761020243,0.001623710966669023,20,25,0.0016618692818800725
200,25,10,10,skl,0.0034678360098041594,0.003700060013215989,0.003520516969729215,0.003506517841015011,0.0035002549993805587,skl_proba,0.0034678360098041594,0.0034805070026777685,20,25,0.003594357330234581
200,25,10,10,ort,0.002404893981292844,0.002525646996218711,0.0024480780120939016,0.0024259127210825683,0.0024155499995686114,onnx_proba,0.002404893981292844,0.002407415013294667,20,25,0.002474870301534538
200,25,10,10,ort,0.002450449042953551,0.0025730530032888055,0.002485260018147528,0.002472045444883406,0.002463253040332347,ox_cast_input,0.002450449042953551,0.0024539430160075426,20,25,0.0025193564007954944
200,25,10,10,ort,0.002451830019708723,0.002499197027646005,0.00248237099731341,0.0024686338868923486,0.0024670269922353327,ox_mul_result,0.002451830019708723,0.0024540949962101877,20,25,0.0024954123889309007
200,25,10,10,ort,0.0024360129609704018,0.0024993499973788857,0.0024638909962959588,0.0024515403248369693,0.002446574973873794,ox_add_result,0.0024360129609704018,0.0024389540194533765,20,25,0.0024779359336036524
200,25,10,10,ort,0.002438604016788304,0.0024869340122677386,0.0024762210086919367,0.0024562711268663407,0.002456951013300568,ox_next_activations,0.002438604016788304,0.00244209700031206,20,25,0.0024822702884442975
200,25,10,10,ort,0.0024323909892700613,0.0024823469575494528,0.002470137958880514,0.00245083840098232,0.002443558012600988,ox_mul_result1,0.0024323909892700613,0.002436586015392095,20,25,0.002479288156485945
200,25,10,10,ort,0.0024435290251858532,0.0024855590309016407,0.0024813199997879565,0.0024631788325496016,0.002468470949679613,ox_add_result1,0.0024435290251858532,0.002444554993417114,20,25,0.0024855590309016407
200,25,10,10,ort,0.0024300450459122658,0.002507436031010002,0.0024713760358281434,0.0024562494037672876,0.00245641398942098,ox_next_activations1,0.0024300450459122658,0.002437896968331188,20,25,0.0024909264941918225
200,25,10,10,ort,0.002445527003146708,0.0025315380189567804,0.0024852139758877456,0.0024664757610298694,0.0024667480029165745,ox_mul_result2,0.002445527003146708,0.00244944600854069,20,25,0.002502102814825198
200,25,10,10,ort,0.0024437549873255193,0.0025108670233748853,0.0024807429872453213,0.002462610239163041,0.0024539449950680137,ox_add_result2,0.0024437549873255193,0.002447045990265906,20,25,0.0024955961434530113
200,25,10,10,ort,0.002448792045470327,0.002614157972857356,0.0026037670322693884,0.0025182692799717186,0.002473625005222857,ox_out_activations_result,0.002448792045470327,0.002450888976454735,20,25,0.002614157972857356
200,25,10,10,ort,0.0025451898196667986,0.0026464289985597134,0.002599967992864549,0.0025880574039183557,0.00258933799341321,ox_array_feature_extractor_result,0.0025045759975910187,0.0025811090017668903,20,25,0.002630924988169913
200,25,10,10,ort,0.0024315440095961094,0.0025595779879949987,0.00250239297747612,0.002456297753378749,0.0024409559555351734,ox_negative_class_proba,0.0024315440095961094,0.002433123008813709,20,25,0.0025171179327496654
200,25,10,10,ort,0.0024308860301971436,0.00260125903878361,0.002594843041151762,0.002516979007050395,0.002494539017789066,ox_probabilities,0.0024308860301971436,0.0024374480126425624,20,25,0.00260125903878361
200,25,10,10,ort,0.002515704547553373,0.002619725011754781,0.0025822409661486745,0.0025685311621055007,0.0025764620513655245,ox_argmax_output,0.002495480002835393,0.002565030998084694,20,25,0.002619725011754781
200,25,10,10,ort,0.00241816503694281,0.0025408589863218367,0.0024723620153963566,0.00244478412438184,0.002438813040498644,ox_reshaped_result,0.00241816503694281,0.0024272319860756397,20,25,0.002492625341805423
200,25,10,10,ort,0.002417138952296227,0.0025793350068852305,0.002572717028670013,0.002457931195385754,0.0024380289833061397,ox_label,0.002417138952296227,0.002425276965368539,20,25,0.002556352959852101
200,25,10,10,ort,0.002574455982539803,0.002642024017404765,0.0025945549714379013,0.0025864345161244274,0.0025846579810604453,ox_output_label,0.002574455982539803,0.002576458966359496,20,25,0.0026117202483353793
200,25,10,10,ort,0.002416574046947062,0.0026115180226042867,0.0025729209883138537,0.0024749928433448077,0.0024422580027021468,ox_output_probability,0.002416574046947062,0.002421429962851107,20,25,0.00259251504448967
500,25,10,10,skl,0.005464677000418305,0.005898062023334205,0.005884556972887367,0.005719652411062271,0.005798983038403094,skl_proba,0.005464677000418305,0.005498879996594042,20,25,0.005898062023334205
500,25,10,10,ort,0.004683860985096544,0.005103007017169148,0.004981992009561509,0.004808182592969387,0.00471622496843338,onnx_proba,0.004683860985096544,0.004692987946327776,20,25,0.00507303108376231
500,25,10,10,ort,0.004762727010529488,0.005271840956993401,0.005080804985482246,0.004922224879264831,0.00481338199460879,ox_cast_input,0.004762727010529488,0.004780532966833562,20,25,0.005222725261075494
500,25,10,10,ort,0.0047762216500353205,0.005080226983409375,0.005067249003332108,0.004987624483183026,0.005051938001997769,ox_mul_result,0.004760926007293165,0.004823815019335598,20,25,0.005080226983409375
500,25,10,10,ort,0.004734517016913742,0.0050414479919709265,0.005026224011089653,0.004793319320306182,0.004760415002238005,ox_add_result,0.004734517016913742,0.004742933029774576,20,25,0.004969783446828737
500,25,10,10,ort,0.005044949997682124,0.005111064994707704,0.005072575993835926,0.005056335162371397,0.005052615015301853,ox_next_activations,0.005044949997682124,0.005046667996793985,20,25,0.00508272352096885
500,25,10,10,ort,0.005034075002186,0.00508540595183149,0.005055371962953359,0.005046443201135844,0.005045956000685692,ox_mul_result1,0.005034075002186,0.0050363289774395525,20,25,0.005066626586224419
500,25,10,10,ort,0.005044229968916625,0.005108963989187032,0.005069216014817357,0.00505783831467852,0.005054681969340891,ox_add_result1,0.005044229968916625,0.005049013008829206,20,25,0.005082880783962275
500,25,10,10,ort,0.005029795982409269,0.0050856140442192554,0.005063657008577138,0.005046337202657014,0.005043216980993748,ox_next_activations1,0.005029795982409269,0.005032050015870482,20,25,0.00507164700833465
500,25,10,10,ort,0.005051264015492052,0.014175599033478647,0.013185504998546094,0.006881682800594717,0.0050674889935180545,ox_mul_result2,0.005051264015492052,0.005057284026406705,20,25,0.013337691054190911
500,25,10,10,ort,0.005058548995293677,0.005128065997269005,0.005086568999104202,0.005075554193463176,0.005073302949313074,ox_add_result2,0.005058548995293677,0.005064098979346454,20,25,0.005103140886839546
500,25,10,10,ort,0.004996550127742713,0.005094513006042689,0.005065199977252632,0.005043897291179746,0.005045757978223264,ox_out_activations_result,0.00494681199779734,0.005032777029555291,20,25,0.00509124445461678
500,25,10,10,ort,0.005026726052165031,0.017208799021318555,0.005077307985629886,0.005533059076406062,0.0050382279441691935,ox_array_feature_extractor_result,0.005026726052165031,0.005029384978115559,20,25,0.01020452961559987
500,25,10,10,ort,0.004772579006385058,0.017180157999973744,0.005103833973407745,0.005927147995680571,0.0050311380182392895,ox_negative_class_proba,0.004772579006385058,0.004790976992808282,20,25,0.01240357105906735
500,25,10,10,ort,0.0050515710026957095,0.0051282899803482,0.005099155998323113,0.005077325128950178,0.0050767899956554174,ox_probabilities,0.0050515710026957095,0.005058205977547914,20,25,0.005116349580340897
500,25,10,10,ort,0.00503046897938475,0.005135010054800659,0.0050786230131052434,0.005057049051392823,0.005054125969763845,ox_argmax_output,0.00503046897938475,0.005038137023802847,20,25,0.005098808924462467
500,25,10,10,ort,0.005036997026763856,0.014129097980912775,0.012122950050979853,0.006662059326190501,0.005049722967669368,ox_reshaped_result,0.005036997026763856,0.005039068986661732,20,25,0.012838672246736117
500,25,10,10,ort,0.004759591014590114,0.014067855023313314,0.013951722998172045,0.008641793241258711,0.00879526702919975,ox_label,0.004759591014590114,0.004882049979642034,20,25,0.014067855023313314
500,25,10,10,ort,0.004791268962435424,0.015658924996387213,0.013631422014441341,0.007882753405719995,0.005074604006949812,ox_output_label,0.004791268962435424,0.005032907996792346,20,25,0.01536761867012789
500,25,10,10,ort,0.004865258990321308,0.01473545900080353,0.014578056987375021,0.009205452664755285,0.010004454001318663,ox_output_probability,0.004865258990321308,0.005024903977755457,20,25,0.01473545900080353
1000,25,10,10,skl,0.00871524098329246,0.009352797991596162,0.009305948042310774,0.008901913799345493,0.008762129989918321,skl_proba,0.00871524098329246,0.008723359962459654,20,25,0.009352797991596162
1000,25,10,10,ort,0.02049331896705553,0.15925228799460456,0.126523996994365,0.06974299483932554,0.0646404970320873,onnx_proba,0.02049331896705553,0.028269434988033026,20,25,0.14215963904440304
1000,25,10,10,ort,0.02124598401132971,0.08931284496793523,0.07893509103450924,0.05114469699561596,0.056176420010160655,ox_cast_input,0.02124598401132971,0.026310246030334383,20,25,0.08931284496793523
1000,25,10,10,ort,0.030688824015669525,0.12236168701201677,0.1040186409954913,0.07264137815451249,0.0597218309994787,ox_mul_result,0.030688824015669525,0.05482925201067701,20,25,0.12094716915877757
1000,25,10,10,ort,0.055381981015671045,0.14149023295613006,0.10984090797137469,0.07507358647650107,0.06573396100429818,ox_add_result,0.055381981015671045,0.05617703899042681,20,25,0.12224032220615708
1000,25,10,10,ort,0.03280411143477246,0.09510330704506487,0.08233128499705344,0.0607851278479211,0.05773709202185273,ox_next_activations,0.01915971701964736,0.05240213999059051,20,25,0.08876614426106974
1000,25,10,10,ort,0.009264577995054424,0.07929266098653898,0.06987158203264698,0.039461602356750516,0.05495126004097983,ox_mul_result1,0.009264577995054424,0.009274115029256791,20,25,0.07929266098653898
1000,25,10,10,ort,0.00926573300966993,0.009376043046358973,0.00930234498810023,0.009287418199237436,0.009282535989768803,ox_add_result1,0.00926573300966993,0.009272381954360753,20,25,0.009328709371878522
1000,25,10,10,ort,0.009246119007002562,0.009329346008598804,0.009301012032665312,0.0092725567240268,0.009273583011236042,ox_next_activations1,0.009246119007002562,0.009250117000192404,20,25,0.009313022346771583
1000,25,10,10,ort,0.00927762605715543,0.009393482992891222,0.009310866007581353,0.009300946725998073,0.00929444597568363,ox_mul_result2,0.00927762605715543,0.009281536971684545,20,25,0.009347476705168502
1000,25,10,10,ort,0.009267149027436972,0.00957805395592004,0.009333607973530889,0.009304082477465272,0.009288044006098062,ox_add_result2,0.009267149027436972,0.009280090976972133,20,25,0.00941871740786362
1000,25,10,10,ort,0.009269503992982209,0.009838457976002246,0.009341388999018818,0.009312669162172825,0.009282159036956728,ox_out_activations_result,0.009269503992982209,0.009273731033317745,20,25,0.00952743705571616
1000,25,10,10,ort,0.009262929030228406,0.009343241981696337,0.00931048096390441,0.009285808764398098,0.009280858968850225,ox_array_feature_extractor_result,0.009262929030228406,0.009272797964513302,20,25,0.009319952366555256
1000,25,10,10,ort,0.009260067017748952,0.009329744963906705,0.00929412298137322,0.009279449002351612,0.009275840013287961,ox_negative_class_proba,0.009260067017748952,0.00926195300417021,20,25,0.009312131252102446
1000,25,10,10,ort,0.009249476017430425,0.08563765103463084,0.060845776984933764,0.026330673643387856,0.009294710005633533,ox_probabilities,0.009249476017430425,0.009265799017157406,20,25,0.0741238893469234
1000,25,10,10,ort,0.026708922989271064,0.08861242095008492,0.08326979097910225,0.058090185755863784,0.05765389901353046,ox_argmax_output,0.009316709008999169,0.05684497900074348,20,25,0.08861242095008492
1000,25,10,10,ort,0.009331987996120006,0.18301958503434435,0.12002709199441597,0.060275007914751766,0.050168505986221135,ox_reshaped_result,0.009331987996120006,0.015417935035657138,20,25,0.1518270236311497
1000,25,10,10,ort,0.009291991998907179,0.11696523404680192,0.1130954300169833,0.0655836060969159,0.06310047802980989,ox_label,0.009291991998907179,0.02357837004819885,20,25,0.11696523404680192
1000,25,10,10,ort,0.009323910984676331,0.1244437110144645,0.11625875998288393,0.0583911053230986,0.05923815397545695,ox_output_label,0.009323910984676331,0.018449043040163815,20,25,0.12280330630560232
1000,25,10,10,ort,0.009261369006708264,0.10059343802276999,0.08888034097617492,0.04438212431967258,0.02842528000473976,ox_output_probability,0.009261369006708264,0.01821093197213486,20,25,0.10059343802276999
2000,25,10,10,skl,0.015077070973347872,0.01611252297880128,0.016068194003310055,0.01575812719995156,0.01597157900687307,skl_proba,0.015077070973347872,0.015178464003838599,20,25,0.01611252297880128
2000,25,10,10,ort,0.03088334499625489,0.13240371097344905,0.10556963802082464,0.07109000683994963,0.060269945999607444,onnx_proba,0.03088334499625489,0.05734813498565927,20,25,0.12137084757486274
2000,25,10,10,ort,0.03787943400675431,0.1349304749746807,0.11091775295790285,0.07598824268439784,0.06066004000604153,ox_cast_input,0.03787943400675431,0.05666306900093332,20,25,0.130920839389791
2000,25,10,10,ort,0.02917975198943168,0.17310698801884428,0.16147784900385886,0.09811826292891056,0.10048062104033306,ox_mul_result,0.02917975198943168,0.0571779630263336,20,25,0.17017356520253468
2000,25,10,10,ort,0.0548975850106217,0.13218331296229735,0.1295934859663248,0.08490296015981585,0.07513803604524583,ox_add_result,0.0548975850106217,0.05575842602411285,20,25,0.13218331296229735
2000,25,10,10,ort,0.040185548015870154,0.13597541995113716,0.10521178203634918,0.06978169175097719,0.056956919957883656,ox_next_activations,0.040185548015870154,0.055698276963084936,20,25,0.11849572248054911
2000,25,10,10,ort,0.034883020038250834,0.14372896600980312,0.12564349500462413,0.07425291719846427,0.059191651991568506,ox_mul_result1,0.034883020038250834,0.05635641096159816,20,25,0.1290382336673932
2000,25,10,10,ort,0.05374184303218499,0.10254274000180885,0.08449163404293358,0.06707065585069358,0.0592836260329932,ox_add_result1,0.05374184303218499,0.057525175041519105,20,25,0.09184041052413666
2000,25,10,10,ort,0.034505882320716025,0.11222082399763167,0.08822000300278887,0.06480134911835193,0.05874723300803453,ox_next_activations1,0.03273482999065891,0.05743590701604262,20,25,0.09509681591598784
2000,25,10,10,ort,0.05680190405109897,0.1621578090125695,0.12054561194963753,0.08108548547839746,0.07483851397410035,ox_mul_result2,0.05680190405109897,0.05769862001761794,20,25,0.1340320491789549
2000,25,10,10,ort,0.034607384994160384,0.11149720899993554,0.10335593397030607,0.07187697103479877,0.07008762797340751,ox_add_result2,0.034607384994160384,0.04007062298478559,20,25,0.11149720899993554
2000,25,10,10,ort,0.03713730495655909,0.13519816199550405,0.1234751669690013,0.07959303143201396,0.06975858000805601,ox_out_activations_result,0.03713730495655909,0.05806878599105403,20,25,0.13370524381936946
2000,25,10,10,ort,0.05626184504944831,0.1290349719929509,0.120766072999686,0.08798989024478943,0.08787165605463088,ox_array_feature_extractor_result,0.05626184504944831,0.05838224804028869,20,25,0.1290349719929509
2000,25,10,10,ort,0.034807667019777,0.11630407703341916,0.10161597101250663,0.0721903308480978,0.07006442599231377,ox_negative_class_proba,0.034807667019777,0.044450591027271,20,25,0.11630407703341916
2000,25,10,10,ort,0.03334324399475008,0.11356590100331232,0.10130079195369035,0.05104651475558057,0.04182812396902591,ox_probabilities,0.03334324399475008,0.034464220982044935,20,25,0.09861014588260979
2000,25,10,10,ort,0.03318676695926115,0.1437253380427137,0.1369618090102449,0.08225481672212481,0.08132849202957004,ox_argmax_output,0.03318676695926115,0.03588597202906385,20,25,0.1437253380427137
2000,25,10,10,ort,0.026788587972987443,0.1624721010448411,0.13190561201190576,0.08208900143858046,0.06929250597022474,ox_reshaped_result,0.026788587972987443,0.055261469969991595,20,25,0.14800621565559197
2000,25,10,10,ort,0.030887623957823962,0.12089435697998852,0.1098671939689666,0.06544205203652381,0.056669906014576554,ox_label,0.030887623957823962,0.03627006895840168,20,25,0.11642020373919851
2000,25,10,10,ort,0.04297433898318559,0.12719134701183066,0.09868193999864161,0.06903867307584732,0.05746810702839866,ox_output_label,0.04297433898318559,0.056427037983667105,20,25,0.10926976083430229
2000,25,10,10,ort,0.04105134797282517,0.09234614699380472,0.08691802498651668,0.06325268627377227,0.05989063298329711,ox_output_probability,0.04105134797282517,0.05732706800336018,20,25,0.08769636773151397
5000,25,10,10,skl,0.035689879034180194,0.09832239395473152,0.07612244901247323,0.05963843271834776,0.07000866695307195,skl_proba,0.035689879034180194,0.035752636031247675,20,25,0.09593929399051679
5000,25,10,10,ort,0.1257472260040231,0.2794024390168488,0.23013472399907187,0.16967986772069707,0.17026861204067245,onnx_proba,0.1257472260040231,0.12720346200512722,20,25,0.25274483161455696
5000,25,10,10,ort,0.08247559286690605,0.2492657790426165,0.2128255870193243,0.16599628020543605,0.1689323449973017,ox_cast_input,0.07081693498184904,0.1299636079929769,20,25,0.2492657790426165
5000,25,10,10,ort,0.09844515199074522,0.2966709839529358,0.2388987080194056,0.16568590303650127,0.1500060679973103,ox_mul_result,0.09844515199074522,0.12626953597646207,20,25,0.2621061258725273
5000,25,10,10,ort,0.12702678597997874,0.2884852979914285,0.26008228404680267,0.20543469751486554,0.1997083550086245,ox_add_result,0.12702678597997874,0.15501449699513614,20,25,0.2884852979914285
5000,25,10,10,ort,0.12181397102540359,0.2664739569881931,0.1996238409774378,0.1548471972392872,0.141579321003519,ox_next_activations,0.12181397102540359,0.12513170897727832,20,25,0.223923506930132
5000,25,10,10,ort,0.12387002899777144,0.2769643689971417,0.27140858001075685,0.16683007604675368,0.13351547700585797,ox_mul_result1,0.12387002899777144,0.1270512470509857,20,25,0.275861543930608
5000,25,10,10,ort,0.08191367500694469,0.27059094299329445,0.26866728701861575,0.18557533548912034,0.17267130402615294,ox_add_result1,0.08191367500694469,0.132220107014291,20,25,0.27059094299329445
5000,25,10,10,ort,0.12601698597427458,0.3099191620131023,0.23294957698090002,0.1680203829216771,0.151425582007505,ox_next_activations1,0.12601698597427458,0.12803854001685977,20,25,0.2615404247525456
5000,25,10,10,ort,0.12314861500635743,0.28643372002989054,0.2516230969922617,0.19613356140209362,0.19159971200861037,ox_mul_result2,0.12314861500635743,0.1585270090145059,20,25,0.2747527901411026
5000,25,10,10,ort,0.12530021503334865,0.2589690050226636,0.20306105498457327,0.16253111423924566,0.1563052840065211,ox_add_result2,0.12530021503334865,0.12611090001882985,20,25,0.23514631492414417
5000,25,10,10,ort,0.12543455697596073,0.2099385920446366,0.20535463496344164,0.15313809748040513,0.131760548974853,ox_out_activations_result,0.12543455697596073,0.12729611998656765,20,25,0.2099385920446366
5000,25,10,10,ort,0.11949176795314997,0.4194203139632009,0.3750206850236282,0.23763175759464503,0.23129085497930646,ox_array_feature_extractor_result,0.11949176795314997,0.12928683997597545,20,25,0.414951973379347
5000,25,10,10,ort,0.12502401896601123,0.31665598502149805,0.284012996009551,0.21275354739278554,0.21524342498742044,ox_negative_class_proba,0.12322559498716146,0.16022350499406457,20,25,0.30048307581955985
5000,25,10,10,ort,0.15631793503416702,0.4485225129756145,0.427701844018884,0.2843772145709954,0.2897076979861595,ox_probabilities,0.15631793503416702,0.17211840103846043,20,25,0.4485225129756145
5000,25,10,10,ort,0.12594234198331833,0.36953004501992837,0.28467729297699407,0.19539417532272638,0.18279870797414333,ox_argmax_output,0.12594234198331833,0.12775862700073048,20,25,0.31362985029373325
5000,25,10,10,ort,0.11570039601065218,0.24176386004546657,0.2322274160105735,0.15701528748963028,0.13097972597461194,ox_reshaped_result,0.11570039601065218,0.12475801701657474,20,25,0.23771477774927358
5000,25,10,10,ort,0.12503473600372672,0.35318872099742293,0.2556443600333296,0.18757877824362368,0.19054029998369515,ox_label,0.12503473600372672,0.12586032401304692,20,25,0.30499459459027856
5000,25,10,10,ort,0.1364409610396251,0.37307773204520345,0.3084688980015926,0.23045896096155047,0.21943725098390132,ox_output_label,0.1364409610396251,0.1587871169904247,20,25,0.3459939421383799
5000,25,10,10,ort,0.11884252703748643,0.3557897750288248,0.3510752020520158,0.21695713636931033,0.2056512989802286,ox_output_probability,0.11884252703748643,0.12960240402026102,20,25,0.3557897750288248
10000,25,10,10,skl,0.0680804859730415,0.20544567296747118,0.17985826899530366,0.10167843035422265,0.08661926898639649,skl_proba,0.0680804859730415,0.06923058995744213,20,25,0.18504126826662354
10000,25,10,10,ort,0.1622935769846663,0.4996188309742138,0.44830235798144713,0.3224225678364746,0.3162017510039732,onnx_proba,0.1622935769846663,0.24294256296707317,20,25,0.49270539502124433
10000,25,10,10,ort,0.16207035299157724,0.28398374398238957,0.25341287296032533,0.20305501851951704,0.20435666397679597,ox_cast_input,0.16207035299157724,0.1643254340160638,20,25,0.2764020867419389
10000,25,10,10,ort,0.16742864798288792,0.4102732439641841,0.37389178498415276,0.21600965051911772,0.18997588398633525,ox_mul_result,0.16742864798288792,0.16813428298337385,20,25,0.35563435321209735
10000,25,10,10,ort,0.20531693595694378,0.538172384025529,0.4105851909844205,0.3067383584799245,0.28870888898381963,ox_add_result,0.20531693595694378,0.23446424497524276,20,25,0.4643581833377537
10000,25,10,10,ort,0.16950106696458533,0.47462672099936754,0.4638918259879574,0.3350699347583577,0.33698094700230286,ox_next_activations,0.16950106696458533,0.2323352349922061,20,25,0.47462672099936754
10000,25,10,10,ort,0.163104556966573,0.28410457097925246,0.2595272790058516,0.2023612252739258,0.1726231689681299,ox_mul_result1,0.163104556966573,0.16386922099627554,20,25,0.283469455978103
10000,25,10,10,ort,0.16377401404315606,0.2861753390170634,0.21951567399082705,0.18767376661300658,0.1724471400375478,ox_add_result1,0.16377401404315606,0.16427282302174717,20,25,0.24792697656408652
10000,25,10,10,ort,0.16532157704932615,0.3091192520223558,0.262974081968423,0.1965006730030291,0.16938220302108675,ox_next_activations1,0.16532157704932615,0.16647218103753403,20,25,0.28411015735521916
10000,25,10,10,ort,0.16674534598132595,0.26037408103002235,0.21686410502297804,0.18281957788392902,0.17668866098392755,ox_mul_result2,0.16674534598132595,0.16839995502959937,20,25,0.22385027759823514
10000,25,10,10,ort,0.17196041700663045,0.23232437198748812,0.21556855703238398,0.184673834356945,0.17745742504484951,ox_add_result2,0.17196041700663045,0.17618970695184544,20,25,0.2165329099062981
10000,25,10,10,ort,0.17550229595508426,0.24169570801313967,0.18126940599177033,0.18318119907053187,0.17870505299651995,ox_out_activations_result,0.17550229595508426,0.1770355369662866,20,25,0.21483157043709278
10000,25,10,10,ort,0.17424635996576399,0.3171457899734378,0.3036250480217859,0.23364816996036097,0.22201847902033478,ox_array_feature_extractor_result,0.17424635996576399,0.17804999195504934,20,25,0.3171457899734378
10000,25,10,10,ort,0.18143939098808914,0.3448058589710854,0.262869709986262,0.211347743391525,0.1877090780180879,ox_negative_class_proba,0.18143939098808914,0.18334101198706776,20,25,0.29049115474690007
10000,25,10,10,ort,0.10829243858977732,0.2802452869946137,0.24836635997053236,0.19650787900201977,0.18516121298307553,ox_probabilities,0.08299783599795774,0.17889839800773188,20,25,0.2802452869946137
10000,25,10,10,ort,0.17843097902368754,0.36685141298221424,0.30851012299535796,0.2121366481180303,0.1871098250267096,ox_argmax_output,0.17843097902368754,0.17994772200472653,20,25,0.3055071529788165
10000,25,10,10,ort,0.16005051595857367,0.3994293709984049,0.2868314440129325,0.2337762000015937,0.23092513700248674,ox_reshaped_result,0.16005051595857367,0.16298762999940664,20,25,0.34472248477097994
10000,25,10,10,ort,0.16191129898652434,0.24004661198705435,0.2249099279870279,0.18743012724211439,0.1739815179607831,ox_label,0.16191129898652434,0.163369327026885,20,25,0.23835139176453946
10000,25,10,10,ort,0.16503276402363554,0.26642754703061655,0.25276655197376385,0.18706317892065272,0.1710564539534971,ox_output_label,0.16503276402363554,0.16635903000133112,20,25,0.25098229152636753
10000,25,10,10,ort,0.1619807819952257,0.2849950810195878,0.2339059580117464,0.1826611404819414,0.1675477129756473,ox_output_probability,0.1619807819952257,0.16605532000539824,20,25,0.24675098027284675
