N,alphas,count,dim,fit_priors,lib,lower,max,max3,mean,median,method,min,min3,ort_nodes,ort_size,repeat,skl_nb_nase_estimators,upper
1,0.0,100,1,True,skl,5.411100573837757e-05,0.0002117000985890627,7.26059079170227e-05,5.786816123872995e-05,5.464098649099469e-05,predict,5.411100573837757e-05,5.429796874523163e-05,,,100,1.0,8.95705961840431e-05
1,0.0,100,1,True,ort,3.520003519952297e-05,0.010520546929910779,4.9212947487831116e-05,0.00014173280564136803,3.559497417882085e-05,predict,3.520003519952297e-05,3.528699744492769e-05,13.0,1479.0,100,,0.0021862456683640354
1,0.0,100,1,True,skl,0.0001095690531656146,0.00021673203445971012,0.00014777597971260548,0.0001159835362341255,0.00011098146205767989,predict_proba,0.0001095690531656146,0.00010973599273711443,,,100,1.0,0.00014185707681700356
1,0.0,100,1,True,ort,3.6676996387541294e-05,5.47849340364337e-05,4.7412002459168434e-05,3.85672808624804e-05,3.7048012018203735e-05,predict_proba,3.6676996387541294e-05,3.6729034036397934e-05,13.0,1479.0,100,,4.54494599230076e-05
10,0.0,100,1,True,skl,5.590100772678852e-05,0.0001189929898828268,7.421395275741816e-05,5.874144029803574e-05,5.655799759551883e-05,predict,5.590100772678852e-05,5.616107955574989e-05,,,100,1.0,7.35940774556598e-05
10,0.0,100,1,True,ort,3.811705391854048e-05,6.707094144076109e-05,4.9922033213078976e-05,4.019209765829146e-05,3.8590049371123314e-05,predict,3.811705391854048e-05,3.82040161639452e-05,13.0,1479.0,100,,4.88242484243661e-05
10,0.0,100,1,True,skl,0.00011366303078830242,0.000166384968906641,0.00014697399456053972,0.00011938277282752096,0.0001149569870904088,predict_proba,0.00011366303078830242,0.00011415302287787199,,,100,1.0,0.00013801710521589173
10,0.0,100,1,True,ort,4.428799729794264e-05,7.011392153799534e-05,6.515602581202984e-05,4.7176139196380974e-05,4.5831489842385054e-05,predict_proba,4.428799729794264e-05,4.4446904212236404e-05,13.0,1479.0,100,,5.6117436206364295e-05
1,0.0,100,1,False,skl,5.705293733626604e-05,0.0045529750641435385,7.011904381215572e-05,0.00010335729108192027,5.747948307543993e-05,predict,5.705293733626604e-05,5.719892214983702e-05,,,100,1.0,0.0009799372513296524
1,0.0,100,1,False,ort,3.782403655350208e-05,8.83820466697216e-05,4.449195694178343e-05,3.8848260883241894e-05,3.817799733951688e-05,predict,3.782403655350208e-05,3.798794932663441e-05,13.0,1479.0,100,,4.877009461281049e-05
1,0.0,100,1,False,skl,0.00011590705253183842,0.008611487923189998,0.00016374699771404266,0.0002781510178465396,0.00011673150584101677,predict_proba,0.00011590705253183842,0.00011603499297052622,,,100,1.0,0.002482314460657402
1,0.0,100,1,False,ort,3.9372011087834835e-05,5.667097866535187e-05,4.559906665235758e-05,4.0197448106482626e-05,3.982550697401166e-05,predict_proba,3.9372011087834835e-05,3.943801857531071e-05,13.0,1479.0,100,,4.403035932053113e-05
10,0.0,100,1,False,skl,5.925202276557684e-05,0.007337777991779149,7.000204641371965e-05,0.00013328530942089857,5.987798795104027e-05,predict,5.925202276557684e-05,5.947495810687542e-05,,,100,1.0,0.001552491139176339
10,0.0,100,1,False,ort,3.9582024328410625e-05,6.89459266141057e-05,4.964997060596943e-05,4.155405447818339e-05,4.0371029172092676e-05,predict,3.9582024328410625e-05,3.9741978980600834e-05,13.0,1479.0,100,,4.969514981208546e-05
10,0.0,100,1,False,skl,0.00011748797260224819,0.00016609893646091223,0.00013721908908337355,0.00012047136551700533,0.00011830951552838087,predict_proba,0.00011748797260224819,0.00011754909064620733,,,100,1.0,0.00013306761103592743
10,0.0,100,1,False,ort,4.451209679245949e-05,6.482098251581192e-05,5.5609969422221184e-05,4.663407686166465e-05,4.623999120667577e-05,predict_proba,4.451209679245949e-05,4.481803625822067e-05,13.0,1479.0,100,,5.273608740427584e-05
1,0.0,100,5,True,skl,5.378795322030783e-05,0.00010447599925100803,7.303198799490929e-05,5.659577553160489e-05,5.426252027973533e-05,predict,5.378795322030783e-05,5.389796569943428e-05,,,100,1.0,7.009578802791748e-05
1,0.0,100,5,True,ort,3.584800288081169e-05,8.558400440961123e-05,5.198991857469082e-05,3.788698813878e-05,3.6218028981238604e-05,predict,3.584800288081169e-05,3.593997098505497e-05,13.0,1511.0,100,,5.042563167700943e-05
1,0.0,100,5,True,skl,0.00010866299271583557,0.00015264598187059164,0.00013986194971948862,0.000114166074199602,0.00011206552153453231,predict_proba,0.00010866299271583557,0.00010908907279372215,,,100,1.0,0.00012942068948909566
1,0.0,100,5,True,ort,3.700598608702421e-05,5.6523014791309834e-05,4.682701546698809e-05,3.8701934972777966e-05,3.74740338884294e-05,predict_proba,3.700598608702421e-05,3.712298348546028e-05,13.0,1511.0,100,,4.5411275840082176e-05
10,0.0,100,5,True,skl,5.597004201263189e-05,9.44649800658226e-05,7.028097752481699e-05,5.8122939663007855e-05,5.6449498515576124e-05,predict,5.597004201263189e-05,5.608599167317152e-05,,,100,1.0,6.788258021363312e-05
10,0.0,100,5,True,ort,3.846711479127407e-05,6.386800669133663e-05,4.797196015715599e-05,3.995864884927869e-05,3.884400939568877e-05,predict,3.846711479127407e-05,3.855000250041485e-05,13.0,1511.0,100,,4.6785664926422015e-05
10,0.0,100,5,True,skl,0.00011391693260520697,0.0001458380138501525,0.00014095904771238565,0.00011831960757263004,0.0001149029703810811,predict_proba,0.00011391693260520697,0.00011406594421714544,,,100,1.0,0.0001305494820866066
10,0.0,100,5,True,ort,4.48829960078001e-05,7.087306585162878e-05,5.805899854749441e-05,4.689730471000076e-05,4.544947296380997e-05,predict_proba,4.48829960078001e-05,4.51250234618783e-05,13.0,1511.0,100,,5.520743802054222e-05
1,0.0,100,5,False,skl,5.3717056289315224e-05,0.00010197598021477461,6.67870044708252e-05,5.636342684738338e-05,5.426595453172922e-05,predict,5.3717056289315224e-05,5.3958967328071594e-05,,,100,1.0,6.758893463526694e-05
1,0.0,100,5,False,ort,3.568094689399004e-05,8.415302727371454e-05,4.748697392642498e-05,3.803121275268495e-05,3.620103234425187e-05,predict,3.568094689399004e-05,3.5784090869128704e-05,13.0,1511.0,100,,5.007064181725813e-05
1,0.0,100,5,False,skl,0.00010885996744036674,0.00016997894272208214,0.0001497919438406825,0.00011420038877986371,0.00010979396756738424,predict_proba,0.00010885996744036674,0.00010908592958003283,,,100,1.0,0.00013322781185371596
1,0.0,100,5,False,ort,3.741402179002762e-05,5.389295984059572e-05,4.7050067223608494e-05,3.9168137591332196e-05,3.780756378546357e-05,predict_proba,3.741402179002762e-05,3.749597817659378e-05,13.0,1511.0,100,,4.565343526516086e-05
10,0.0,100,5,False,skl,5.5912998504936695e-05,7.876206655055285e-05,7.305189501494169e-05,5.868458771146834e-05,5.7935016229748726e-05,predict,5.5912998504936695e-05,5.615502595901489e-05,,,100,1.0,6.658929277848074e-05
10,0.0,100,5,False,ort,3.8705067709088326e-05,6.385392043739557e-05,5.6307995691895485e-05,4.035450168885291e-05,3.9045524317771196e-05,predict,3.8705067709088326e-05,3.875908441841602e-05,13.0,1511.0,100,,4.884985815600875e-05
10,0.0,100,5,False,skl,0.00011398200877010822,0.00015000102575868368,0.0001372889382764697,0.0001184183091390878,0.0001148584415204823,predict_proba,0.00011398200877010822,0.0001140359090641141,,,100,1.0,0.0001330375663952164
10,0.0,100,5,False,ort,4.5316992327570915e-05,6.226799450814724e-05,5.6563992984592915e-05,4.683428443968296e-05,4.5784516260027885e-05,predict_proba,4.5316992327570915e-05,4.543806426227093e-05,13.0,1511.0,100,,5.294206426150393e-05
1,0.0,100,10,True,skl,5.3785042837262154e-05,0.00010408705566078424,6.541900802403688e-05,5.6248182663694027e-05,5.436601350083947e-05,predict,5.3785042837262154e-05,5.408702418208122e-05,,,100,1.0,6.772004846783368e-05
1,0.0,100,10,True,ort,3.597000613808632e-05,8.52260272949934e-05,4.543503746390343e-05,3.743532346561551e-05,3.6254466976970434e-05,predict,3.597000613808632e-05,3.6007026210427284e-05,13.0,1551.0,100,,4.79041101646094e-05
1,0.0,100,10,True,skl,0.00010895903687924147,0.00015314796473830938,0.00013385294005274773,0.00011351542547345161,0.00010969548020511866,predict_proba,0.00010895903687924147,0.00010902201756834984,,,100,1.0,0.00012913112904267048
1,0.0,100,10,True,ort,3.73210059478879e-05,5.6557939387857914e-05,4.710594657808542e-05,3.8700096774846314e-05,3.7651509046554565e-05,predict_proba,3.73210059478879e-05,3.742508124560118e-05,13.0,1551.0,100,,4.496923130938805e-05
10,0.0,100,10,True,skl,5.611602682620287e-05,7.774995174258947e-05,7.385294884443283e-05,5.7892075274139644e-05,5.6537974160164595e-05,predict,5.611602682620287e-05,5.6184944696724415e-05,,,100,1.0,6.546560177970513e-05
10,0.0,100,10,True,ort,3.8655009120702744e-05,6.359396502375603e-05,5.023798439651728e-05,4.048816510476172e-05,3.900699084624648e-05,predict,3.8655009120702744e-05,3.869703505188227e-05,13.0,1551.0,100,,4.890009362259746e-05
10,0.0,100,10,True,skl,0.0001140169333666563,0.00015059998258948326,0.00014024204574525356,0.00011851734365336597,0.00011487503070384264,predict_proba,0.0001140169333666563,0.00011410994920879602,,,100,1.0,0.00013211909638055706
10,0.0,100,10,True,ort,4.541699308902025e-05,7.932004518806934e-05,5.502102430909872e-05,4.718784941360354e-05,4.576850915327668e-05,predict_proba,4.541699308902025e-05,4.547403659671545e-05,13.0,1551.0,100,,5.597136386689874e-05
1,0.0,100,10,False,skl,5.3819967433810234e-05,0.00010490708518773317,7.216003723442554e-05,5.6546280393376944e-05,5.43864443898201e-05,predict,5.3819967433810234e-05,5.397200584411621e-05,,,100,1.0,6.929370228954033e-05
1,0.0,100,10,False,ort,3.589398693293333e-05,8.520099800080061e-05,5.3574913181364536e-05,3.791274968534708e-05,3.624201053753495e-05,predict,3.589398693293333e-05,3.598595503717661e-05,13.0,1551.0,100,,4.9740863973721485e-05
1,0.0,100,10,False,skl,0.00010909396223723888,0.0001535949995741248,0.00014313403517007828,0.00011428185272961855,0.00011002400424331427,predict_proba,0.00010909396223723888,0.00010933191515505314,,,100,1.0,0.00013164547100817512
1,0.0,100,10,False,ort,3.7394929677248e-05,6.154796574264765e-05,4.8373942263424397e-05,3.8738861912861464e-05,3.769301110878587e-05,predict_proba,3.7394929677248e-05,3.7452089600265026e-05,13.0,1551.0,100,,4.5856240161135e-05
10,0.0,100,10,False,skl,5.5875047110021114e-05,7.684191223233938e-05,7.344409823417664e-05,5.792577750980854e-05,5.6348973885178566e-05,predict,5.5875047110021114e-05,5.602801684290171e-05,,,100,1.0,6.580229889077696e-05
10,0.0,100,10,False,ort,3.88959888368845e-05,6.323796696960926e-05,5.407107528299093e-05,4.0557084139436485e-05,3.924657357856631e-05,predict,3.88959888368845e-05,3.898900467902422e-05,13.0,1551.0,100,,4.8240587561968364e-05
10,0.0,100,10,False,skl,0.00011393404565751553,0.00014716596342623234,0.0001405979273840785,0.00011840296443551778,0.00011506897863000631,predict_proba,0.00011393404565751553,0.00011400505900382996,,,100,1.0,0.00013204052286611538
10,0.0,100,10,False,ort,4.5220949687063694e-05,6.611703429371119e-05,6.25950051471591e-05,4.747076076455414e-05,4.570250166580081e-05,predict_proba,4.5220949687063694e-05,4.538299981504679e-05,13.0,1551.0,100,,5.575356192844248e-05
1,0.0,100,20,True,skl,5.400704685598612e-05,0.0001057180343195796,7.262500002980232e-05,5.6477003963664176e-05,5.44594950042665e-05,predict,5.400704685598612e-05,5.40480250492692e-05,,,100,1.0,6.940046578231932e-05
1,0.0,100,20,True,ort,3.60650010406971e-05,8.68520000949502e-05,4.678696859627962e-05,3.777628415264189e-05,3.6376004572957754e-05,predict,3.60650010406971e-05,3.613706212490797e-05,13.0,1633.0,100,,4.878463914546951e-05
1,0.0,100,20,True,skl,0.0001090948935598135,0.00016262801364064217,0.00013250508345663548,0.0001143087213858962,0.00011262047337368131,predict_proba,0.0001090948935598135,0.00010917102918028831,,,100,1.0,0.00013016971982522706
1,0.0,100,20,True,ort,3.741704858839512e-05,6.312702316790819e-05,4.717393312603235e-05,3.90575232449919e-05,3.788946196436882e-05,predict_proba,3.741704858839512e-05,3.754696808755398e-05,13.0,1633.0,100,,4.5997109224923526e-05
10,0.0,100,20,True,skl,5.6176912039518356e-05,8.296396117657423e-05,7.48049933463335e-05,5.881674471311271e-05,5.675491411238909e-05,predict,5.6176912039518356e-05,5.6397984735667706e-05,,,100,1.0,6.888735817875228e-05
10,0.0,100,20,True,ort,3.900995943695307e-05,6.654299795627594e-05,4.918803460896015e-05,4.082946223206818e-05,3.942800685763359e-05,predict,3.900995943695307e-05,3.904302138835192e-05,13.0,1633.0,100,,4.8497386959623266e-05
10,0.0,100,20,True,skl,0.00011430599261075258,0.00014317198656499386,0.000138375093229115,0.00011872571660205722,0.00011540349805727601,predict_proba,0.00011430599261075258,0.00011472194455564022,,,100,1.0,0.00013184893262873845
10,0.0,100,20,True,ort,4.55719418823719e-05,6.366195157170296e-05,5.8774021454155445e-05,4.747314844280481e-05,4.605151480063796e-05,predict_proba,4.55719418823719e-05,4.5693013817071915e-05,13.0,1633.0,100,,5.455497515496954e-05
1,0.0,100,20,False,skl,5.4007978178560734e-05,0.00011021399404853582,6.576802115887403e-05,5.6432305136695504e-05,5.4450996685773134e-05,predict,5.4007978178560734e-05,5.4113916121423244e-05,,,100,1.0,6.931290241102346e-05
1,0.0,100,20,False,ort,3.587908577173948e-05,8.819799404591322e-05,4.877103492617607e-05,3.781361156143248e-05,3.6229961551725864e-05,predict,3.587908577173948e-05,3.5973964259028435e-05,13.0,1633.0,100,,5.00404193284458e-05
1,0.0,100,20,False,skl,0.0001086289994418621,0.0001942500239238143,0.0001427049282938242,0.00011368963867425919,0.00010962644591927528,predict_proba,0.0001086289994418621,0.00010902294889092445,,,100,1.0,0.0001347954357341975
1,0.0,100,20,False,ort,3.73210059478879e-05,7.055304013192654e-05,4.74490225315094e-05,3.9037171518430114e-05,3.7643942050635815e-05,predict_proba,3.73210059478879e-05,3.7383055314421654e-05,13.0,1633.0,100,,4.765747709140635e-05
10,0.0,100,20,False,skl,5.613698158413172e-05,8.90169758349657e-05,7.428298704326153e-05,5.839937250129878e-05,5.6577438954263926e-05,predict,5.613698158413172e-05,5.62380300834775e-05,,,100,1.0,6.844321480973876e-05
10,0.0,100,20,False,ort,3.912602551281452e-05,6.355100777000189e-05,4.884402733296156e-05,4.078380530700087e-05,3.954151179641485e-05,predict,3.912602551281452e-05,3.922590985894203e-05,13.0,1633.0,100,,4.7689917565377245e-05
10,0.0,100,20,False,skl,0.00011388608254492283,0.00014147302135825157,0.00013824796769768,0.00011801765765994787,0.00011482153786346316,predict_proba,0.00011388608254492283,0.0001141569809988141,,,100,1.0,0.00013141712891080214
10,0.0,100,20,False,ort,4.5808032155036926e-05,6.310793105512857e-05,5.5799027904868126e-05,4.765690420754254e-05,4.630198236554861e-05,predict_proba,4.5808032155036926e-05,4.597799852490425e-05,13.0,1633.0,100,,5.390676789042192e-05
1,0.0,100,50,True,skl,5.403999239206314e-05,0.00011810602154582739,8.028896991163492e-05,5.7538977125659584e-05,5.459255771711469e-05,predict,5.403999239206314e-05,5.4172007367014885e-05,,,100,1.0,7.377916361027279e-05
1,0.0,100,50,True,ort,3.6245095543563366e-05,0.0001021090429276228,4.501803778111935e-05,3.856834024190903e-05,3.7667457945644855e-05,predict,3.6245095543563366e-05,3.636907786130905e-05,13.0,1873.0,100,,5.152513364523785e-05
1,0.0,100,50,True,skl,0.00010926392860710621,0.0001582680270075798,0.00015086401253938675,0.0001148111023940146,0.00011043157428503036,predict_proba,0.00010926392860710621,0.00010941200889647007,,,100,1.0,0.0001338097988883319
1,0.0,100,50,True,ort,3.749702591449022e-05,5.8560981415212154e-05,5.3014024160802364e-05,3.9279431803151965e-05,3.7913036067038774e-05,predict_proba,3.749702591449022e-05,3.764498978853226e-05,13.0,1873.0,100,,4.6880980018496244e-05
10,0.0,100,50,True,skl,5.6737917475402355e-05,8.254800923168659e-05,6.717804353684187e-05,5.871242028661072e-05,5.722598871216178e-05,predict,5.6737917475402355e-05,5.6863995268940926e-05,,,100,1.0,6.715678972254531e-05
10,0.0,100,50,True,ort,4.129903391003609e-05,7.629801984876394e-05,5.148700438439846e-05,4.312274162657559e-05,4.1691993828862906e-05,predict,4.129903391003609e-05,4.140101373195648e-05,13.0,1873.0,100,,5.187347847741765e-05
10,0.0,100,50,True,skl,0.00011470995377749205,0.0001454720040783286,0.00013887998647987843,0.00011927860789000987,0.0001157444785349071,predict_proba,0.00011470995377749205,0.00011491298209875822,,,100,1.0,0.00013300403146900483
10,0.0,100,50,True,ort,4.7983950935304165e-05,7.610605098307133e-05,6.543099880218506e-05,4.9969169776886704e-05,4.8364512622356415e-05,predict_proba,4.7983950935304165e-05,4.80839516967535e-05,13.0,1873.0,100,,5.8796655767308115e-05
1,0.0,100,50,False,skl,5.41729386895895e-05,0.00010729802306741476,7.307797204703093e-05,5.6759545113891366e-05,5.459802923724055e-05,predict,5.41729386895895e-05,5.424104165285826e-05,,,100,1.0,7.095116197789062e-05
1,0.0,100,50,False,ort,3.611389547586441e-05,8.907506708055735e-05,5.143205635249615e-05,3.7941555492579935e-05,3.653392195701599e-05,predict,3.611389547586441e-05,3.6254990845918655e-05,13.0,1873.0,100,,4.967160408343783e-05
1,0.0,100,50,False,skl,0.00010832201223820448,0.0001700889552012086,0.00013179401867091656,0.00011343667400069535,0.00010964053217321634,predict_proba,0.00010832201223820448,0.00010875996667891741,,,100,1.0,0.00013065576909028484
1,0.0,100,50,False,ort,3.768899478018284e-05,5.5541982874274254e-05,4.982203245162964e-05,3.9093566592782735e-05,3.808503970503807e-05,predict_proba,3.768899478018284e-05,3.777898382395506e-05,13.0,1873.0,100,,4.5435311736906526e-05
10,0.0,100,50,False,skl,5.678797606378794e-05,8.951895870268345e-05,7.451605051755905e-05,5.905714118853211e-05,5.715654697269201e-05,predict,5.678797606378794e-05,5.6887976825237274e-05,,,100,1.0,6.890813285683831e-05
10,0.0,100,50,False,ort,4.1313935071229935e-05,6.750295870006084e-05,5.176302511245012e-05,4.284274997189641e-05,4.167447332292795e-05,predict,4.1313935071229935e-05,4.1396007873117924e-05,13.0,1873.0,100,,4.9877747032553435e-05
10,0.0,100,50,False,skl,0.00011502194683998823,0.0001633629435673356,0.00013895297888666391,0.00011958284885622561,0.000115849485155195,predict_proba,0.00011502194683998823,0.00011515896767377853,,,100,1.0,0.00013541811644831057
10,0.0,100,50,False,ort,4.804995842278004e-05,6.772903725504875e-05,6.506405770778656e-05,4.9815474776551126e-05,4.840752808377147e-05,predict_proba,4.804995842278004e-05,4.8097921535372734e-05,13.0,1873.0,100,,5.73682759062042e-05
1,0.0,100,100,True,skl,5.5882963351905346e-05,0.0001326201017946005,7.437798194587231e-05,5.878939758986235e-05,5.6246411986649036e-05,predict,5.5882963351905346e-05,5.597504787147045e-05,,,100,1.0,7.589989831372854e-05
1,0.0,100,100,True,ort,3.741099499166012e-05,9.082991164177656e-05,4.7773937694728374e-05,3.9657060988247394e-05,3.785506123676896e-05,predict,3.741099499166012e-05,3.752904012799263e-05,13.0,2273.0,100,,5.200481729955356e-05
1,0.0,100,100,True,skl,0.00011257396545261145,0.00015902798622846603,0.00013695296365767717,0.00011723774136044085,0.00011348450789228082,predict_proba,0.00011257396545261145,0.00011275103315711021,,,100,1.0,0.0001320317735278659
1,0.0,100,100,True,ort,3.8834987208247185e-05,5.6668068282306194e-05,5.367398262023926e-05,4.0669618174433707e-05,3.923801705241203e-05,predict_proba,3.8834987208247185e-05,3.888306673616171e-05,13.0,2273.0,100,,4.807822833261549e-05
10,0.0,100,100,True,skl,5.9628975577652454e-05,9.000906720757484e-05,7.85159645602107e-05,6.177392089739441e-05,6.004399619996548e-05,predict,5.9628975577652454e-05,5.9694983065128326e-05,,,100,1.0,7.183658071793248e-05
10,0.0,100,100,True,ort,4.396308213472366e-05,7.436098530888557e-05,5.951104685664177e-05,4.594140104018152e-05,4.43345052190125e-05,predict,4.396308213472366e-05,4.3989974074065685e-05,13.0,2273.0,100,,5.476578212649036e-05
10,0.0,100,100,True,skl,0.00011978903785347939,0.0001497879857197404,0.00014587503392249346,0.00012480573146604002,0.00012109451927244663,predict_proba,0.00011978903785347939,0.00012004992458969355,,,100,1.0,0.00013917365524587823
10,0.0,100,100,True,ort,5.052797496318817e-05,6.864196620881557e-05,6.128509994596243e-05,5.235731601715088e-05,5.092046922072768e-05,predict_proba,5.052797496318817e-05,5.063007120043039e-05,13.0,2273.0,100,,5.934509204573291e-05
1,0.0,100,100,False,skl,5.592091474682093e-05,0.00012191303540021181,7.930095307528973e-05,5.8627253165468576e-05,5.629652878269553e-05,predict,5.592091474682093e-05,5.596899427473545e-05,,,100,1.0,7.403501606261716e-05
1,0.0,100,100,False,ort,3.749097231775522e-05,9.47269145399332e-05,4.735100083053112e-05,3.945136326365173e-05,3.7866469938308e-05,predict,3.749097231775522e-05,3.751600161194801e-05,13.0,2273.0,100,,5.180290738586503e-05
1,0.0,100,100,False,skl,0.00011239806190133095,0.00015902495943009853,0.00013643805868923664,0.00011739891371689737,0.00011365045793354511,predict_proba,0.00011239806190133095,0.00011276197619736195,,,100,1.0,0.00013177359938971244
1,0.0,100,100,False,ort,3.916595596820116e-05,7.575005292892456e-05,4.875089507550001e-05,4.094568779692054e-05,3.9733946323394775e-05,predict_proba,3.916595596820116e-05,3.9242906495928764e-05,13.0,2273.0,100,,4.9244739311345025e-05
10,0.0,100,100,False,skl,5.970196798443794e-05,8.976703975349665e-05,7.152301259338856e-05,6.193119916133582e-05,6.022147135809064e-05,predict,5.970196798443794e-05,5.979591514915228e-05,,,100,1.0,7.029675569549483e-05
10,0.0,100,100,False,ort,4.366703797131777e-05,8.008698932826519e-05,6.0537015087902546e-05,4.568104981444776e-05,4.4087006244808435e-05,predict,4.366703797131777e-05,4.3745036236941814e-05,13.0,2273.0,100,,5.521649644375867e-05
10,0.0,100,100,False,skl,0.00011992792133241892,0.00015502492897212505,0.00013965799007564783,0.00012450509471818806,0.00012131949188187718,predict_proba,0.00011992792133241892,0.0001200380502268672,,,100,1.0,0.0001367742523256637
10,0.0,100,100,False,ort,5.021202377974987e-05,7.078505586832762e-05,6.803800351917744e-05,5.2002419251948596e-05,5.0664006266742945e-05,predict_proba,5.021202377974987e-05,5.026592407375574e-05,13.0,2273.0,100,,5.958643942587748e-05
1,0.0,100,200,True,skl,5.751894786953926e-05,0.0001410620752722025,6.592099089175463e-05,5.9289945056661963e-05,5.794654134660959e-05,predict,5.751894786953926e-05,5.757599137723446e-05,,,100,1.0,7.578113184276942e-05
1,0.0,100,200,True,ort,3.854301758110523e-05,0.00010660907719284296,4.4062966480851173e-05,3.996423562057316e-05,3.912503598257899e-05,predict,3.854301758110523e-05,3.878201823681593e-05,13.0,3076.0,100,,5.320385063726003e-05
1,0.0,100,200,True,skl,0.00011613895185291767,0.00016409798990935087,0.00013223104178905487,0.00011868560803122818,0.0001171500189229846,predict_proba,0.00011613895185291767,0.00011620402801781893,,,100,1.0,0.0001297133303002096
1,0.0,100,200,True,ort,4.053395241498947e-05,5.806598346680403e-05,4.6171946451067924e-05,4.1342518525198105e-05,4.09779604524374e-05,predict_proba,4.053395241498947e-05,4.0662940591573715e-05,13.0,3076.0,100,,4.5019258374907776e-05
10,0.0,100,200,True,skl,6.322399713099003e-05,9.863602463155985e-05,7.403793279081583e-05,6.459107273258268e-05,6.381398998200893e-05,predict,6.322399713099003e-05,6.34870957583189e-05,,,100,1.0,7.213782115921982e-05
10,0.0,100,200,True,ort,4.6664965339004993e-05,8.394801989197731e-05,5.4356991313397884e-05,4.774296074174344e-05,4.7043024096637964e-05,predict,4.6664965339004993e-05,4.6823988668620586e-05,13.0,3076.0,100,,5.530719530633267e-05
10,0.0,100,200,True,skl,0.00012506602797657251,0.00015857303515076637,0.0001415410079061985,0.0001277446758467704,0.00012622354552149773,predict_proba,0.00012506602797657251,0.00012542703188955784,,,100,1.0,0.00013675330531750957
10,0.0,100,200,True,ort,5.358806811273098e-05,7.318099960684776e-05,5.969800986349583e-05,5.4477810626849534e-05,5.408999277278781e-05,predict_proba,5.358806811273098e-05,5.375908222049475e-05,13.0,3076.0,100,,5.857862287648886e-05
1,0.0,100,200,False,skl,5.763792432844639e-05,0.00014117802493274212,6.582599598914385e-05,5.9391685063019395e-05,5.810055881738663e-05,predict,5.763792432844639e-05,5.773594602942467e-05,,,100,1.0,7.587409509703623e-05
1,0.0,100,200,False,ort,3.8724043406546116e-05,0.00010733294766396284,4.554004408419132e-05,3.991173929534852e-05,3.900594310835004e-05,predict,3.8724043406546116e-05,3.881496377289295e-05,13.0,3076.0,100,,5.334253335128263e-05
1,0.0,100,200,False,skl,0.00011606502812355757,0.0001664099982008338,0.00013026793021708727,0.00011870294227264822,0.00011699454626068473,predict_proba,0.00011606502812355757,0.00011630798690021038,,,100,1.0,0.00013002043676219846
1,0.0,100,200,False,ort,4.033499862998724e-05,5.818507634103298e-05,4.580896347761154e-05,4.1060869116336106e-05,4.071107832714915e-05,predict_proba,4.033499862998724e-05,4.044105298817158e-05,13.0,3076.0,100,,4.5017561022762385e-05
10,0.0,100,200,False,skl,6.340804975479841e-05,9.431596845388412e-05,6.954802665859461e-05,6.446308456361294e-05,6.384594598785043e-05,predict,6.340804975479841e-05,6.350199691951275e-05,,,100,1.0,7.086627640338505e-05
10,0.0,100,200,False,ort,4.660396371036768e-05,8.03070142865181e-05,5.29770040884614e-05,4.7492189332842825e-05,4.6923523768782616e-05,predict,4.660396371036768e-05,4.6666013076901436e-05,13.0,3076.0,100,,5.4245085090842914e-05
10,0.0,100,200,False,skl,0.00012504402548074722,0.00016008294187486172,0.0001415889710187912,0.00012774366769008338,0.00012607750250026584,predict_proba,0.00012504402548074722,0.0001252379734069109,,,100,1.0,0.00013760069716959838
10,0.0,100,200,False,ort,5.3508090786635876e-05,7.4234907515347e-05,5.968799814581871e-05,5.4325171513482926e-05,5.3922529332339764e-05,predict_proba,5.3508090786635876e-05,5.363998934626579e-05,13.0,3076.0,100,,5.8619670101304864e-05
1,0.5,100,1,True,skl,5.709007382392883e-05,0.00010599696543067694,6.687501445412636e-05,5.860353820025921e-05,5.760003114119172e-05,predict,5.709007382392883e-05,5.727296229451895e-05,,,100,1.0,6.868555772438257e-05
1,0.5,100,1,True,ort,3.760890103876591e-05,8.923094719648361e-05,4.283105954527855e-05,3.868656000122428e-05,3.797805402427912e-05,predict,3.760890103876591e-05,3.766396548599005e-05,13.0,1479.0,100,,4.8816340697008164e-05
1,0.5,100,1,True,skl,0.00011577096302062273,0.00016009097453206778,0.00013090204447507858,0.0001181246421765536,0.00011652748798951507,predict_proba,0.00011577096302062273,0.00011588400229811668,,,100,1.0,0.00012868730275079034
1,0.5,100,1,True,ort,3.9551989175379276e-05,5.6543038226664066e-05,4.504306707531214e-05,4.025436122901738e-05,3.987498348578811e-05,predict_proba,3.9551989175379276e-05,3.96540854126215e-05,13.0,1479.0,100,,4.392934072012585e-05
10,0.5,100,1,True,skl,5.919497925788164e-05,8.144602179527283e-05,6.49730209261179e-05,6.021335138939321e-05,5.976902320981026e-05,predict,5.919497925788164e-05,5.945703014731407e-05,,,100,1.0,6.498045269967976e-05
10,0.5,100,1,True,ort,4.106306005269289e-05,6.639899220317602e-05,4.762609023600817e-05,4.1865052189677953e-05,4.141998942941427e-05,predict,4.106306005269289e-05,4.118599463254213e-05,13.0,1479.0,100,,4.706587295596882e-05
10,0.5,100,1,True,skl,0.00012056401465088129,0.0001488060224801302,0.00013657007366418839,0.00012256695772521197,0.0001213169889524579,predict_proba,0.00012056401465088129,0.00012060592416673899,,,100,1.0,0.00013050573423015318
10,0.5,100,1,True,ort,4.75060660392046e-05,6.646395195275545e-05,5.665002390742302e-05,4.858080763369799e-05,4.804646596312523e-05,predict_proba,4.75060660392046e-05,4.774495027959347e-05,13.0,1479.0,100,,5.332830843217643e-05
1,0.5,100,1,False,skl,5.6851073168218136e-05,0.00011437491048127413,6.51640584692359e-05,5.849920911714435e-05,5.743652582168579e-05,predict,5.6851073168218136e-05,5.7072960771620274e-05,,,100,1.0,7.009872311471305e-05
1,0.5,100,1,False,ort,3.786699380725622e-05,9.112304542213678e-05,4.462292417883873e-05,3.8989954628050324e-05,3.817648394033313e-05,predict,3.786699380725622e-05,3.797805402427912e-05,13.0,1479.0,100,,4.964844178473605e-05
1,0.5,100,1,False,skl,0.00011556304525583982,0.00016088492702692747,0.00012956303544342518,0.00011790751246735453,0.00011645205086097121,predict_proba,0.00011556304525583982,0.00011585198808461428,,,100,1.0,0.00012816145225683103
1,0.5,100,1,False,ort,3.9536040276288986e-05,5.6409044191241264e-05,4.483095835894346e-05,4.017987055703998e-05,3.985804505646229e-05,predict_proba,3.9536040276288986e-05,3.9587030187249184e-05,13.0,1479.0,100,,4.373244130703478e-05
10,0.5,100,1,False,skl,5.909393075853586e-05,8.043099660426378e-05,6.533495616167784e-05,6.004335591569543e-05,5.949899787083268e-05,predict,5.909393075853586e-05,5.917600356042385e-05,,,100,1.0,6.482831576821915e-05
10,0.5,100,1,False,ort,4.0858983993530273e-05,6.784009747207165e-05,4.6835048124194145e-05,4.161067772656679e-05,4.118744982406497e-05,predict,4.0858983993530273e-05,4.091800656169653e-05,13.0,1479.0,100,,4.7068656610409216e-05
10,0.5,100,1,False,skl,0.000120918033644557,0.00015175994485616684,0.00013719499111175537,0.00012334244092926383,0.0001217850367538631,predict_proba,0.000120918033644557,0.00012101104948669672,,,100,1.0,0.00013210315282532513
10,0.5,100,1,False,ort,4.740606527775526e-05,6.6920998506248e-05,5.399493966251612e-05,4.811397986486554e-05,4.7732959501445293e-05,predict_proba,4.740606527775526e-05,4.743004683405161e-05,13.0,1479.0,100,,5.22608291315386e-05
1,0.5,100,5,True,skl,5.397002678364515e-05,0.00010485609527677298,6.375403609126806e-05,5.675825523212552e-05,5.5792974308133125e-05,predict,5.397002678364515e-05,5.4187956266105175e-05,,,100,1.0,6.728162374525314e-05
1,0.5,100,5,True,ort,3.561796620488167e-05,8.431996684521437e-05,4.787405487149954e-05,3.7518043536692855e-05,3.6026525776833296e-05,predict,3.561796620488167e-05,3.579992335289717e-05,13.0,1511.0,100,,4.8258411900106983e-05
1,0.5,100,5,True,skl,0.00010922702495008707,0.00015161396004259586,0.00013348693028092384,0.0001141590264160186,0.00011018302757292986,predict_proba,0.00010922702495008707,0.00010930898133665323,,,100,1.0,0.00012910493130738064
1,0.5,100,5,True,ort,3.711704630404711e-05,5.767995025962591e-05,4.919408820569515e-05,3.897170419804752e-05,3.74649534933269e-05,predict_proba,3.711704630404711e-05,3.715499769896269e-05,13.0,1511.0,100,,4.627527711627435e-05
10,0.5,100,5,True,skl,5.5957003496587276e-05,8.21119174361229e-05,7.956195622682571e-05,5.835791234858334e-05,5.6474469602108e-05,predict,5.5957003496587276e-05,5.6070974096655846e-05,,,100,1.0,6.887957254524471e-05
10,0.5,100,5,True,ort,3.858597483485937e-05,6.325100548565388e-05,4.834798164665699e-05,4.0154162561520935e-05,3.894203109666705e-05,predict,3.858597483485937e-05,3.8650003261864185e-05,13.0,1511.0,100,,4.735421704126958e-05
10,0.5,100,5,True,skl,0.00011392496526241302,0.00014680903404951096,0.00013925705570727587,0.00011913104914128781,0.00011505349539220333,predict_proba,0.00011392496526241302,0.00011427607387304306,,,100,1.0,0.00013340306879901443
10,0.5,100,5,True,ort,4.494807217270136e-05,6.377499084919691e-05,5.480495747178793e-05,4.691369831562042e-05,4.660902777686715e-05,predict_proba,4.494807217270136e-05,4.5091030187904835e-05,13.0,1511.0,100,,5.2656468684100236e-05
1,0.5,100,5,False,skl,5.3889001719653606e-05,0.0001025049714371562,7.463805377483368e-05,5.6607455480843785e-05,5.446956492960453e-05,predict,5.3889001719653606e-05,5.410599987953901e-05,,,100,1.0,6.943103898779135e-05
1,0.5,100,5,False,ort,3.6097015254199505e-05,8.447899017482996e-05,4.736101254820824e-05,3.807644359767437e-05,3.6536017432808876e-05,predict,3.6097015254199505e-05,3.6187004297971725e-05,13.0,1511.0,100,,4.924761314596775e-05
1,0.5,100,5,False,skl,0.00010888790711760521,0.00015172595158219337,0.00013359100557863712,0.00011356688104569911,0.00010968500282615423,predict_proba,0.00010888790711760521,0.00010903901420533657,,,100,1.0,0.00012847970787159383
1,0.5,100,5,False,ort,3.7458958104252815e-05,5.307199899107218e-05,4.922307562083006e-05,3.892027889378369e-05,3.7771009374409914e-05,predict_proba,3.7458958104252815e-05,3.7504942156374454e-05,13.0,1511.0,100,,4.501991943416977e-05
10,0.5,100,5,False,skl,5.590100772678852e-05,7.827300578355789e-05,7.525307592004538e-05,5.80883480142802e-05,5.631550448015332e-05,predict,5.590100772678852e-05,5.5919052101671696e-05,,,100,1.0,6.731016582562548e-05
10,0.5,100,5,False,ort,3.8743019104003906e-05,6.0900929383933544e-05,4.846695810556412e-05,4.029196221381426e-05,3.922247560694814e-05,predict,3.8743019104003906e-05,3.8946978747844696e-05,13.0,1511.0,100,,4.690846495982332e-05
10,0.5,100,5,False,skl,0.0001139460364356637,0.00014120701234787703,0.0001329210354015231,0.00011841895524412393,0.00011477299267426133,predict_proba,0.0001139460364356637,0.0001141569809988141,,,100,1.0,0.0001317790629848142
10,0.5,100,5,False,ort,4.524306859821081e-05,6.25120010226965e-05,5.494803190231323e-05,4.6855190303176644e-05,4.563800757750869e-05,predict_proba,4.524306859821081e-05,4.526402335613966e-05,13.0,1511.0,100,,5.310709053790042e-05
1,0.5,100,10,True,skl,5.373498424887657e-05,0.00010179600212723017,7.227598689496517e-05,5.65420335624367e-05,5.421595415100455e-05,predict,5.373498424887657e-05,5.3819967433810234e-05,,,100,1.0,6.889628702998429e-05
1,0.5,100,10,True,ort,3.5792007111012936e-05,8.437898941338062e-05,4.5572989620268345e-05,3.753910190425813e-05,3.6111974623054266e-05,predict,3.5792007111012936e-05,3.5841017961502075e-05,13.0,1551.0,100,,4.8367367976108026e-05
1,0.5,100,10,True,skl,0.00010947801638394594,0.00015506602358072996,0.0001395109575241804,0.00011397448251955211,0.00011039548553526402,predict_proba,0.00010947801638394594,0.00010954705066978931,,,100,1.0,0.00012996810707781347
1,0.5,100,10,True,ort,3.7485966458916664e-05,0.00010909803677350283,4.7322013415396214e-05,3.934226115234196e-05,3.7801568396389484e-05,predict_proba,3.7485966458916664e-05,3.7529971450567245e-05,13.0,1551.0,100,,5.4042347210857215e-05
10,0.5,100,10,True,skl,5.5897049605846405e-05,8.357095066457987e-05,7.004104554653168e-05,5.827583372592926e-05,5.648046499118209e-05,predict,5.5897049605846405e-05,5.6131044402718544e-05,,,100,1.0,6.702743678463886e-05
10,0.5,100,10,True,ort,3.8841040804982185e-05,6.998504977673292e-05,4.850002005696297e-05,4.0522183990105984e-05,3.9348495192825794e-05,predict,3.8841040804982185e-05,3.9054895751178265e-05,13.0,1551.0,100,,4.81157684173087e-05
10,0.5,100,10,True,skl,0.0001141850370913744,0.0001495330361649394,0.00014282704796642065,0.0001189311605412513,0.0001150110037997365,predict_proba,0.0001141850370913744,0.00011425500269979239,,,100,1.0,0.00013391279043196153
10,0.5,100,10,True,ort,4.541792441159487e-05,6.792601197957993e-05,6.519898306578398e-05,4.774182569235563e-05,4.593649646267295e-05,predict_proba,4.541792441159487e-05,4.552304744720459e-05,13.0,1551.0,100,,5.723231878888458e-05
1,0.5,100,10,False,skl,5.399296060204506e-05,0.00010429101530462503,6.839493289589882e-05,5.632881191559136e-05,5.437701474875212e-05,predict,5.399296060204506e-05,5.4070958867669106e-05,,,100,1.0,6.823586434600735e-05
1,0.5,100,10,False,ort,3.592099528759718e-05,8.386396802961826e-05,4.5258086174726486e-05,3.7619336508214475e-05,3.628997365012765e-05,predict,3.592099528759718e-05,3.6019948311150074e-05,13.0,1551.0,100,,4.797985346172667e-05
1,0.5,100,10,False,skl,0.00010943098459392786,0.00015376496594399214,0.00013322907034307718,0.00011400342104025186,0.00011015398195013404,predict_proba,0.00010943098459392786,0.00010958896018564701,,,100,1.0,0.00012934465635634703
1,0.5,100,10,False,ort,3.748002927750349e-05,5.614594556391239e-05,4.710908979177475e-05,3.883066470734775e-05,3.782706335186958e-05,predict_proba,3.748002927750349e-05,3.75120434910059e-05,13.0,1551.0,100,,4.4797545638604054e-05
10,0.5,100,10,False,skl,5.5871088989079e-05,8.798402268439531e-05,7.348996587097645e-05,5.820739548653364e-05,5.62510103918612e-05,predict,5.5871088989079e-05,5.5887969210743904e-05,,,100,1.0,6.812288627342201e-05
10,0.5,100,10,False,ort,3.911997191607952e-05,6.527197547256947e-05,4.896603059023619e-05,4.089154535904527e-05,3.939151065424085e-05,predict,3.911997191607952e-05,3.9155944250524044e-05,13.0,1551.0,100,,4.875753977567567e-05
10,0.5,100,10,False,skl,0.00011358701158314943,0.00014677201397717,0.00014091096818447113,0.00011964917532168328,0.00011492503108456731,predict_proba,0.00011358701158314943,0.0001141820102930069,,,100,1.0,0.0001358675281108934
10,0.5,100,10,False,ort,4.545098636299372e-05,7.24300043657422e-05,5.545199383050203e-05,4.712201771326363e-05,4.591146716848016e-05,predict_proba,4.545098636299372e-05,4.5530032366514206e-05,13.0,1551.0,100,,5.539853660829858e-05
1,0.5,100,20,True,skl,5.4080039262771606e-05,9.908189531415701e-05,6.86330022290349e-05,5.6226999731734395e-05,5.4537958931177855e-05,predict,5.4080039262771606e-05,5.413999315351248e-05,,,100,1.0,6.693797461911809e-05
1,0.5,100,20,True,ort,3.600690979510546e-05,8.954806253314018e-05,4.607799928635359e-05,3.8309438386932016e-05,3.702152753248811e-05,predict,3.600690979510546e-05,3.612309228628874e-05,13.0,1633.0,100,,5.0281255916270125e-05
1,0.5,100,20,True,skl,0.00010934099555015564,0.00015702401287853718,0.00013255898375064135,0.00011381578748114408,0.00010999455116689205,predict_proba,0.00010934099555015564,0.00010940397623926401,,,100,1.0,0.00012983002040105833
1,0.5,100,20,True,ort,3.726209979504347e-05,6.504904013127089e-05,5.249492824077606e-05,3.8692058296874166e-05,3.7533463910222054e-05,predict_proba,3.726209979504347e-05,3.7292949855327606e-05,13.0,1633.0,100,,4.695475158259012e-05
10,0.5,100,20,True,skl,5.629903171211481e-05,7.950502913445234e-05,6.687792483717203e-05,5.8637693291530014e-05,5.6733551900833845e-05,predict,5.629903171211481e-05,5.6394957937300205e-05,,,100,1.0,6.718547023584352e-05
10,0.5,100,20,True,ort,3.923999611288309e-05,6.603298243135214e-05,4.933401942253113e-05,4.123279941268265e-05,3.967696102336049e-05,predict,3.923999611288309e-05,3.932707477360964e-05,13.0,1633.0,100,,4.9745575470594096e-05
10,0.5,100,20,True,skl,0.00011430401355028152,0.0001534069888293743,0.00014494801871478558,0.00011926166363991797,0.00011545896995812654,predict_proba,0.00011430401355028152,0.0001144020352512598,,,100,1.0,0.00013453647776212645
10,0.5,100,20,True,ort,4.567601718008518e-05,7.283093873411417e-05,6.1208033002913e-05,4.7860095510259274e-05,4.61484887637198e-05,predict_proba,4.567601718008518e-05,4.578195512294769e-05,13.0,1633.0,100,,5.717427710698992e-05
1,0.5,100,20,False,skl,5.3851050324738026e-05,0.00010307796765118837,7.655797526240349e-05,5.647624842822552e-05,5.427695577964187e-05,predict,5.3851050324738026e-05,5.391496233642101e-05,,,100,1.0,6.899308184098982e-05
1,0.5,100,20,False,ort,3.598397597670555e-05,8.356699254363775e-05,4.5271008275449276e-05,3.746844828128815e-05,3.6299985367804766e-05,predict,3.598397597670555e-05,3.603298682719469e-05,13.0,1633.0,100,,4.754605842177883e-05
1,0.5,100,20,False,skl,0.00010896800085902214,0.00015375798102468252,0.000135716050863266,0.0001135786168742925,0.00011014146730303764,predict_proba,0.00010896800085902214,0.00010919198393821716,,,100,1.0,0.0001283555655157732
1,0.5,100,20,False,ort,3.7400983273983e-05,6.543600466102362e-05,4.690897185355425e-05,3.867696854285896e-05,3.7690973840653896e-05,predict_proba,3.7400983273983e-05,3.74640803784132e-05,13.0,1633.0,100,,4.550560937199977e-05
10,0.5,100,20,False,skl,5.620601586997509e-05,8.161505684256554e-05,6.906106136739254e-05,5.859384429641068e-05,5.8074074331671e-05,predict,5.620601586997509e-05,5.634094122797251e-05,,,100,1.0,6.593716440448532e-05
10,0.5,100,20,False,ort,3.922299947589636e-05,6.559793837368488e-05,5.2939984016120434e-05,4.097127122804522e-05,3.960606409236789e-05,predict,3.922299947589636e-05,3.929599188268185e-05,13.0,1633.0,100,,4.8891410758312404e-05
10,0.5,100,20,False,skl,0.00011435698252171278,0.0001445729285478592,0.00013745191972702742,0.00011885155690833926,0.0001152979675680399,predict_proba,0.00011435698252171278,0.00011444801930338144,,,100,1.0,0.00013302520109451015
10,0.5,100,20,False,ort,4.58649592474103e-05,7.81399430707097e-05,7.049995474517345e-05,4.8026343574747446e-05,4.625850124284625e-05,predict_proba,4.58649592474103e-05,4.591804463416338e-05,13.0,1633.0,100,,5.865404324910968e-05
1,0.5,100,50,True,skl,5.388201680034399e-05,0.00011055299546569586,6.943196058273315e-05,5.632346263155341e-05,5.4361531510949135e-05,predict,5.388201680034399e-05,5.3965020924806595e-05,,,100,1.0,6.917262638250177e-05
1,0.5,100,50,True,ort,3.61510319635272e-05,8.910102769732475e-05,4.571897443383932e-05,3.819463425315916e-05,3.654998727142811e-05,predict,3.61510319635272e-05,3.621692303568125e-05,13.0,1873.0,100,,5.0309131583498237e-05
1,0.5,100,50,True,skl,0.00010869908146560192,0.00016998103819787502,0.00013193197082728148,0.00011339645483531058,0.00010970747098326683,predict_proba,0.00010869908146560192,0.00010882108472287655,,,100,1.0,0.0001306426209747891
1,0.5,100,50,True,ort,3.750994801521301e-05,5.752802826464176e-05,4.905101377516985e-05,3.916864166967571e-05,3.790995106101036e-05,predict_proba,3.750994801521301e-05,3.763602580875158e-05,13.0,1873.0,100,,4.61215133362843e-05
10,0.5,100,50,True,skl,5.662802141159773e-05,8.482800330966711e-05,7.447204552590847e-05,5.891947308555245e-05,5.716894520446658e-05,predict,5.662802141159773e-05,5.668005906045437e-05,,,100,1.0,6.800109148414211e-05
10,0.5,100,50,True,ort,4.156504292041063e-05,7.827999070286751e-05,5.1900045946240425e-05,4.362048231996596e-05,4.214252112433314e-05,predict,4.156504292041063e-05,4.184199497103691e-05,13.0,1873.0,100,,5.248460824494449e-05
10,0.5,100,50,True,skl,0.00011485896538943052,0.0001540790544822812,0.00013842398766428232,0.0001198347529862076,0.00011630443623289466,predict_proba,0.00011485896538943052,0.00011520599946379662,,,100,1.0,0.00013389586414204447
10,0.5,100,50,True,ort,4.81950119137764e-05,6.585102528333664e-05,5.804398097097874e-05,4.981089849025011e-05,4.857243038713932e-05,predict_proba,4.81950119137764e-05,4.8310961574316025e-05,13.0,1873.0,100,,5.610467736127411e-05
1,0.5,100,50,False,skl,5.407002754509449e-05,0.00010821898467838764,7.502001244574785e-05,5.808901507407427e-05,5.5976968724280596e-05,predict,5.407002754509449e-05,5.443196278065443e-05,,,100,1.0,7.16382079962309e-05
1,0.5,100,50,False,ort,3.7068966776132584e-05,9.286892600357533e-05,4.3945969082415104e-05,3.8424755912274124e-05,3.748299786821008e-05,predict,3.7068966776132584e-05,3.717304207384586e-05,13.0,1873.0,100,,5.0396358766078555e-05
1,0.5,100,50,False,skl,0.00010937592014670372,0.00015887001063674688,0.00013290601782500744,0.00011419022455811501,0.00011045054998248816,predict_proba,0.00010937592014670372,0.00010950991418212652,,,100,1.0,0.00013116822427815386
1,0.5,100,50,False,ort,3.762601409107447e-05,5.504000000655651e-05,5.203799810260534e-05,3.9054532535374165e-05,3.797595854848623e-05,predict_proba,3.762601409107447e-05,3.7695979699492455e-05,13.0,1873.0,100,,4.5727699781717474e-05
10,0.5,100,50,False,skl,5.667400546371937e-05,9.770505130290985e-05,7.459206972271204e-05,5.91406156308949e-05,5.716795567423105e-05,predict,5.667400546371937e-05,5.6807068176567554e-05,,,100,1.0,7.023481365598806e-05
10,0.5,100,50,False,ort,4.13029920309782e-05,6.735499482601881e-05,5.3203082643449306e-05,4.304093774408102e-05,4.163646372035146e-05,predict,4.13029920309782e-05,4.133698530495167e-05,13.0,1873.0,100,,5.0792544275303617e-05
10,0.5,100,50,False,skl,0.00011508294846862555,0.00015386799350380898,0.00014001294039189816,0.00011973524116910994,0.00011606753105297685,predict_proba,0.00011508294846862555,0.00011517107486724854,,,100,1.0,0.00013412868895867742
10,0.5,100,50,False,ort,4.77619469165802e-05,6.598408799618483e-05,6.345799192786217e-05,4.957520985044539e-05,4.828302189707756e-05,predict_proba,4.77619469165802e-05,4.786404315382242e-05,13.0,1873.0,100,,5.666859039620461e-05
1,0.5,100,100,True,skl,5.5616023018956184e-05,0.00010851304978132248,7.827603258192539e-05,5.832784343510866e-05,5.614745896309614e-05,predict,5.5616023018956184e-05,5.576689727604389e-05,,,100,1.0,7.1596184223638e-05
1,0.5,100,100,True,ort,3.7326011806726456e-05,9.212607983499765e-05,4.7215959057211876e-05,3.919233335182071e-05,3.769202157855034e-05,predict,3.7326011806726456e-05,3.739295061677694e-05,13.0,2273.0,100,,5.082914318644905e-05
1,0.5,100,100,True,skl,0.00011248094961047173,0.0001590329920873046,0.000137062044814229,0.00011734092491678894,0.00011338450713083148,predict_proba,0.00011248094961047173,0.00011277501471340656,,,100,1.0,0.00013270404909775902
1,0.5,100,100,True,ort,3.896397538483143e-05,6.272201426327229e-05,4.901899956166744e-05,4.0528577519580724e-05,3.926950739696622e-05,predict_proba,3.896397538483143e-05,3.906607162207365e-05,13.0,2273.0,100,,4.7834324505419385e-05
10,0.5,100,100,True,skl,5.961896385997534e-05,8.325395174324512e-05,7.828907109797001e-05,6.20435900054872e-05,6.011204095557332e-05,predict,5.961896385997534e-05,5.973200313746929e-05,,,100,1.0,7.150019082945805e-05
10,0.5,100,100,True,ort,4.3705920688807964e-05,6.971799302846193e-05,5.431496538221836e-05,4.541924106888473e-05,4.406546941027045e-05,predict,4.3705920688807964e-05,4.378100857138634e-05,13.0,2273.0,100,,5.3608625377267074e-05
10,0.5,100,100,True,skl,0.00012005399912595749,0.00015852495562285185,0.0001529030269011855,0.00012501328368671238,0.00012123648775741458,predict_proba,0.00012005399912595749,0.00012029800564050674,,,100,1.0,0.00014118349406718156
10,0.5,100,100,True,ort,5.034194327890873e-05,7.385795470327139e-05,6.561202462762594e-05,5.208669463172555e-05,5.076697561889887e-05,predict_proba,5.034194327890873e-05,5.0453003495931625e-05,13.0,2273.0,100,,5.984167369628899e-05
1,0.5,100,100,False,skl,5.5832089856266975e-05,0.0001180529361590743,7.428694516420364e-05,5.8666643453761936e-05,5.6262477301061153e-05,predict,5.5832089856266975e-05,5.592999514192343e-05,,,100,1.0,7.294659336776549e-05
1,0.5,100,100,False,ort,3.739201929420233e-05,9.510607924312353e-05,4.89730155095458e-05,3.9107934571802613e-05,3.7777004763484e-05,predict,3.739201929420233e-05,3.745302092283964e-05,13.0,2273.0,100,,5.131246194054696e-05
1,0.5,100,100,False,skl,0.00011232297401875257,0.00018165609799325466,0.0001358219888061285,0.00011740126879885792,0.0001138410298153758,predict_proba,0.00011232297401875257,0.00011278700549155474,,,100,1.0,0.00013486444480553963
1,0.5,100,100,False,ort,3.8650003261864185e-05,6.41699880361557e-05,4.885799717158079e-05,4.0293713100254534e-05,3.905745688825846e-05,predict_proba,3.8650003261864185e-05,3.877200651913881e-05,13.0,2273.0,100,,4.778882290026588e-05
10,0.5,100,100,False,skl,5.96559839323163e-05,8.208095096051693e-05,7.001601625233889e-05,6.177902454510331e-05,6.017397390678525e-05,predict,5.96559839323163e-05,5.981908179819584e-05,,,100,1.0,6.944047110811743e-05
10,0.5,100,100,False,ort,4.359206650406122e-05,6.754999049007893e-05,5.744199734181166e-05,4.5238233869895336e-05,4.394695861265063e-05,predict,4.359206650406122e-05,4.3662963435053825e-05,13.0,2273.0,100,,5.2927918017271125e-05
10,0.5,100,100,False,skl,0.00011950102634727955,0.00015346601139754057,0.00014859705697745085,0.00012457363540306686,0.00012046046322211623,predict_proba,0.00011950102634727955,0.00011969602201133966,,,100,1.0,0.0001403913804110216
10,0.5,100,100,False,ort,5.020294338464737e-05,7.993297185748816e-05,6.880506407469511e-05,5.227363202720881e-05,5.0591013859957457e-05,predict_proba,5.020294338464737e-05,5.026895087212324e-05,13.0,2273.0,100,,6.192380736022476e-05
1,0.5,100,200,True,skl,5.756807513535023e-05,0.00013741094153374434,6.670108996331692e-05,5.9131054440513255e-05,5.7952478528022766e-05,predict,5.756807513535023e-05,5.7595083490014076e-05,,,100,1.0,7.489532687305573e-05
1,0.5,100,200,True,ort,3.9068982005119324e-05,0.00010764505714178085,4.590593744069338e-05,4.025241010822356e-05,3.938097506761551e-05,predict,3.9068982005119324e-05,3.9104954339563847e-05,13.0,3076.0,100,,5.366671522838507e-05
1,0.5,100,200,True,skl,0.00011643290054053068,0.00016469904221594334,0.00013275793753564358,0.00011900924379006028,0.00011721352348104119,predict_proba,0.00011643290054053068,0.00011656398419290781,,,100,1.0,0.0001302512787520543
1,0.5,100,200,True,ort,4.05989121645689e-05,9.677000343799591e-05,4.6947039663791656e-05,4.1917514754459264e-05,4.1072547901421785e-05,predict_proba,4.05989121645689e-05,4.064792301505804e-05,13.0,3076.0,100,,5.2955640147517436e-05
10,0.5,100,200,True,skl,6.3554965890944e-05,0.00011736992746591568,7.039005868136883e-05,6.497759954072535e-05,6.403349107131362e-05,predict,6.3554965890944e-05,6.368302274495363e-05,,,100,1.0,7.578174877632198e-05
10,0.5,100,200,True,ort,4.704098682850599e-05,9.30780079215765e-05,5.332799628376961e-05,4.823204479180276e-05,4.756404086947441e-05,predict,4.704098682850599e-05,4.7113047912716866e-05,13.0,3076.0,100,,5.7277182990801616e-05
10,0.5,100,200,True,skl,0.00012564100325107574,0.0001693270169198513,0.00014051201287657022,0.00012804134632460773,0.0001265389728359878,predict_proba,0.00012564100325107574,0.00012584892101585865,,,100,1.0,0.00013829810934995175
10,0.5,100,200,True,ort,5.384394899010658e-05,7.792608812451363e-05,6.0542020946741104e-05,5.4885302670300004e-05,5.431548925116658e-05,predict_proba,5.384394899010658e-05,5.3931958973407745e-05,13.0,3076.0,100,,6.001897348407742e-05
1,0.5,100,200,False,skl,5.763396620750427e-05,0.00014615594409406185,6.600900087505579e-05,5.934696877375245e-05,5.79824554733932e-05,predict,5.763396620750427e-05,5.771301221102476e-05,,,100,1.0,7.680491676626534e-05
1,0.5,100,200,False,ort,3.9323000237345695e-05,0.00011162902228534222,4.560593515634537e-05,4.055015160702169e-05,3.966351505368948e-05,predict,3.9323000237345695e-05,3.937294241040945e-05,13.0,3076.0,100,,5.466733217980716e-05
1,0.5,100,200,False,skl,0.00011601205915212631,0.00016583700198680162,0.0001317920396104455,0.00011839434504508973,0.00011681602336466312,predict_proba,0.00011601205915212631,0.00011616607662290335,,,100,1.0,0.00012992051957595946
1,0.5,100,200,False,ort,4.0696002542972565e-05,5.897297523915768e-05,4.6735978685319424e-05,4.150378284975887e-05,4.116701893508434e-05,predict_proba,4.0696002542972565e-05,4.07929765060544e-05,13.0,3076.0,100,,4.539669409698393e-05
10,0.5,100,200,False,skl,6.335705984383821e-05,9.569898247718811e-05,7.057399488985538e-05,6.45025516860187e-05,6.389344343915582e-05,predict,6.335705984383821e-05,6.344506982713938e-05,,,100,1.0,7.121916831461661e-05
10,0.5,100,200,False,ort,4.6786037273705006e-05,8.342089131474495e-05,5.275697913020849e-05,4.781503695994615e-05,4.723196616396308e-05,predict,4.6786037273705006e-05,4.684296436607838e-05,13.0,3076.0,100,,5.510475141926269e-05
10,0.5,100,200,False,skl,0.0001252569491043687,0.00016310601495206356,0.00014091306366026402,0.00012770583853125573,0.00012619397602975368,predict_proba,0.0001252569491043687,0.00012546801008284092,,,100,1.0,0.00013731638992839153
10,0.5,100,200,False,ort,5.369901191443205e-05,7.538392674177885e-05,5.9943064115941525e-05,5.460465443320572e-05,5.418248474597931e-05,predict_proba,5.369901191443205e-05,5.3821015171706676e-05,13.0,3076.0,100,,5.905499656551908e-05
1,1.0,100,1,True,skl,5.723105277866125e-05,0.00011429004371166229,6.474391557276249e-05,5.867023603059351e-05,5.764851812273264e-05,predict,5.723105277866125e-05,5.730695556849241e-05,,,100,1.0,7.011351352040876e-05
1,1.0,100,1,True,ort,3.7627993151545525e-05,8.874409832060337e-05,4.4016982428729534e-05,3.867337945848703e-05,3.798998659476638e-05,predict,3.7627993151545525e-05,3.767898306250572e-05,13.0,1479.0,100,,4.87332287587619e-05
1,1.0,100,1,True,skl,0.00011574698146432638,0.00016100495122373104,0.00012849108316004276,0.00011808537179604173,0.00011658802395686507,predict_proba,0.00011574698146432638,0.00011594302486628294,,,100,1.0,0.0001284177102829644
1,1.0,100,1,True,ort,3.945198841392994e-05,5.855399649590254e-05,4.573992919176817e-05,4.018563777208328e-05,3.976543666794896e-05,predict_proba,3.945198841392994e-05,3.950297832489014e-05,13.0,1479.0,100,,4.4280063683269896e-05
10,1.0,100,1,True,skl,5.9248064644634724e-05,8.209701627492905e-05,6.492598913609982e-05,6.003257120028138e-05,5.9523910749703646e-05,predict,5.9248064644634724e-05,5.925795994699001e-05,,,100,1.0,6.500260518629412e-05
10,1.0,100,1,True,ort,4.052591975778341e-05,6.66080741211772e-05,4.6726083382964134e-05,4.138692282140255e-05,4.092603921890259e-05,predict,4.052591975778341e-05,4.06589824706316e-05,13.0,1479.0,100,,4.671363129815384e-05
10,1.0,100,1,True,skl,0.00012080895248800516,0.00015097204595804214,0.00013404199853539467,0.00012281182338483632,0.00012152048293501139,predict_proba,0.00012080895248800516,0.0001209150068461895,,,100,1.0,0.000130704295420557
10,1.0,100,1,True,ort,4.775996785610914e-05,6.55910698696971e-05,5.3727999329566956e-05,4.841318354010582e-05,4.803703632205725e-05,predict_proba,4.775996785610914e-05,4.779093433171511e-05,13.0,1479.0,100,,5.2249485501920934e-05
1,1.0,100,1,False,skl,5.697098094969988e-05,0.0001097129425033927,6.493506953120232e-05,5.8464561589062215e-05,5.7461962569504976e-05,predict,5.697098094969988e-05,5.711894482374191e-05,,,100,1.0,6.927365400222075e-05
1,1.0,100,1,False,ort,3.8059079088270664e-05,8.883897680789232e-05,4.412198904901743e-05,3.910511382855475e-05,3.841053694486618e-05,predict,3.8059079088270664e-05,3.812904469668865e-05,13.0,1479.0,100,,4.9068756847141035e-05
1,1.0,100,1,False,skl,0.00011586397886276245,0.0001646449090912938,0.000130290980450809,0.00011810980853624642,0.00011662597535178065,predict_proba,0.00011586397886276245,0.00011596700642257929,,,100,1.0,0.00012898519751851345
1,1.0,100,1,False,ort,3.973301500082016e-05,5.7213008403778076e-05,4.5102089643478394e-05,4.036053782328963e-05,4.003901267424226e-05,predict_proba,3.973301500082016e-05,3.9819045923650265e-05,13.0,1479.0,100,,4.405128009422453e-05
10,1.0,100,1,False,skl,5.928205791860819e-05,8.320098277181387e-05,6.568594835698605e-05,6.02240685839206e-05,5.966948810964823e-05,predict,5.928205791860819e-05,5.93370059505105e-05,,,100,1.0,6.545564607875297e-05
10,1.0,100,1,False,ort,4.0826969780027866e-05,6.795697845518589e-05,4.574703052639961e-05,4.171572159975767e-05,4.1232502553611994e-05,predict,4.0826969780027866e-05,4.0996004827320576e-05,13.0,1479.0,100,,4.718918658176185e-05
10,1.0,100,1,False,skl,0.00012095400597900152,0.00014996097888797522,0.0001353629631921649,0.00012310015852563084,0.00012184551451355219,predict_proba,0.00012095400597900152,0.00012110092211514711,,,100,1.0,0.00013099886003310288
10,1.0,100,1,False,ort,4.776299465447664e-05,6.796000525355339e-05,5.3107040002942085e-05,4.8556005349382755e-05,4.812248516827822e-05,predict_proba,4.776299465447664e-05,4.785996861755848e-05,13.0,1479.0,100,,5.282169993582186e-05
1,1.0,100,5,True,skl,5.5628945119678974e-05,0.00010673701763153076,7.095898035913706e-05,5.716245505027473e-05,5.601753946393728e-05,predict,5.5628945119678974e-05,5.574198439717293e-05,,,100,1.0,6.865637100417865e-05
1,1.0,100,5,True,ort,3.6897952668368816e-05,8.620903827250004e-05,5.364092066884041e-05,3.8319772575050595e-05,3.7118501495569944e-05,predict,3.6897952668368816e-05,3.692600876092911e-05,13.0,1511.0,100,,4.9811518003803664e-05
1,1.0,100,5,True,skl,0.00010928197298198938,0.0001719180727377534,0.00014074193313717842,0.00011576580698601901,0.00011327752145007253,predict_proba,0.00010928197298198938,0.00010945100802928209,,,100,1.0,0.0001356576411714326
1,1.0,100,5,True,ort,3.732496406883001e-05,5.434302147477865e-05,4.6671018935739994e-05,3.888796898536384e-05,3.766053123399615e-05,predict_proba,3.732496406883001e-05,3.741402179002762e-05,13.0,1511.0,100,,4.5135674336106534e-05
10,1.0,100,5,True,skl,5.601195152848959e-05,7.836008444428444e-05,7.408193778246641e-05,5.803582025691867e-05,5.650799721479416e-05,predict,5.601195152848959e-05,5.6141987442970276e-05,,,100,1.0,6.610678638518055e-05
10,1.0,100,5,True,ort,3.875396214425564e-05,6.570701953023672e-05,4.86449571326375e-05,4.0261616231873634e-05,3.9157981518656015e-05,predict,3.875396214425564e-05,3.892905078828335e-05,13.0,1511.0,100,,4.745656718974448e-05
10,1.0,100,5,True,skl,0.00011337304022163153,0.00014339201152324677,0.00013742304872721434,0.00011804790236055851,0.00011469604214653373,predict_proba,0.00011337304022163153,0.0001137610524892807,,,100,1.0,0.0001303451953904462
10,1.0,100,5,True,ort,4.518695641309023e-05,6.477604620158672e-05,5.9542013332247734e-05,4.72972565330565e-05,4.556553903967142e-05,predict_proba,4.518695641309023e-05,4.528602585196495e-05,13.0,1511.0,100,,5.516976042226471e-05
1,1.0,100,5,False,skl,5.3999945521354675e-05,0.00010317005217075348,7.499894127249718e-05,5.642740987241268e-05,5.434051854535937e-05,predict,5.3999945521354675e-05,5.405698902904987e-05,,,100,1.0,6.963941529711873e-05
1,1.0,100,5,False,ort,3.540492616593838e-05,8.451496250927448e-05,4.551000893115997e-05,3.75253229867667e-05,3.5887525882571936e-05,predict,3.540492616593838e-05,3.5541015677154064e-05,13.0,1511.0,100,,4.843365214874672e-05
1,1.0,100,5,False,skl,0.00010847300291061401,0.00015376298688352108,0.000134785077534616,0.00011370006366632879,0.00010984553955495358,predict_proba,0.00010847300291061401,0.00010904902592301369,,,100,1.0,0.00012950661617115803
1,1.0,100,5,False,ort,3.7407036870718e-05,5.339598283171654e-05,4.763994365930557e-05,3.8973633199930193e-05,3.7770019844174385e-05,predict_proba,3.7407036870718e-05,3.75059898942709e-05,13.0,1511.0,100,,4.526250192779578e-05
10,1.0,100,5,False,skl,5.585700273513794e-05,8.58190469443798e-05,7.002195343375206e-05,5.8136665029451254e-05,5.639955634251237e-05,predict,5.585700273513794e-05,5.602405872195959e-05,,,100,1.0,6.705429801378635e-05
10,1.0,100,5,False,ort,3.881193697452545e-05,7.290905341506004e-05,5.302508361637592e-05,4.070780356414616e-05,3.907748032361269e-05,predict,3.881193697452545e-05,3.882602322846651e-05,13.0,1511.0,100,,4.979788650440796e-05
10,1.0,100,5,False,skl,0.00011350493878126144,0.00014991604257375002,0.0001402059569954872,0.00011798892286606133,0.00011458649532869458,predict_proba,0.00011350493878126144,0.00011371902655810118,,,100,1.0,0.0001325728240119114
10,1.0,100,5,False,ort,4.534295294433832e-05,6.341608241200447e-05,5.577504634857178e-05,4.707846441306174e-05,4.5718508772552013e-05,predict_proba,4.534295294433832e-05,4.537799395620823e-05,13.0,1511.0,100,,5.4034514920405e-05
1,1.0,100,10,True,skl,5.402299575507641e-05,0.00011498702224344015,6.979599129408598e-05,5.672212806530297e-05,5.466904258355498e-05,predict,5.402299575507641e-05,5.4194009862840176e-05,,,100,1.0,6.987470672834577e-05
1,1.0,100,10,True,ort,3.566395025700331e-05,9.946501813828945e-05,4.678696859627962e-05,3.76596802379936e-05,3.622000804170966e-05,predict,3.566395025700331e-05,3.590609412640333e-05,13.0,1551.0,100,,5.067079327968875e-05
1,1.0,100,10,True,skl,0.00010926404502242804,0.0001580700045451522,0.00013031810522079468,0.00011418416630476713,0.00011104601435363293,predict_proba,0.00010926404502242804,0.00010941701475530863,,,100,1.0,0.00012808530144240698
1,1.0,100,10,True,ort,3.742997068911791e-05,5.696294829249382e-05,4.7408975660800934e-05,3.876688540913165e-05,3.772648051381111e-05,predict_proba,3.742997068911791e-05,3.7495046854019165e-05,13.0,1551.0,100,,4.521679097705095e-05
10,1.0,100,10,True,skl,5.58680621907115e-05,7.785600610077381e-05,7.369904778897762e-05,5.801837076433003e-05,5.63080538995564e-05,predict,5.58680621907115e-05,5.592301022261381e-05,,,100,1.0,6.612247351812177e-05
10,1.0,100,10,True,ort,3.8809957914054394e-05,6.245297845453024e-05,4.9678958021104336e-05,4.0426639607176185e-05,3.917096182703972e-05,predict,3.8809957914054394e-05,3.887398634105921e-05,13.0,1551.0,100,,4.767421647724721e-05
10,1.0,100,10,True,skl,0.00011376908514648676,0.00015050196088850498,0.00013769196812063456,0.00011833737371489406,0.00011478748638182878,predict_proba,0.00011376908514648676,0.00011395302135497332,,,100,1.0,0.00013183449386944233
10,1.0,100,10,True,ort,4.5264954678714275e-05,7.099309004843235e-05,5.4900068789720535e-05,4.7028502449393273e-05,4.581653047353029e-05,predict_proba,4.5264954678714275e-05,4.533806350082159e-05,13.0,1551.0,100,,5.409104256127054e-05
1,1.0,100,10,False,skl,5.400402005761862e-05,0.00010547693818807602,7.98830296844244e-05,5.66241517663002e-05,5.448702722787857e-05,predict,5.400402005761862e-05,5.417608190327883e-05,,,100,1.0,6.987173140094546e-05
1,1.0,100,10,False,ort,3.594602458178997e-05,8.553999941796064e-05,4.646694287657738e-05,3.810926456935704e-05,3.726803697645664e-05,predict,3.594602458178997e-05,3.613508306443691e-05,13.0,1551.0,100,,4.8936543736927655e-05
1,1.0,100,10,False,skl,0.00010939594358205795,0.00015188497491180897,0.00014358200132846832,0.00011442548246122897,0.00011043599806725979,predict_proba,0.00010939594358205795,0.00010951794683933258,,,100,1.0,0.00012978934034132083
1,1.0,100,10,False,ort,3.727199509739876e-05,6.224401295185089e-05,4.789303056895733e-05,3.88820911757648e-05,3.776053199544549e-05,predict_proba,3.727199509739876e-05,3.7470017559826374e-05,13.0,1551.0,100,,4.6191959549872785e-05
10,1.0,100,10,False,skl,5.6060031056404114e-05,7.925601676106453e-05,7.390300743281841e-05,5.809807451441884e-05,5.65284863114357e-05,predict,5.6060031056404114e-05,5.621102172881365e-05,,,100,1.0,6.630763861220607e-05
10,1.0,100,10,False,ort,3.9326027035713196e-05,6.839900743216276e-05,5.025393329560757e-05,4.106090986169875e-05,4.042347427457571e-05,predict,3.9326027035713196e-05,3.948493395000696e-05,13.0,1551.0,100,,4.787858832965533e-05
10,1.0,100,10,False,skl,0.00011382007505744696,0.00015704799443483353,0.0001431669807061553,0.00011886324151419103,0.00011493702186271548,predict_proba,0.00011382007505744696,0.00011399504728615284,,,100,1.0,0.0001346656088206183
10,1.0,100,10,False,ort,4.5576016418635845e-05,7.139099761843681e-05,5.540892016142607e-05,4.764290992170572e-05,4.613999044522643e-05,predict_proba,4.5576016418635845e-05,4.5693013817071915e-05,13.0,1551.0,100,,5.514258448123077e-05
1,1.0,100,20,True,skl,5.4200063459575176e-05,0.00011663301847875118,6.919901352375746e-05,5.715222912840545e-05,5.468999734148383e-05,predict,5.4200063459575176e-05,5.429098382592201e-05,,,100,1.0,7.154865843863649e-05
1,1.0,100,20,True,ort,3.597105387598276e-05,8.471496403217316e-05,4.6245986595749855e-05,3.7758530816063285e-05,3.660301445052028e-05,predict,3.597105387598276e-05,3.599701449275017e-05,13.0,1633.0,100,,4.818661543164978e-05
1,1.0,100,20,True,skl,0.0001092120073735714,0.0001612860942259431,0.00013434200081974268,0.00011425397242419422,0.00011075899237766862,predict_proba,0.0001092120073735714,0.0001095789484679699,,,100,1.0,0.00012971983213903344
1,1.0,100,20,True,ort,3.7451041862368584e-05,6.231095176190138e-05,4.8370915465056896e-05,3.901438787579536e-05,3.777345409616828e-05,predict_proba,3.7451041862368584e-05,3.7488993257284164e-05,13.0,1633.0,100,,4.6413707111053634e-05
10,1.0,100,20,True,skl,5.631090607494116e-05,7.956195622682571e-05,7.459195330739021e-05,5.860385717824101e-05,5.675898864865303e-05,predict,5.631090607494116e-05,5.641498137265444e-05,,,100,1.0,6.791056815426374e-05
10,1.0,100,20,True,ort,3.950705286115408e-05,6.28599664196372e-05,5.054008215665817e-05,4.1287546046078206e-05,4.0045997593551874e-05,predict,3.950705286115408e-05,3.962405025959015e-05,13.0,1633.0,100,,4.8162540800664454e-05
10,1.0,100,20,True,skl,0.00011378398630768061,0.00014969496987760067,0.00014188396744430065,0.00011917813331820071,0.00011498259846121073,predict_proba,0.00011378398630768061,0.00011423893738538027,,,100,1.0,0.00013372877892053387
10,1.0,100,20,True,ort,4.606391303241253e-05,7.562106475234032e-05,6.368395406752825e-05,4.84633503947407e-05,4.751095548272133e-05,predict_proba,4.606391303241253e-05,4.608905874192715e-05,13.0,1633.0,100,,5.818309662104573e-05
1,1.0,100,20,False,skl,5.384301766753197e-05,0.0001025079982355237,7.652293425053358e-05,5.6586870923638346e-05,5.439046071842313e-05,predict,5.384301766753197e-05,5.410297308117151e-05,,,100,1.0,6.990849343948939e-05
1,1.0,100,20,False,ort,3.6139972507953644e-05,8.32659425213933e-05,4.5528984628617764e-05,3.786104614846408e-05,3.654550528153777e-05,predict,3.6139972507953644e-05,3.6202953197062016e-05,13.0,1633.0,100,,4.8559256552582815e-05
1,1.0,100,20,False,skl,0.0001086259726434946,0.00016928103286772966,0.00013209297321736813,0.0001133702415972948,0.00010948599083349109,predict_proba,0.0001086259726434946,0.00010887498501688242,,,100,1.0,0.000129871684406583
1,1.0,100,20,False,ort,3.756699152290821e-05,5.5490992963314056e-05,4.825799260288477e-05,3.911303472705185e-05,3.786798333749175e-05,predict_proba,3.756699152290821e-05,3.7639052607119083e-05,13.0,1633.0,100,,4.575916965284613e-05
10,1.0,100,20,False,skl,5.608797073364258e-05,7.742701563984156e-05,7.321196608245373e-05,5.826111068017781e-05,5.660700844600797e-05,predict,5.608797073364258e-05,5.6146993301808834e-05,,,100,1.0,6.629506215421107e-05
10,1.0,100,20,False,ort,3.944896161556244e-05,6.313098128885031e-05,4.9013993702828884e-05,4.119102959521115e-05,3.9816542994230986e-05,predict,3.944896161556244e-05,3.955897409468889e-05,13.0,1633.0,100,,4.846880341557867e-05
10,1.0,100,20,False,skl,0.00011455395724624395,0.00014439201913774014,0.00014122098218649626,0.00011925196857191622,0.00011552951764315367,predict_proba,0.00011455395724624395,0.00011484907008707523,,,100,1.0,0.00013273663860568528
10,1.0,100,20,False,ort,4.5962980948388577e-05,6.656500045210123e-05,6.333296187222004e-05,4.7886943211779e-05,4.6386499889194965e-05,predict_proba,4.5962980948388577e-05,4.608510062098503e-05,13.0,1633.0,100,,5.6012565394669036e-05
1,1.0,100,50,True,skl,5.392602179199457e-05,0.00010944099631160498,7.212895434349775e-05,5.645659868605435e-05,5.444249836727977e-05,predict,5.392602179199457e-05,5.4075964726507664e-05,,,100,1.0,6.921000904575972e-05
1,1.0,100,50,True,ort,3.60170379281044e-05,9.150803089141846e-05,4.578102380037308e-05,3.764335648156702e-05,3.644445678219199e-05,predict,3.60170379281044e-05,3.6195036955177784e-05,13.0,1873.0,100,,4.9208969163597236e-05
1,1.0,100,50,True,skl,0.0001088839489966631,0.0001714379759505391,0.00012869690544903278,0.00011332682217471301,0.00011000351514667273,predict_proba,0.0001088839489966631,0.00010904599912464619,,,100,1.0,0.0001289166321771675
1,1.0,100,50,True,ort,3.76460375264287e-05,5.469098687171936e-05,4.819291643798351e-05,3.9265345549210906e-05,3.803300205618143e-05,predict_proba,3.76460375264287e-05,3.766303416341543e-05,13.0,1873.0,100,,4.533791844052451e-05
10,1.0,100,50,True,skl,5.679100286215544e-05,8.078990504145622e-05,7.515400648117065e-05,5.946186487562955e-05,5.7281460613012314e-05,predict,5.679100286215544e-05,5.69300027564168e-05,,,100,1.0,6.895218837387374e-05
10,1.0,100,50,True,ort,4.18730778619647e-05,7.131102029234171e-05,5.237001460045576e-05,4.3573251459747553e-05,4.22024168074131e-05,predict,4.18730778619647e-05,4.191300831735134e-05,13.0,1873.0,100,,5.1607020506633625e-05
10,1.0,100,50,True,skl,0.00011523894499987364,0.0001631779596209526,0.00015616905875504017,0.00012126278830692173,0.00011879490921273828,predict_proba,0.00011523894499987364,0.00011541706044226885,,,100,1.0,0.00013892041168146084
10,1.0,100,50,True,ort,4.837103188037872e-05,7.28630693629384e-05,6.36889599263668e-05,5.096147884614766e-05,5.0015049055218697e-05,predict_proba,4.837103188037872e-05,4.8640999011695385e-05,13.0,1873.0,100,,5.824389021388119e-05
1,1.0,100,50,False,skl,5.397095810621977e-05,0.00011842104140669107,7.230392657220364e-05,5.650859558954835e-05,5.44340000487864e-05,predict,5.397095810621977e-05,5.402893293648958e-05,,,100,1.0,7.090814649923399e-05
1,1.0,100,50,False,ort,3.617000766098499e-05,8.565897587686777e-05,4.718208219856024e-05,3.848440130241215e-05,3.6632001865655184e-05,predict,3.617000766098499e-05,3.623403608798981e-05,13.0,1873.0,100,,5.099166927889523e-05
1,1.0,100,50,False,skl,0.0001091960584744811,0.00018018297851085663,0.00013709103222936392,0.00011478590546175838,0.00011331151472404599,predict_proba,0.0001091960584744811,0.00010934995952993631,,,100,1.0,0.0001323596257780806
1,1.0,100,50,False,ort,3.760308027267456e-05,5.4407049901783466e-05,4.6989996917545795e-05,3.915631677955389e-05,3.796152304857969e-05,predict_proba,3.760308027267456e-05,3.763602580875158e-05,13.0,1873.0,100,,4.5724002472543645e-05
10,1.0,100,50,False,skl,5.6777033023536205e-05,9.168405085802078e-05,7.999700028449297e-05,5.9289755299687385e-05,5.7190016377717257e-05,predict,5.6777033023536205e-05,5.683302879333496e-05,,,100,1.0,7.038221771352243e-05
10,1.0,100,50,False,ort,4.130508750677109e-05,6.828096229583025e-05,5.5523007176816463e-05,4.307147231884301e-05,4.174647619947791e-05,predict,4.130508750677109e-05,4.135596100240946e-05,13.0,1873.0,100,,5.097366439163473e-05
10,1.0,100,50,False,skl,0.00011503405403345823,0.00015817699022591114,0.0001430930569767952,0.00011934479582123458,0.00011587602784857154,predict_proba,0.00011503405403345823,0.0001152310287579894,,,100,1.0,0.00013384430825057636
10,1.0,100,50,False,ort,4.798604641109705e-05,7.207889575511217e-05,6.530596874654293e-05,4.976065829396248e-05,4.83705080114305e-05,predict_proba,4.798604641109705e-05,4.805100616067648e-05,13.0,1873.0,100,,5.793813193324439e-05
1,1.0,100,100,True,skl,5.541299469769001e-05,0.00011396198533475399,7.442699279636145e-05,5.85594936273992e-05,5.6208460591733456e-05,predict,5.541299469769001e-05,5.568796768784523e-05,,,100,1.0,7.258685635864403e-05
1,1.0,100,100,True,ort,3.757304511964321e-05,8.975202217698097e-05,4.7573004849255085e-05,3.9320067735388875e-05,3.793055657297373e-05,predict,3.757304511964321e-05,3.761309199035168e-05,13.0,2273.0,100,,5.106524529061545e-05
1,1.0,100,100,True,skl,0.00011219701264053583,0.00015961402095854282,0.00013890303671360016,0.00011756536550819874,0.00011367048136889935,predict_proba,0.00011219701264053583,0.00011282297782599926,,,100,1.0,0.00013397978788225653
1,1.0,100,100,True,ort,3.8831960409879684e-05,5.5495067499578e-05,4.911399446427822e-05,4.066909896209836e-05,3.942300099879503e-05,predict_proba,3.8831960409879684e-05,3.8924976252019405e-05,13.0,2273.0,100,,4.712657614757145e-05
10,1.0,100,100,True,skl,5.98379410803318e-05,0.00011825095862150192,7.875205483287573e-05,6.270394893363118e-05,6.0557504184544086e-05,predict,5.98379410803318e-05,6.0086022131145e-05,,,100,1.0,7.636215646444441e-05
10,1.0,100,100,True,ort,4.3536070734262466e-05,0.00012793601490557194,6.037997081875801e-05,4.621626692824066e-05,4.4106971472501755e-05,predict,4.3536070734262466e-05,4.372198600322008e-05,13.0,2273.0,100,,6.373782558180487e-05
10,1.0,100,100,True,skl,0.00011969706974923611,0.00017261598259210587,0.0001400079345330596,0.00012499633594416083,0.00012080051237717271,predict_proba,0.00011969706974923611,0.00011983909644186497,,,100,1.0,0.00014090098459178292
10,1.0,100,100,True,ort,5.039700772613287e-05,7.46800797060132e-05,6.662704981863499e-05,5.229416536167264e-05,5.0888978876173496e-05,predict_proba,5.039700772613287e-05,5.053903441876173e-05,13.0,2273.0,100,,6.021828885816582e-05
1,1.0,100,100,False,skl,5.5773998610675335e-05,0.00011374906171113253,6.931996904313564e-05,5.860131699591875e-05,5.637004505842924e-05,predict,5.5773998610675335e-05,5.5890996009111404e-05,,,100,1.0,7.171455138669617e-05
1,1.0,100,100,False,ort,3.770797047764063e-05,9.619095362722874e-05,4.768604412674904e-05,3.9452938362956044e-05,3.801402635872364e-05,predict,3.770797047764063e-05,3.7770951166749e-05,13.0,2273.0,100,,5.180549145154308e-05
1,1.0,100,100,False,skl,0.00011229293886572123,0.00015985302161425352,0.00013579102233052254,0.00011733912630006671,0.0001133980113081634,predict_proba,0.00011229293886572123,0.00011252600234001875,,,100,1.0,0.000132253703843827
1,1.0,100,100,False,ort,3.900798037648201e-05,5.704700015485287e-05,4.912202712148428e-05,4.0665443520992994e-05,3.947754157707095e-05,predict_proba,3.900798037648201e-05,3.918504808098078e-05,13.0,2273.0,100,,4.7283821658866584e-05
10,1.0,100,100,False,skl,5.977798718959093e-05,8.611299563199282e-05,7.115595508366823e-05,6.207146565429866e-05,6.0256978031247854e-05,predict,5.977798718959093e-05,5.98409678786993e-05,,,100,1.0,7.09826728334039e-05
10,1.0,100,100,False,ort,4.341697786003351e-05,7.055490277707577e-05,5.3614028729498386e-05,4.519058507867157e-05,4.384003113955259e-05,predict,4.341697786003351e-05,4.3482985347509384e-05,13.0,2273.0,100,,5.3706077267589276e-05
10,1.0,100,100,False,skl,0.00011999998241662979,0.00017559702973812819,0.0001437889877706766,0.0001247904065530747,0.00012088404037058353,predict_proba,0.00011999998241662979,0.0001201119739562273,,,100,1.0,0.00014131105062796835
10,1.0,100,100,False,ort,5.016603972762823e-05,6.872601807117462e-05,6.455904804170132e-05,5.216107238084078e-05,5.072052590548992e-05,predict_proba,5.016603972762823e-05,5.043693818151951e-05,13.0,2273.0,100,,5.953601021543646e-05
1,1.0,100,200,True,skl,5.776702892035246e-05,0.00013780093286186457,6.964197382330894e-05,5.9413611888885496e-05,5.8166973758488894e-05,predict,5.776702892035246e-05,5.7884957641363144e-05,,,100,1.0,7.527100962784463e-05
1,1.0,100,200,True,ort,3.8914033211767673e-05,0.00010808405932039022,4.5854016207158566e-05,4.022700130008161e-05,3.93675290979445e-05,predict,3.8914033211767673e-05,3.9016944356262684e-05,13.0,3076.0,100,,5.372987326824217e-05
1,1.0,100,200,True,skl,0.00011602602899074554,0.0001655779778957367,0.00013227504678070545,0.00011869999230839313,0.00011687952792271972,predict_proba,0.00011602602899074554,0.00011620402801781893,,,100,1.0,0.00013028775531604726
1,1.0,100,200,True,ort,4.072999581694603e-05,6.020709406584501e-05,4.6588946133852005e-05,4.15637472178787e-05,4.1120045352727175e-05,predict_proba,4.072999581694603e-05,4.081800580024719e-05,13.0,3076.0,100,,4.5809758151857356e-05
10,1.0,100,200,True,skl,6.322399713099003e-05,9.224307723343372e-05,6.944802589714527e-05,6.441223900765181e-05,6.3752057030797e-05,predict,6.322399713099003e-05,6.333005148917437e-05,,,100,1.0,7.099976355201132e-05
10,1.0,100,200,True,ort,4.701991565525532e-05,7.790303789079189e-05,5.27380034327507e-05,4.791715298779309e-05,4.7381967306137085e-05,predict,4.701991565525532e-05,4.710804205387831e-05,13.0,3076.0,100,,5.411649499529635e-05
10,1.0,100,200,True,skl,0.0001254070084542036,0.0001563460100442171,0.0001435460289940238,0.0001277619751635939,0.0001262644655071199,predict_proba,0.0001254070084542036,0.00012557604350149632,,,100,1.0,0.00013680553012356252
10,1.0,100,200,True,ort,5.384697578847408e-05,7.35489884391427e-05,5.874002818018198e-05,5.466062924824655e-05,5.4295058362185955e-05,predict_proba,5.384697578847408e-05,5.392602179199457e-05,13.0,3076.0,100,,5.880739235258053e-05
1,1.0,100,200,False,skl,5.7850033044815063e-05,0.00013878196477890015,6.5792934037745e-05,5.9631194453686475e-05,5.8354518841952085e-05,predict,5.7850033044815063e-05,5.803594831377268e-05,,,100,1.0,7.558154464552733e-05
1,1.0,100,200,False,ort,3.931496758013964e-05,0.00010552594903856516,4.514399915933609e-05,4.0530796395614745e-05,3.972998820245266e-05,predict,3.931496758013964e-05,3.936910070478916e-05,13.0,3076.0,100,,5.344068638141045e-05
1,1.0,100,200,False,skl,0.00011639005970209837,0.00016410206444561481,0.0001315189292654395,0.00011870544054545462,0.00011714245192706585,predict_proba,0.00011639005970209837,0.00011643499601632357,,,100,1.0,0.00012964326487564703
1,1.0,100,200,False,ort,4.05280152335763e-05,5.756900645792484e-05,4.6345056034624577e-05,4.134346731007099e-05,4.102394450455904e-05,predict_proba,4.05280152335763e-05,4.0675047785043716e-05,13.0,3076.0,100,,4.49932397017294e-05
10,1.0,100,200,False,skl,6.353191565722227e-05,8.996296674013138e-05,7.239205297082663e-05,6.453665439039469e-05,6.392505019903183e-05,predict,6.353191565722227e-05,6.359792314469814e-05,,,100,1.0,7.024327017456875e-05
10,1.0,100,200,False,ort,4.6967994421720505e-05,7.8722951002419e-05,5.317910108715296e-05,4.801462520845234e-05,4.7485518734902143e-05,predict,4.6967994421720505e-05,4.72069950774312e-05,13.0,3076.0,100,,5.437177484001807e-05
10,1.0,100,200,False,skl,0.000125808990560472,0.0001728750066831708,0.00014442193787544966,0.00012845707708038388,0.00012675451580435038,predict_proba,0.000125808990560472,0.0001261188881471753,,,100,1.0,0.00013971066539717478
10,1.0,100,200,False,ort,5.370797589421272e-05,0.00010301102884113789,6.136100273579359e-05,5.4866572609171273e-05,5.415198393166065e-05,predict_proba,5.370797589421272e-05,5.379493813961744e-05,13.0,3076.0,100,,6.46315380075709e-05
