lib,N,dim,nbnode,repeat,number,min,max,min3,max3,mean,lower,upper,count,median,error_c
ort,1,1,1,20,10,0.00013014068827033043,0.00018408801406621933,0.00013061193749308586,0.00013684900477528572,0.00013632311020046474,0.00013014068827033043,0.00016411043212720555,20,0.00013169343583285809,0
npy,1,1,1,20,10,4.056887701153755e-05,4.884926602244377e-05,4.064571112394333e-05,4.134373739361763e-05,4.146634601056576e-05,4.056887701153755e-05,4.522496400830742e-05,20,4.088808782398701e-05,0
ort,10,1,1,20,10,0.000132701825350523,0.00016029132530093193,0.0001331479288637638,0.00013481220230460167,0.00013587095309048892,0.000132701825350523,0.00014950659501649448,20,0.00013367016799747944,0
npy,10,1,1,20,10,2.8809066861867905e-05,3.3863354474306107e-05,2.891477197408676e-05,2.973107621073723e-05,2.9473705217242242e-05,2.8809066861867905e-05,3.15382581663691e-05,20,2.92209442704916e-05,0
ort,100,1,1,20,10,0.00013204803690314293,0.00018334388732910156,0.00013290392234921455,0.00013594329357147217,0.0001361625734716654,0.00013204803690314293,0.0001574722637881221,20,0.00013352115638554096,0
npy,100,1,1,20,10,2.9440969228744507e-05,3.454228863120079e-05,2.965470775961876e-05,3.071175888180733e-05,3.0376180075109004e-05,2.9440969228744507e-05,3.284012618511974e-05,20,2.994295209646225e-05,0
ort,1000,1,1,20,10,0.0001477678306400776,0.00016962504014372826,0.00014887982979416847,0.00015198299661278725,0.00015060147270560265,0.0001477678306400776,0.0001593919354973124,20,0.00014949333854019642,0
npy,1000,1,1,20,10,3.862008452415466e-05,5.4309144616127014e-05,3.872206434607506e-05,4.492979496717453e-05,4.058030899614096e-05,3.862008452415466e-05,4.7907256493309035e-05,20,3.8986094295978546e-05,0
ort,10000,1,1,20,10,0.00019893096759915352,0.0002775569446384907,0.00019913865253329277,0.0002394411712884903,0.00021475625690072774,0.00019893096759915352,0.00025546655577077964,20,0.00021007866598665714,0
npy,10000,1,1,20,10,8.459528908133507e-05,0.00012136297300457954,8.501484990119934e-05,9.155320003628731e-05,8.915362413972617e-05,8.459528908133507e-05,0.00010446827304965055,20,8.695363067090511e-05,0
ort,1,1,2,20,10,0.00014725280925631523,0.00019017700105905533,0.00015100697055459023,0.000158816110342741,0.00015470224898308515,0.00014725280925631523,0.00017485270616451754,20,0.00015134736895561218,0
npy,1,1,2,20,10,6.050104275345802e-05,7.051089778542519e-05,6.127310916781425e-05,6.390269845724106e-05,6.292406469583511e-05,6.050104275345802e-05,6.797300407563105e-05,20,6.26265536993742e-05,0
ort,10,1,2,20,10,0.00014692498371005058,0.00017673103138804436,0.0001473887823522091,0.00015722401440143585,0.00015107309445738792,0.00014692498371005058,0.0001658445690312684,20,0.000147894024848938,0
npy,10,1,2,20,10,4.024384543299675e-05,4.518916830420494e-05,4.0543265640735626e-05,4.110438749194145e-05,4.0993141010403636e-05,4.024384543299675e-05,4.308103978875766e-05,20,4.0621496737003326e-05,0
ort,100,1,2,20,10,0.0001476597972214222,0.00016594817861914635,0.00014822371304035187,0.00014911778271198273,0.00014948484022170305,0.0001476597972214222,0.00015693223779885088,20,0.00014870590530335903,0
npy,100,1,2,20,10,4.063500091433525e-05,5.853502079844475e-05,4.077982157468796e-05,4.579219967126846e-05,4.2595691047608854e-05,4.063500091433525e-05,5.075055807799248e-05,20,4.099844954907894e-05,0
ort,1000,1,2,20,10,0.00016359705477952957,0.00019184406846761703,0.0001643449068069458,0.0001831832341849804,0.00016905113589018583,0.00016359705477952957,0.00018573975396464186,20,0.0001658429391682148,0
npy,1000,1,2,20,10,5.06620854139328e-05,5.630170926451683e-05,5.108071491122246e-05,5.157478153705597e-05,5.1532848738133906e-05,5.06620854139328e-05,5.374166402936491e-05,20,5.129282362759113e-05,0
ort,10000,1,2,20,10,0.000245699193328619,0.0002897540107369423,0.0002463669516146183,0.0002489527687430382,0.0002511938568204641,0.000245699193328619,0.00027475975439100265,20,0.0002470870967954397,0
npy,10000,1,2,20,10,0.00010574515908956528,0.00014091702178120613,0.00010663317516446114,0.00010881386697292328,0.0001090361038222909,0.00010574515908956528,0.00012353821162166848,20,0.00010717450641095638,0
ort,1,1,3,20,10,0.00015262607485055923,0.0001857341267168522,0.00015512388199567795,0.00015638908371329308,0.00015728655271232128,0.00015262607485055923,0.00017067379761860412,20,0.00015545147471129894,0
npy,1,1,3,20,10,7.935008034110069e-05,9.998399764299393e-05,7.949536666274071e-05,8.905399590730667e-05,8.278887253254652e-05,7.935008034110069e-05,9.309668549301655e-05,20,7.998431101441383e-05,0
ort,10,1,3,20,10,0.00015296833589673042,0.00018064305186271667,0.00015348894521594048,0.0001542968675494194,0.00015605799853801727,0.00015296833589673042,0.00016964383844807776,20,0.00015384890139102936,0
npy,10,1,3,20,10,4.98918816447258e-05,5.398085340857506e-05,5.0395261496305466e-05,5.147000774741173e-05,5.0891563296318056e-05,4.98918816447258e-05,5.271738255682509e-05,20,5.060923285782337e-05,0
ort,100,1,3,20,10,0.00015087705105543137,0.0001809573732316494,0.00015126308426260948,0.00015278300270438194,0.00015412636566907166,0.00015087705105543137,0.0001689268635428561,20,0.00015179207548499107,0
npy,100,1,3,20,10,5.064625293016434e-05,5.5678654462099075e-05,5.1005277782678604e-05,5.167489871382713e-05,5.145661998540163e-05,5.064625293016434e-05,5.343864230292495e-05,20,5.1196664571762085e-05,0
ort,1000,1,3,20,10,0.00016974098980426788,0.00019927974790334702,0.00017026299610733986,0.00017222296446561813,0.00017365829553455113,0.00016974098980426788,0.00018967487970820854,20,0.00017089489847421646,0
npy,1000,1,3,20,10,6.272410973906517e-05,6.860913708806038e-05,6.335508078336716e-05,6.797490641474724e-05,6.485360208898782e-05,6.272410973906517e-05,6.860913708806038e-05,20,6.366218440234661e-05,0
ort,10000,1,3,20,10,0.0002752901054918766,0.0003219339996576309,0.00027556298300623894,0.0002778470516204834,0.00027978497091680766,0.0002752901054918766,0.00030127320570756417,20,0.00027651479467749596,0
npy,10000,1,3,20,10,0.00013498030602931976,0.0001677209511399269,0.00013600382953882217,0.00013868790119886398,0.00013878941535949707,0.00013498030602931976,0.00015228184390512318,20,0.00013688369654119015,0
ort,1,1,5,20,10,0.00016584200784564018,0.00020556198433041573,0.00016625085845589638,0.0001772516407072544,0.00017325039952993394,0.00016584200784564018,0.00019219009280848278,20,0.00017085997387766838,0
npy,1,1,5,20,10,0.00011736201122403145,0.0001241341233253479,0.00011783093214035034,0.00011948402971029282,0.00011876325588673353,0.00011736201122403145,0.00012148210590268472,20,0.00011850916780531406,0
ort,10,1,5,20,10,0.0001678760163486004,0.00018816860392689705,0.00016821268945932388,0.00016904296353459358,0.00016957465559244155,0.0001678760163486004,0.00017797426919322602,20,0.00016855169087648392,0
npy,10,1,5,20,10,6.859470158815384e-05,9.258324280381203e-05,6.957491859793663e-05,7.120193913578987e-05,7.147009018808604e-05,6.859470158815384e-05,8.165226683802306e-05,20,6.993114948272705e-05,0
ort,100,1,5,20,10,0.00016719801351428032,0.00020818784832954407,0.00016790721565485,0.00018245913088321686,0.00017272385302931071,0.00016719801351428032,0.00019195656292364952,20,0.00016877776943147182,0
npy,100,1,5,20,10,7.018400356173515e-05,8.359318599104881e-05,7.129320874810219e-05,7.341895252466202e-05,7.256704848259687e-05,7.018400356173515e-05,7.786028313993408e-05,20,7.186573930084705e-05,0
ort,1000,1,5,20,10,0.00018786033615469933,0.0002240082249045372,0.00019245222210884094,0.0001956392079591751,0.00019595762714743614,0.00018786033615469933,0.0002140376058155239,20,0.00019300496205687523,0
npy,1000,1,5,20,10,8.930917829275131e-05,0.00010022101923823357,8.965283632278442e-05,9.712018072605133e-05,9.152169805020094e-05,8.930917829275131e-05,9.792992417029052e-05,20,9.012897498905659e-05,0
ort,10000,1,5,20,10,0.00032960716634988785,0.000360140111297369,0.0003306558355689049,0.0003532259725034237,0.000337488017976284,0.00032960716634988785,0.0003545191285553408,20,0.00033480068668723106,0
npy,10000,1,5,20,10,0.0001948331482708454,0.00025655096396803856,0.00019608158618211746,0.00022029224783182144,0.00020350897684693337,0.0001948331482708454,0.00023295743654243892,20,0.00019736355170607567,0
ort,1,1,10,20,10,0.0001987200230360031,0.00025513069704174995,0.0001998450607061386,0.00021666474640369415,0.0002088865963742137,0.0001987200230360031,0.00023247904331062327,20,0.00020587886683642864,0
npy,1,1,10,20,10,0.0002079429104924202,0.0002507837489247322,0.00020912010222673416,0.00021852878853678703,0.00021467399783432485,0.0002079429104924202,0.00023491757071098616,20,0.00021048937924206257,0
ort,10,1,10,20,10,0.00020622462034225464,0.00023499876260757446,0.0002064271830022335,0.0002080816775560379,0.00020977412350475788,0.00020622462034225464,0.00022515548569456442,20,0.0002073049545288086,0
npy,10,1,10,20,10,0.00011699507012963295,0.00012457696720957756,0.00011850008741021156,0.00012106308713555336,0.00011987236794084311,0.00011699507012963295,0.0001229159323029659,20,0.00011970452032983303,0
ort,100,1,10,20,10,0.00020173098891973495,0.00022631511092185974,0.0002019149251282215,0.0002030632458627224,0.000204649125225842,0.00020173098891973495,0.0002186996708989784,20,0.0002021673135459423,0
npy,100,1,10,20,10,0.00011997809633612633,0.00012685172259807587,0.00012120697647333145,0.00012323400005698204,0.00012215652968734504,0.00011997809633612633,0.00012483732991626687,20,0.0001221459824591875,0
ort,1000,1,10,20,10,0.00023461226373910904,0.0003103199414908886,0.000235868152230978,0.0002513192594051361,0.00024255693424493074,0.00023461226373910904,0.0002754253582654852,20,0.00023655639961361885,0
npy,1000,1,10,20,10,0.00015406589955091476,0.00019542081281542778,0.00015449384227395058,0.00015733810141682625,0.00015780706889927386,0.00015406589955091476,0.00017498053549092028,20,0.0001557020004838705,0
ort,10000,1,10,20,10,0.00045607471838593483,0.0005087610334157944,0.00045715318992733955,0.00048573873937129974,0.00046587903052568435,0.00045607471838593483,0.0004915322853845381,20,0.00045951874926686287,0
npy,10000,1,10,20,10,0.0003436771221458912,0.0003804820589721203,0.0003457176499068737,0.00035799015313386917,0.00035099724773317574,0.0003436771221458912,0.0003682294579160174,20,0.00034743105061352253,0
ort,1,1,50,20,10,0.00048605119809508324,0.0005836565978825092,0.00048755062744021416,0.0005297069437801838,0.00050336888525635,0.00048605119809508324,0.0005498444117274125,20,0.0004957825876772404,0
npy,1,1,50,20,10,0.0009229052811861038,0.0010339408181607723,0.000932903029024601,0.0009643402881920338,0.0009485391667112709,0.0009229052811861038,0.000994325506696463,20,0.000941096106544137,0
ort,10,1,50,20,10,0.0004812423139810562,0.0005445550195872784,0.000482786912471056,0.0005223830230534077,0.0004968872526660562,0.0004812423139810562,0.000530086512467517,20,0.0004894931335002184,0
npy,10,1,50,20,10,0.0004961132071912289,0.0005330489948391914,0.0005007460713386536,0.0005269390530884266,0.0005125149386003613,0.0004961132071912289,0.0005330489948391914,20,0.000513225793838501,0
ort,100,1,50,20,10,0.0004879427142441273,0.0005499036051332951,0.0004887031391263008,0.0005123675800859928,0.0004977174336090684,0.0004879427142441273,0.0005289502125966854,20,0.000489523634314537,0
npy,100,1,50,20,10,0.0004909802228212357,0.0005422192625701427,0.000500792171806097,0.0005366192199289799,0.0005173185840249061,0.0004909802228212357,0.0005422192625701427,20,0.0005196314305067062,0
ort,1000,1,50,20,10,0.0005903011187911034,0.0006529591046273708,0.0006013708189129829,0.0006418740376830101,0.000610078382305801,0.0005903011187911034,0.0006442135137797123,20,0.000602212967351079,0
npy,1000,1,50,20,10,0.0006638374179601669,0.0007085292600095272,0.000665952917188406,0.0007013301365077496,0.0006784980418160558,0.0006638374179601669,0.0007040551990629511,20,0.0006758393719792366,0
ort,10000,1,50,20,10,0.0014123409055173397,0.001547838095575571,0.0014141998253762722,0.0014634639956057072,0.0014404765097424388,0.0014123409055173397,0.0015021240208552896,20,0.0014299689792096615,0
npy,10000,1,50,20,10,0.0015053339302539825,0.001594556961208582,0.0015109819360077381,0.0015429966151714325,0.0015296909026801587,0.0015053339302539825,0.0015695587746316954,20,0.0015288859140127897,0
ort,1,1,100,20,10,0.0008976077660918236,0.0010061203502118587,0.000899207778275013,0.0009273923933506012,0.0009152786573395133,0.0008976077660918236,0.0009646352164271631,20,0.0009023109450936317,0
npy,1,1,100,20,10,0.0017976518720388412,0.001901883166283369,0.0018193898722529411,0.0018839049153029919,0.00185497859492898,0.0018024918721476191,0.001901883166283369,20,0.0018604765646159649,0
ort,10,1,100,20,10,0.0008285967633128166,0.000897848978638649,0.0008301963098347187,0.0008535077795386314,0.0008379301056265831,0.0008285967633128166,0.0008695245144144387,20,0.0008313823491334915,0
npy,10,1,100,20,10,0.0009625949896872044,0.0010154289193451405,0.000969455111771822,0.0010093809105455875,0.0009885216364637016,0.0009625949896872044,0.0010154289193451405,20,0.0009896790143102407,0
ort,100,1,100,20,10,0.0008435621857643127,0.0009342669509351254,0.0008443617261946201,0.0008662128821015358,0.0008520590141415596,0.0008435621857643127,0.0008911634128516362,20,0.0008452031761407852,0
npy,100,1,100,20,10,0.0009788041934370995,0.0010377727448940277,0.0009976490400731564,0.0010287361219525337,0.001013137400150299,0.00098201907657215,0.0010377727448940277,20,0.0010176131036132574,0
ort,1000,1,100,20,10,0.001031280029565096,0.0011175069957971573,0.0010547968558967113,0.00108777591958642,0.001063584303483367,0.001031280029565096,0.0011016558676631345,20,0.0010573836043477058,0
npy,1000,1,100,20,10,0.001302775926887989,0.0013769818469882011,0.0013201762922108173,0.0013571931049227715,0.0013353829039260746,0.001302775926887989,0.001371765458992372,20,0.0013316052500158548,0
ort,10000,1,100,20,10,0.0025746808387339115,0.002770090941339731,0.002584462985396385,0.002646680921316147,0.002610534615814686,0.0025746808387339115,0.0026954507402874696,20,0.0026004950050264597,0
npy,10000,1,100,20,10,0.0029745870269834995,0.0032066619023680687,0.0029928977601230145,0.003045068122446537,0.003026252961717546,0.0029745870269834995,0.0031380872081454656,20,0.0030114485416561365,0
ort,1,1,150,20,10,0.0011916137300431728,0.0013704439625144005,0.0011977758258581161,0.0012746821157634258,0.0012276738416403532,0.0011916137300431728,0.0013092097078022942,20,0.0012173785362392664,0
npy,1,1,150,20,10,0.002750441897660494,0.0029033785685896873,0.0027583478949964046,0.0028672139160335064,0.0027962654130533338,0.002750441897660494,0.0028825516422867447,20,0.0027837795205414295,0
ort,10,1,150,20,10,0.0011713220737874508,0.001289629377424717,0.001172484364360571,0.0012716851197183132,0.0012086241506040097,0.0011713220737874508,0.0012861914269199585,20,0.0012041940353810787,0
npy,10,1,150,20,10,0.0014521600678563118,0.0015231193974614143,0.0014669690281152725,0.001512089278548956,0.0014873341890051961,0.0014521600678563118,0.0015231193974614143,20,0.0014868262223899364,0
ort,100,1,150,20,10,0.0011946605518460274,0.0013127932325005531,0.001197450328618288,0.0012282873503863811,0.001212343154475093,0.0011946605518460274,0.001262723118501912,20,0.001200745115056634,0
npy,100,1,150,20,10,0.001443048007786274,0.0015642577782273293,0.0014942660927772522,0.0015499843284487724,0.0015168817713856696,0.0014630504692991785,0.0015642577782273293,20,0.00151595170609653,0
ort,1000,1,150,20,10,0.0015129349194467068,0.0016487720422446728,0.0015144413337111473,0.001541229896247387,0.001531260763294995,0.0015129349194467068,0.0015884258720703973,20,0.0015192560385912657,0
npy,1000,1,150,20,10,0.001947282813489437,0.0020314441062510014,0.00195647357031703,0.0020197839476168156,0.001985260704532266,0.001947282813489437,0.0020314441062510014,20,0.0019849829841405153,0
ort,10000,1,150,20,10,0.0037468760274350643,0.003973016981035471,0.0037642093375325203,0.0038348310627043247,0.0037924488773569466,0.0037468760274350643,0.0038889676378819397,20,0.003774540964514017,0
npy,10000,1,150,20,10,0.004441878758370876,0.004598741885274649,0.00445158313959837,0.004564441274851561,0.004498753673397004,0.004441878758370876,0.004585415906135752,20,0.004489243263378739,0
ort,1,1,200,20,10,0.0016295560635626316,0.0018344488926231861,0.001657587941735983,0.0016941577196121216,0.0016795683652162552,0.0016295560635626316,0.0017593672082956394,20,0.0016737678088247776,0
npy,1,1,200,20,10,0.0036118822172284126,0.0038257972337305546,0.003652745857834816,0.003735376987606287,0.0036942979088053106,0.0036118822172284126,0.0037842312190172075,20,0.003695266554132104,0
ort,10,1,200,20,10,0.0015302980318665504,0.0016508977860212326,0.001536690630018711,0.00157941784709692,0.0015549567295238375,0.0015302980318665504,0.0016071045508614502,20,0.001547779655084014,0
npy,10,1,200,20,10,0.0018643811345100403,0.001985609997063875,0.0019183643162250519,0.001976069062948227,0.0019407125655561686,0.0018815744495278613,0.001985609997063875,20,0.0019437281880527735,0
ort,100,1,200,20,10,0.0015536709688603878,0.0017006900161504745,0.0015558013692498207,0.0015965397469699383,0.0015745935263112188,0.0015536709688603878,0.0016384562204356625,20,0.0015591776464134455,0
npy,100,1,200,20,10,0.0019539250060915947,0.0020820731297135353,0.0019962871447205544,0.002064220141619444,0.002023389399982989,0.001965047854838539,0.002081730945127439,20,0.002024392830207944,0
ort,1000,1,200,20,10,0.001976399216800928,0.0020900419913232327,0.001979938242584467,0.0020252238027751446,0.0020048779901117087,0.001976399216800928,0.0020612482322242168,20,0.00200269790366292,0
npy,1000,1,200,20,10,0.0025147153064608574,0.0028518671169877052,0.0025632232427597046,0.0027336161583662033,0.0026269787922501564,0.0025147153064608574,0.0027917631034989187,20,0.0025988994166254997,0
ort,10000,1,200,20,10,0.004925641231238842,0.005233075004070997,0.004930746275931597,0.00503182876855135,0.004981659725308419,0.004925641231238842,0.005118254159560809,20,0.004955270793288946,0
npy,10000,1,200,20,10,0.005838355980813503,0.006158047821372747,0.005899077281355858,0.00609801709651947,0.0059920517727732655,0.005838355980813503,0.006158047821372747,20,0.005994549952447414,0
ort,1,1,250,20,10,0.0020495401695370674,0.0022908938117325306,0.0020572789944708347,0.0020970217883586884,0.0020856875227764247,0.0020495401695370674,0.0021830737864838427,20,0.0020793364383280277,0
npy,1,1,250,20,10,0.004540849011391401,0.0047973631881177425,0.004602272063493729,0.0046728369779884815,0.004646467790007591,0.004548947168237815,0.004743988411777367,20,0.004649445181712508,0
ort,10,1,250,20,10,0.001886147540062666,0.0020656012929975986,0.0018937094137072563,0.0019345302134752274,0.001919727213680744,0.001886147540062666,0.0019970810387909366,20,0.0019123931415379047,0
npy,10,1,250,20,10,0.002373867202550173,0.0026752781122922897,0.0024185916408896446,0.002590091899037361,0.002487203059718013,0.002373867202550173,0.002638511148541605,20,0.002455044537782669,0
ort,100,1,250,20,10,0.0019122250378131866,0.002157106064260006,0.0019180970266461372,0.0019699889235198498,0.001951867388561368,0.0019122250378131866,0.002060409387434029,20,0.0019406459759920835,0
npy,100,1,250,20,10,0.00242857588455081,0.002585239242762327,0.0024790302850306034,0.002543990034610033,0.002504538861103356,0.0024298529986566337,0.002579224723550078,20,0.002505892189219594,0
ort,1000,1,250,20,10,0.002429855987429619,0.0026042936369776726,0.0024323142133653164,0.0024819583632051945,0.0024627008475363254,0.002429855987429619,0.0025352511804951484,20,0.0024557195138186216,0
npy,1000,1,250,20,10,0.0032295449636876583,0.003378279972821474,0.003240023273974657,0.0033169593662023544,0.0032815280836075546,0.0032295449636876583,0.00335995588383407,20,0.003280500415712595,0
ort,10000,1,250,20,10,0.006003605667501688,0.0063197920098900795,0.006021175067871809,0.006205976940691471,0.006115444982424378,0.006003605667501688,0.006296293511881991,20,0.00610988587141037,0
npy,10000,1,250,20,10,0.007321209646761417,0.008388049900531769,0.007331330794841051,0.007890081964433193,0.007515011262148619,0.007321209646761417,0.008075632480070387,20,0.0073679431807249784,0
ort,1,1,300,20,10,0.002372007817029953,0.002604152075946331,0.0024129492230713367,0.0024952860549092293,0.0024489478673785925,0.002372007817029953,0.0025441057553206147,20,0.0024412081111222506,0
npy,1,1,300,20,10,0.005394451320171356,0.005683369003236294,0.005438272375613451,0.005590010900050402,0.005511238076724112,0.005394451320171356,0.005651280447741088,20,0.0055040111765265465,0
ort,10,1,300,20,10,0.0022204648703336716,0.0024700239300727844,0.002222300972789526,0.0022676512598991394,0.0022545455023646353,0.0022204648703336716,0.0023564049181803944,20,0.0022429716773331165,0
npy,10,1,300,20,10,0.0028966222889721394,0.0031689638271927834,0.002912660129368305,0.003000300843268633,0.0029628354124724863,0.0028966222889721394,0.0030780981346763274,20,0.002949557499960065,0
ort,100,1,300,20,10,0.002255030907690525,0.0024862680584192276,0.0022621313109993935,0.0023015118204057217,0.0022913866676390173,0.002255030907690525,0.0023880289588045544,20,0.002277940046042204,0
npy,100,1,300,20,10,0.0029260381124913692,0.003075831104069948,0.0029646269977092743,0.0030375346541404724,0.0029930452816188335,0.0029260381124913692,0.0030660689297244167,20,0.0029846886172890663,0
ort,1000,1,300,20,10,0.0028728367760777473,0.0030577857978641987,0.0028921933844685555,0.002956097014248371,0.0029183534439653157,0.0028728367760777473,0.0029935287502250146,20,0.0029106088913977146,0
npy,1000,1,300,20,10,0.0037520830519497395,0.003974059596657753,0.003827795386314392,0.003943841904401779,0.003877949295565486,0.0037520830519497395,0.003974059596657753,20,0.0038769999518990517,0
ort,10000,1,300,20,10,0.007230646908283234,0.00760588888078928,0.007264666724950075,0.007397439796477556,0.007331221224740147,0.007230646908283234,0.007506770727864781,20,0.007302284939214587,0
npy,10000,1,300,20,10,0.008761042263358831,0.009357925970107317,0.008780199568718672,0.008940949104726315,0.008883550250902771,0.008761042263358831,0.009210063318781225,20,0.008833572966977954,0
ort,1,10,1,20,10,0.0001346701756119728,0.00019164010882377625,0.00013559404760599136,0.00014097103849053383,0.00014172198716551067,0.0001346701756119728,0.00016465507131639936,20,0.00013986439444124699,0
npy,1,10,1,20,10,2.920767292380333e-05,3.9155129343271255e-05,2.934318035840988e-05,3.822799772024155e-05,3.124165814369917e-05,2.920767292380333e-05,3.766148071660944e-05,20,2.9697082936763763e-05,0
ort,10,10,1,20,10,0.00013838475570082664,0.00015390198677778244,0.0001386050134897232,0.00013951165601611137,0.00013973331078886986,0.00013838475570082664,0.00014616426275607954,20,0.00013893586583435535,0
npy,10,10,1,20,10,3.2363925129175186e-05,4.9069058150053024e-05,3.254413604736328e-05,3.865407779812813e-05,3.434936515986919e-05,3.2363925129175186e-05,4.235800656741491e-05,20,3.2776035368442535e-05,0
ort,100,10,1,20,10,0.00016435468569397926,0.000193081796169281,0.0001650908961892128,0.00016699079424142838,0.0001685436349362135,0.00016435468569397926,0.00018431490219265973,20,0.00016611325554549694,0
npy,100,10,1,20,10,3.95127572119236e-05,4.550395533442497e-05,4.0133949369192123e-05,4.0593091398477554e-05,4.054822493344545e-05,3.95127572119236e-05,4.28405747680474e-05,20,4.032393917441368e-05,0
ort,1000,10,1,20,10,0.00033672014251351357,0.0003719073720276356,0.0003387979231774807,0.00034962594509124756,0.0003436854341998696,0.00033672014251351357,0.0003624420937511401,20,0.00033989688381552696,0
npy,1000,10,1,20,10,7.753726094961166e-05,9.944988414645195e-05,7.795635610818863e-05,8.046021685004234e-05,8.004216942936182e-05,7.753726094961166e-05,8.897620641717606e-05,20,7.91335478425026e-05,0
ort,10000,10,1,20,10,0.0020625190809369087,0.002222245093435049,0.0020659780129790306,0.0021574837155640125,0.002107344684191048,0.0020625190809369087,0.0021914282334380146,20,0.0020921037066727877,0
npy,10000,10,1,20,10,0.0006533111445605755,0.0007865256629884243,0.000673393253237009,0.0007229642942547798,0.0006900795269757509,0.0006533111445605755,0.0007495927743131754,20,0.0006778065580874681,0
ort,1,10,2,20,10,0.0001527932472527027,0.0002562468871474266,0.00015369988977909088,0.00018577976152300835,0.00017440333031117916,0.0001527932472527027,0.0002170425787145876,20,0.0001712788362056017,0
npy,1,10,2,20,10,4.017585888504982e-05,6.306963041424751e-05,4.1001010686159134e-05,5.5913813412189484e-05,4.59456816315651e-05,4.017585888504982e-05,5.949076378519797e-05,20,4.1893450543284416e-05,0
ort,10,10,2,20,10,0.00015410082414746284,0.00021186703816056252,0.00016164779663085938,0.00019699987024068832,0.00017345501109957694,0.00015410082414746284,0.00020613107469887677,20,0.0001700427383184433,0
npy,10,10,2,20,10,4.8640184104442596e-05,7.955823093652725e-05,4.898104816675186e-05,5.591614171862602e-05,5.227620713412762e-05,4.8640184104442596e-05,6.708067239976852e-05,20,4.9603404477238655e-05,0
ort,100,10,2,20,10,0.00019337795674800873,0.00023991195484995842,0.0001943390816450119,0.0002316199243068695,0.00020916815847158433,0.00019337795674800873,0.00023877425720075887,20,0.00020503904670476913,0
npy,100,10,2,20,10,5.656899884343147e-05,9.512808173894882e-05,5.6926626712083817e-05,7.283594459295273e-05,6.168745458126068e-05,5.656899884343147e-05,8.109927200647705e-05,20,5.7415105402469635e-05,0
ort,1000,10,2,20,10,0.0005164891481399536,0.0005968064069747925,0.0005176402628421783,0.0005782628431916237,0.0005426513729616999,0.0005164891481399536,0.00059244711672055,20,0.0005348974373191595,0
npy,1000,10,2,20,10,0.00011128699406981468,0.00015221862122416496,0.00011373823508620262,0.00013162428513169289,0.00011942042037844658,0.00011128699406981468,0.00013839251576144648,20,0.00011524069122970104,0
ort,10000,10,2,20,10,0.0035877078771591187,0.003996065817773342,0.0036820191890001297,0.0038473811000585556,0.0037292000837624074,0.0035877078771591187,0.0039059273938363,20,0.0037115809973329306,0
npy,10000,10,2,20,10,0.0008488530293107033,0.0009370786137878895,0.0008606649935245514,0.0009225043468177319,0.000888860016129911,0.0008488530293107033,0.0009370786137878895,20,0.0008837520144879818,0
ort,1,10,3,20,10,0.0001588333398103714,0.00020527886226773262,0.0001588989980518818,0.00018426403403282166,0.00016445911023765802,0.0001588333398103714,0.00018822824976121323,20,0.00015958468429744244,0
npy,1,10,3,20,10,5.006697028875351e-05,5.477713420987129e-05,5.015125498175621e-05,5.3301919251680374e-05,5.121859721839428e-05,5.006697028875351e-05,5.388758931025292e-05,20,5.0846487283706665e-05,0
ort,10,10,3,20,10,0.0001613842323422432,0.00019195396453142166,0.00016150996088981628,0.00018117297440767288,0.00016562445089221,0.0001613842323422432,0.00018353249153769025,20,0.00016199448145926,0
npy,10,10,3,20,10,6.014527752995491e-05,6.706221029162407e-05,6.0535967350006104e-05,6.146496161818504e-05,6.114605348557234e-05,6.014527752995491e-05,6.388768337007612e-05,20,6.084446795284748e-05,0
ort,100,10,3,20,10,0.00021735858172178268,0.00024410104379057884,0.0002187681384384632,0.0002225949428975582,0.00022247852757573128,0.00021735858172178268,0.0002363387587192709,20,0.0002204913180321455,0
npy,100,10,3,20,10,7.257983088493347e-05,8.240994065999985e-05,7.30329193174839e-05,7.904134690761566e-05,7.448282558470964e-05,7.257983088493347e-05,8.025798910864812e-05,20,7.328041829168797e-05,0
ort,1000,10,3,20,10,0.0006849691271781921,0.0007252106443047523,0.0006865761242806911,0.0007111537270247936,0.0006980625912547112,0.0006849691271781921,0.000720785858569451,20,0.0006940097082406282,0
npy,1000,10,3,20,10,0.00014529796317219734,0.00015580607578158379,0.00014626700431108475,0.0001496518962085247,0.0001479031750932336,0.00014529796317219734,0.00015248433116249048,20,0.00014707236550748348,0
ort,10000,10,3,20,10,0.005121532827615738,0.0052961260080337524,0.005178315099328756,0.005278973840177059,0.005217328481376171,0.005121532827615738,0.0052961260080337524,20,0.005210113944485784,0
npy,10000,10,3,20,10,0.0011365218088030815,0.0013605430722236633,0.001140151172876358,0.0012517920695245266,0.001185170072130859,0.0011365218088030815,0.0012936229112935067,20,0.0011725223157554865,0
ort,1,10,5,20,10,0.00017200177535414696,0.0002683829516172409,0.00017221225425601006,0.00019979476928710938,0.00018274274189025163,0.00017200177535414696,0.00023483593343211602,20,0.00017272867262363434,0
npy,1,10,5,20,10,6.939610466361046e-05,8.022086694836617e-05,6.991438567638397e-05,7.502688094973564e-05,7.151111494749785e-05,6.939610466361046e-05,7.747771495356741e-05,20,7.023615762591362e-05,0
ort,10,10,5,20,10,0.00017829099670052528,0.00024141976609826088,0.0001785270869731903,0.00017968472093343735,0.00018210045527666807,0.00017829099670052528,0.00020878977371183155,20,0.00017888261936604977,0
npy,10,10,5,20,10,8.548330515623093e-05,0.00010285992175340652,8.602393791079521e-05,9.0752262622118e-05,8.77915183082223e-05,8.548330515623093e-05,9.5606125915703e-05,20,8.65403562784195e-05,0
ort,100,10,5,20,10,0.00026319315657019615,0.00029622483998537064,0.0002638408914208412,0.00026627490296959877,0.0002675952622666955,0.00026319315657019615,0.0002853099363743079,20,0.0002645207569003105,0
npy,100,10,5,20,10,0.00010375864803791046,0.00014654360711574554,0.00010434212163090706,0.00010547181591391563,0.00010692786891013384,0.00010375864803791046,0.00012476720744861324,20,0.00010500336065888405,0
ort,1000,10,5,20,10,0.0010122619569301605,0.0010710619390010834,0.0010142847895622253,0.0010563470423221588,0.0010301507776603104,0.0010122619569301605,0.001065058343673767,20,0.0010200340766459703,0
npy,1000,10,5,20,10,0.00021204864606261253,0.0002498151734471321,0.00021259207278490067,0.00022083474323153496,0.00021745776757597923,0.00021204864606261253,0.0002356651967744531,20,0.00021377019584178925,0
ort,10000,10,5,20,10,0.00840262696146965,0.00884300610050559,0.008420306723564863,0.00868802284821868,0.008548786863684654,0.00840262696146965,0.008778809026969528,20,0.008521574549376965,0
npy,10000,10,5,20,10,0.0017234813421964645,0.0018952409736812115,0.001781220082193613,0.0018589911051094532,0.0018134624464437366,0.0017342032611675016,0.0018927216317199717,20,0.0018088780343532562,0
ort,1,10,10,20,10,0.00020032795146107674,0.0002531828358769417,0.0002012341283261776,0.00022170459851622581,0.0002132764086127281,0.00020032795146107674,0.000238053622171616,20,0.00021412456408143044,0
npy,1,10,10,20,10,0.00011722836643457413,0.00015144702047109604,0.00011843675747513771,0.0001349588856101036,0.00012417160905897617,0.00011722836643457413,0.00014350109118816383,20,0.00011981255374848843,0
ort,10,10,10,20,10,0.0002194708213210106,0.00025388505309820175,0.00022022100165486336,0.00024588732048869133,0.00023207231424748898,0.0002194708213210106,0.00025388505309820175,20,0.00022934586741030216,0
npy,10,10,10,20,10,0.0001471550203859806,0.0001826179213821888,0.00014895573258399963,0.00016823317855596542,0.00015509030781686307,0.0001471550203859806,0.00017434796641386952,20,0.0001509117428213358,0
ort,100,10,10,20,10,0.00038083409890532494,0.00044211000204086304,0.0003811395727097988,0.000408305786550045,0.00038966294378042223,0.00038083409890532494,0.0004193558656267963,20,0.0003826047759503126,0
npy,100,10,10,20,10,0.00018122466281056404,0.00022171484306454659,0.000181637704372406,0.00018850388005375862,0.00018564069177955388,0.00018122466281056404,0.00020257533183627003,20,0.0001833033747971058,0
ort,1000,10,10,20,10,0.0018301019445061684,0.0018723481334745884,0.0018337098881602287,0.0018639368936419487,0.0018468542490154504,0.0018301019445061684,0.0018723481334745884,20,0.0018437074031680822,0
npy,1000,10,10,20,10,0.0003760140389204025,0.0004100129008293152,0.00037655793130397797,0.0003951885737478733,0.0003841026918962598,0.0003760140389204025,0.0004021804679579868,20,0.000380438519641757,0
ort,10000,10,10,20,10,0.01609656075015664,0.017155556939542294,0.016180655919015408,0.016387629322707653,0.016306721977889536,0.01609656075015664,0.01672027340804431,20,0.016273597022518516,0
npy,10000,10,10,20,10,0.003155664075165987,0.003294715192168951,0.0031842240132391453,0.0032783816568553448,0.0032082083635032177,0.003155664075165987,0.003281318743062559,20,0.003200138919055462,0
ort,1,10,50,20,10,0.0004898649640381336,0.0005751070566475391,0.0004904051311314106,0.0005162497982382774,0.0005033372901380063,0.0004898649640381336,0.0005415727099437875,20,0.0005011833272874355,0
npy,1,10,50,20,10,0.0004967101849615574,0.0005458053201436996,0.0005065612494945526,0.0005337120965123177,0.0005176781443879009,0.0004967101849615574,0.0005417472283441314,20,0.000518368324264884,0
ort,10,10,50,20,10,0.0005698171444237232,0.0006153620779514313,0.0005704569630324841,0.0005952739156782627,0.0005767499795183539,0.0005698171444237232,0.0006010290989734659,20,0.0005711903795599937,0
npy,10,10,50,20,10,0.0006429888308048248,0.000715283676981926,0.0006522643379867077,0.0006956672295928001,0.0006679502548649907,0.0006429888308048248,0.0007056901994138994,20,0.0006647906266152859,0
ort,100,10,50,20,10,0.0012681740336120129,0.001370167825371027,0.001270313747227192,0.0013482929207384586,0.0013141223695129155,0.0012681740336120129,0.001370167825371027,20,0.0013200000394135714,0
npy,100,10,50,20,10,0.0007924716919660568,0.0008484418503940105,0.0008018859662115574,0.000838864129036665,0.0008157803211361169,0.0007924716919660568,0.0008444202495735265,20,0.0008143738377839327,0
ort,1000,10,50,20,10,0.00839170627295971,0.008775490801781416,0.008430366404354572,0.00850055692717433,0.008475567656569183,0.00839170627295971,0.008625098787800569,20,0.008463486330583692,0
npy,1000,10,50,20,10,0.0016548056155443192,0.001797255128622055,0.001664081122726202,0.0017490270547568798,0.0016918489476665855,0.0016548056155443192,0.001762280862760305,20,0.0016822502948343754,0
ort,10000,10,50,20,10,0.07904527988284826,0.08086760621517897,0.07942341407760978,0.08034801809117198,0.07974796746857464,0.07904527988284826,0.08053658790930926,20,0.07962931599467993,0
npy,10000,10,50,20,10,0.014767066109925508,0.015378626994788647,0.01480277394875884,0.015080109238624573,0.014927140972577035,0.014767066109925508,0.015255789045539018,20,0.014866283163428307,0
ort,1,10,100,20,10,0.0008375258184969425,0.0009541250765323639,0.0008400208316743374,0.0008673891425132751,0.0008559942478314042,0.0008375258184969425,0.0009077597948505121,20,0.0008421970997005701,0
npy,1,10,100,20,10,0.0009446130134165287,0.0010469090193510056,0.0009670713916420937,0.001016352791339159,0.000987057900056243,0.0009446130134165287,0.0010363548866439785,20,0.0009822729043662548,0
ort,10,10,100,20,10,0.0009862291626632214,0.0010524890385568142,0.0009864089079201221,0.0010424619540572166,0.001006728783249855,0.0009862291626632214,0.0010478187111622197,20,0.001001634169369936,0
npy,10,10,100,20,10,0.00125908013433218,0.0013342252932488918,0.001269846223294735,0.0013060672208666801,0.001284447917714715,0.00125908013433218,0.0013196041198289359,20,0.0012797724921256304,0
ort,100,10,100,20,10,0.002462406177073717,0.002556587103754282,0.002469221130013466,0.0025526187382638454,0.002502826461568475,0.002462406177073717,0.002556587103754282,20,0.002501220442354679,0
npy,100,10,100,20,10,0.0015690517611801624,0.0016540461219847202,0.0015929820947349072,0.0016262931749224663,0.0016057564178481698,0.0015690517611801624,0.0016462679245938566,20,0.0016016378067433834,0
ort,1000,10,100,20,10,0.016515171620994806,0.01676731603220105,0.016575770918279886,0.01670054392889142,0.01663091459777206,0.016515171620994806,0.016759214350506906,20,0.016617902787402272,0
npy,1000,10,100,20,10,0.003261726815253496,0.0034447447396814823,0.003273008856922388,0.0033269100822508335,0.0033061448717489838,0.003261726815253496,0.0033806523907249147,20,0.003301354357972741,0
ort,10000,10,100,20,10,0.15766350692138076,0.16522586392238736,0.15792841417714953,0.16055593686178327,0.15916335985530167,0.15766350692138076,0.16253106709028045,20,0.15852741594426334,0
npy,10000,10,100,20,10,0.029180440120398998,0.030510098673403263,0.02928734291344881,0.03028116375207901,0.029588602134026587,0.029180440120398998,0.03039190272849162,20,0.029390603071078658,0
ort,1,10,150,20,10,0.001193139236420393,0.0013493220321834087,0.0011936100199818611,0.0012330077588558197,0.0012157825520262122,0.001193139236420393,0.0012889706868318307,20,0.0011964940931648016,0
npy,1,10,150,20,10,0.0014368630945682526,0.001524458173662424,0.0014575659297406673,0.0015125907957553864,0.0014885428827255964,0.0014377331208427825,0.001524458173662424,20,0.001498646568506956,0
ort,10,10,150,20,10,0.001420783344656229,0.0015153768472373486,0.0014232750982046127,0.001451508142054081,0.0014409618452191353,0.001420783344656229,0.0014814060730695211,20,0.0014436575584113598,0
npy,10,10,150,20,10,0.0018902337178587914,0.0020081792026758194,0.0019215429201722145,0.001985811162739992,0.0019499679328873754,0.001895196770243956,0.002004739095530795,20,0.0019488716498017311,0
ort,100,10,150,20,10,0.003626425750553608,0.003729132004082203,0.0036301538348197937,0.003666114993393421,0.003647922887466848,0.003626425750553608,0.0036912793194507645,20,0.003646533004939556,0
npy,100,10,150,20,10,0.0023720180615782738,0.0024410816840827465,0.0023793810978531837,0.002418508753180504,0.002400496345944703,0.0023720180615782738,0.0024360915499719213,20,0.002399739110842347,0
ort,1000,10,150,20,10,0.024759808089584112,0.024946060962975025,0.024838558863848448,0.02491447702050209,0.024871993623673917,0.02478863095799237,0.024946060962975025,20,0.024863071041181684,0
npy,1000,10,150,20,10,0.004857201129198074,0.005128145217895508,0.004885542672127485,0.005081905983388424,0.004956142418086529,0.004857201129198074,0.005109067582869882,20,0.004923329222947359,0
ort,10000,10,150,20,10,0.2357637593522668,0.24251030897721648,0.23636896815150976,0.23978520883247256,0.23801712726708502,0.2357637593522668,0.24132112866524189,20,0.23768052575178444,0
npy,10000,10,150,20,10,0.04375004395842552,0.045518229715526104,0.04378502210602164,0.04419217584654689,0.044012103555724026,0.04375004395842552,0.04478389595688589,20,0.04390448029153049,0
ort,1,10,200,20,10,0.0015280037187039852,0.0017286366783082485,0.0015555801801383495,0.0017008357681334019,0.0016401353757828474,0.0015280037187039852,0.0017286366783082485,20,0.001664511626586318,0
npy,1,10,200,20,10,0.001886880025267601,0.0020241118036210537,0.0019445228390395641,0.0020045540295541286,0.0019716608338057997,0.0019110073069433893,0.0020241118036210537,20,0.00197538360953331,0
ort,10,10,200,20,10,0.001832623966038227,0.0020353621803224087,0.0018356437794864178,0.001868738792836666,0.0018587909871712327,0.001832623966038227,0.0019426694083525566,20,0.0018482743762433529,0
npy,10,10,200,20,10,0.0025036907754838467,0.002602972090244293,0.0025192140601575375,0.0025824601761996746,0.002550096181221306,0.0025036907754838467,0.002601333217608166,20,0.0025543957017362118,0
ort,100,10,200,20,10,0.004776385147124529,0.004965303931385279,0.004804037045687437,0.004920600913465023,0.004840586706995964,0.004776385147124529,0.004938768329949964,20,0.004826315911486745,0
npy,100,10,200,20,10,0.0030944249592721462,0.003270257730036974,0.003125981893390417,0.003237576223909855,0.003169662202708423,0.0030944249592721462,0.003257109122277143,20,0.0031692124903202057,0
ort,1000,10,200,20,10,0.03284157207235694,0.034522091038525105,0.03301407676190138,0.03396842209622264,0.033299260190688074,0.03284157207235694,0.03415665510303298,20,0.033111836295574903,0
npy,1000,10,200,20,10,0.006445729173719883,0.006585782393813133,0.00646718917414546,0.006534846965223551,0.0064965436235070225,0.006445729173719883,0.006569952656995233,20,0.0064887856133282185,0
ort,10000,10,200,20,10,0.3147584209218621,0.32758929301053286,0.31497423257678747,0.32295370381325483,0.31814382032025607,0.3147584209218621,0.3248087228183931,20,0.31721509993076324,0
npy,10000,10,200,20,10,0.05819053342565894,0.059933693148195744,0.05824406212195754,0.05919566610828042,0.058580723614431916,0.05819053342565894,0.0594477283476524,20,0.05836421879939735,0
ort,1,10,250,20,10,0.0018884227611124516,0.0021408689208328724,0.0019115777686238289,0.0020815921016037464,0.0019932013703510163,0.0018884227611124516,0.0021408689208328724,20,0.001967391464859247,0
npy,1,10,250,20,10,0.0023948349989950657,0.0025323140434920788,0.0024160537868738174,0.002484243828803301,0.002445838088169694,0.0023948349989950657,0.002513748788049571,20,0.0024312359746545553,0
ort,10,10,250,20,10,0.002285860013216734,0.002499539405107498,0.0022883149795234203,0.0023850901052355766,0.002326693059876561,0.002285860013216734,0.0024243290563167254,20,0.0023101631086319685,0
npy,10,10,250,20,10,0.0030362922698259354,0.003385359887033701,0.0031432369723916054,0.0033568870276212692,0.0032027018489316104,0.0030439281671419535,0.0033614755307212673,20,0.0031818291172385216,0
ort,100,10,250,20,10,0.0059646787121891975,0.006293910089880228,0.005990134086459875,0.006040906999260187,0.006025531096383929,0.0059646787121891975,0.0061563859877940994,20,0.006005199393257499,0
npy,100,10,250,20,10,0.00386036466807127,0.004030456300824881,0.003928175196051598,0.0040232292376458645,0.003968592849560082,0.003877134318363642,0.004030456300824881,20,0.0039684956427663565,0
ort,1000,10,250,20,10,0.04118889104574919,0.04254785692319274,0.04135607508942485,0.04193857405334711,0.041623074607923624,0.04118889104574919,0.04231207813292908,20,0.0415213811211288,0
npy,1000,10,250,20,10,0.008021410088986158,0.008807094767689705,0.008087202906608582,0.00858689984306693,0.008222787082195282,0.008021410088986158,0.008621711310584548,20,0.008151385933160782,0
ort,10000,10,250,20,10,0.393489639274776,0.40273760817945004,0.3940668236464262,0.39733615005388856,0.39589656447060406,0.393489639274776,0.39974012194517333,20,0.39557566004805267,0
npy,10000,10,250,20,10,0.07259010709822178,0.07569852005690336,0.07272438565269113,0.07433599978685379,0.07333345173392444,0.07259010709822178,0.07511848222088152,20,0.07291558338329196,0
ort,1,10,300,20,10,0.0024290699511766434,0.002675926312804222,0.0024331817403435707,0.0024741068482398987,0.002463918598368764,0.0024290699511766434,0.0025629085422886454,20,0.0024532710667699575,0
npy,1,10,300,20,10,0.0028187637217342854,0.0030094091780483723,0.002860649023205042,0.0029929918237030506,0.0029179248725995422,0.0028187637217342854,0.0030094091780483723,20,0.0029152154456824064,0
ort,10,10,300,20,10,0.0026950491592288017,0.0029677031561732292,0.00270139891654253,0.002730367239564657,0.002727019903250039,0.0026950491592288017,0.002837183882823973,20,0.0027174879796802998,0
npy,10,10,300,20,10,0.0037341839633882046,0.003823325037956238,0.0037408149801194668,0.003794969990849495,0.0037649925099685786,0.0037341839633882046,0.00381108606067811,20,0.0037661236710846424,0
ort,100,10,300,20,10,0.007113636936992407,0.007333278190344572,0.0071242391131818295,0.007184154354035854,0.007159845111891628,0.007113636936992407,0.007260347190507934,20,0.007144709816202521,0
npy,100,10,300,20,10,0.004646914079785347,0.004868766292929649,0.004699801094830036,0.0047936770133674145,0.004743990884162485,0.004646914079785347,0.004843829453964636,20,0.0047342239413410425,0
ort,1000,10,300,20,10,0.04934235708788037,0.05063113709911704,0.04943360993638635,0.04988676588982344,0.049655691371299326,0.04934235708788037,0.0501966288583474,20,0.04960086056962609,0
npy,1000,10,300,20,10,0.009537586010992527,0.010180303826928139,0.00964155187830329,0.009823416825383902,0.009726362186484039,0.009537586010992527,0.00998132733370381,20,0.009691167389973998,0
ort,10000,10,300,20,10,0.4714617719873786,0.476308804936707,0.47282417211681604,0.4758393857628107,0.47402667440474033,0.4715271327701544,0.476308804936707,20,0.47415849450044334,0
npy,10000,10,300,20,10,0.08717179205268621,0.09158302610740066,0.0873046382330358,0.09000330697745085,0.0880863823229447,0.08717179205268621,0.09041010449519617,20,0.08753210003487766,0
ort,1,100,1,20,10,0.00013814261183142662,0.00019679777324199677,0.00013869628310203552,0.00014021899551153183,0.000143547379411757,0.00013814261183142662,0.00017061401641726593,20,0.00013926811516284943,0
npy,1,100,1,20,10,2.9056333005428314e-05,3.505684435367584e-05,2.944236621260643e-05,3.005191683769226e-05,2.9917480424046518e-05,2.9056333005428314e-05,3.230674504616418e-05,20,2.9649119824171066e-05,0
ort,10,100,1,20,10,0.00014811987057328224,0.00017078593373298645,0.0001489836722612381,0.00015900284051895142,0.00015180897898972034,0.00014811987057328224,0.00016369649212515978,20,0.0001495585311204195,0
npy,10,100,1,20,10,3.868201747536659e-05,4.499591886997223e-05,3.924081102013588e-05,4.042778164148331e-05,4.008237738162279e-05,3.868201747536659e-05,4.249021452337811e-05,20,3.995257429778576e-05,0
ort,100,100,1,20,10,0.00021149404346942902,0.00023037800565361977,0.00021260790526866913,0.00022838590666651726,0.00021625827066600322,0.00021149404346942902,0.0002278273511091728,20,0.00021365005522966385,0
npy,100,100,1,20,10,7.61798582971096e-05,0.00010472768917679787,7.717730477452278e-05,8.009513840079308e-05,7.942055817693472e-05,7.61798582971096e-05,9.106994771743493e-05,20,7.774611003696918e-05,0
ort,1000,100,1,20,10,0.0007499000057578087,0.0009023970924317837,0.0007531158626079559,0.000786973163485527,0.0007685297867283225,0.0007499000057578087,0.0008325228466089462,20,0.0007585110142827034,0
npy,1000,100,1,20,10,0.0005520121194422245,0.0005937069654464722,0.0005541830323636532,0.0005866419523954391,0.0005626463796943426,0.0005520121194422245,0.0005877741062339402,20,0.0005564645398408175,0
ort,10000,100,1,20,10,0.007350181229412556,0.008721541613340378,0.007391904015094042,0.00846856227144599,0.00809268185403198,0.007350181229412556,0.008721541613340378,20,0.008251524530351162,0
npy,10000,100,1,20,10,0.008794889785349369,0.00999928405508399,0.008908983319997787,0.009305959101766348,0.009114250564016402,0.008794889785349369,0.009607806971026325,20,0.009068223414942622,0
ort,1,100,2,20,10,0.00014907121658325195,0.005496014375239611,0.00014931568875908852,0.00015088077634572983,0.00041845417581498623,0.00014907121658325195,0.0027016302613389284,20,0.00014989590272307396,0
npy,1,100,2,20,10,4.052836447954178e-05,4.74010594189167e-05,4.0685757994651794e-05,4.159100353717804e-05,4.123086109757424e-05,4.052836447954178e-05,4.407813490964299e-05,20,4.0797051042318344e-05,0
ort,10,100,2,20,10,0.0001712949015200138,0.00020959507673978806,0.0001719440333545208,0.00017547793686389923,0.00017596108373254537,0.0001712949015200138,0.0001947545489488205,20,0.0001729524228721857,0
npy,10,100,2,20,10,5.644001066684723e-05,6.315112113952637e-05,5.671801045536995e-05,5.748588591814041e-05,5.728667601943016e-05,5.644001066684723e-05,5.997704138423713e-05,20,5.6992052122950554e-05,0
ort,100,100,2,20,10,0.0002645370550453663,0.00028891628608107567,0.0002664760686457157,0.0002757832407951355,0.0002697785617783666,0.0002645370550453663,0.0002815832208196705,20,0.0002675072755664587,0
npy,100,100,2,20,10,0.0001124972477555275,0.0001394529826939106,0.00011312868446111679,0.00011572428047657013,0.00011543335858732462,0.0001124972477555275,0.00012661919961848446,20,0.00011383229866623878,0
ort,1000,100,2,20,10,0.0010929899290204048,0.0012175580486655235,0.0011006277054548264,0.0011296700686216354,0.001115191914141178,0.0010929899290204048,0.001165124864797332,20,0.0011075823567807674,0
npy,1000,100,2,20,10,0.0008453228510916233,0.0009484873153269291,0.0008491617627441883,0.0008973609656095505,0.0008669423637911678,0.0008453228510916233,0.0009173534399773731,20,0.0008548309560865164,0
ort,10000,100,2,20,10,0.013848123140633106,0.01500245789065957,0.014347310177981853,0.01494536828249693,0.014655924984253943,0.01396229464649015,0.01500245789065957,20,0.014783387072384357,0
npy,10000,100,2,20,10,0.012527274899184704,0.01340368203818798,0.012669966090470552,0.013237481005489826,0.012877579545602202,0.012527274899184704,0.013316816338756574,20,0.012842515716329217,0
ort,1,100,3,20,10,0.00015610689297318459,0.00577536690980196,0.00015673600137233734,0.00016628997400403023,0.00043937328737229107,0.00015610689297318459,0.002838741924438953,20,0.0001571914181113243,0
npy,1,100,3,20,10,5.1291193813085556e-05,5.747377872467041e-05,5.159713327884674e-05,5.24432398378849e-05,5.212300457060337e-05,5.1291193813085556e-05,5.460627609400516e-05,20,5.18022570759058e-05,0
ort,10,100,3,20,10,0.00017895037308335304,0.00020654220134019852,0.00017946679145097733,0.00018161209300160408,0.00018263249658048152,0.00017895037308335304,0.0001971565253394087,20,0.00018028938211500645,0
npy,10,100,3,20,10,7.251976057887077e-05,7.916102185845375e-05,7.264595478773117e-05,7.355678826570511e-05,7.324896287173033e-05,7.251976057887077e-05,7.598494297568417e-05,20,7.287110202014446e-05,0
ort,100,100,3,20,10,0.0003062407486140728,0.0003461497835814953,0.000307341106235981,0.00031643593683838844,0.0003107880474999547,0.0003062407486140728,0.00032763073388291573,20,0.00030819792300462723,0
npy,100,100,3,20,10,0.0001463000662624836,0.00017223088070750237,0.00014659808948636055,0.00015229592099785805,0.0001498866593465209,0.0001463000662624836,0.00016166273051075768,20,0.00014780648052692413,0
ort,1000,100,3,20,10,0.0014631273224949837,0.0015802509151399136,0.0014664079062640667,0.0015200972557067871,0.0014903637347742915,0.0014631273224949837,0.001542616129781532,20,0.0014890593010932207,0
npy,1000,100,3,20,10,0.0011368519626557827,0.0012426972389221191,0.0011420920491218567,0.0012027788907289505,0.0011656649177893997,0.0011368519626557827,0.0012204466964903149,20,0.00115617411211133,0
ort,10000,100,3,20,10,0.0209412919357419,0.022581808269023895,0.021821097936481237,0.022257986944168806,0.021915673674084247,0.02121149343401988,0.022581808269023895,20,0.02193985809572041,0
npy,10000,100,3,20,10,0.016158596146851778,0.01705806516110897,0.016353778075426817,0.01668361434713006,0.016512088500894605,0.016158596146851778,0.01688004704599604,20,0.01647982536815107,0
ort,1,100,5,20,10,0.00016895122826099396,0.00605738814920187,0.0001695859245955944,0.00019003404304385185,0.0004690775414928794,0.00016895122826099396,0.002981934500650484,20,0.0001703319139778614,0
npy,1,100,5,20,10,6.962521001696587e-05,7.633492350578308e-05,6.994511932134628e-05,7.13057816028595e-05,7.084491662681102e-05,6.962521001696587e-05,7.35327860551246e-05,20,7.061613723635674e-05,0
ort,10,100,5,20,10,0.00020051095634698868,0.00024079997092485428,0.00020299386233091354,0.00020608073100447655,0.000207255850546062,0.00020051095634698868,0.00022595063575974578,20,0.00020462414249777794,0
npy,10,100,5,20,10,0.00010386481881141663,0.00012413598597049713,0.00010436214506626129,0.00010543083772063255,0.00010610593017190695,0.00010386481881141663,0.00011461745287617815,20,0.00010502291843295097,0
ort,100,100,5,20,10,0.00038285180926322937,0.00041764695197343826,0.00038490304723381996,0.00040948810055851936,0.0003924720920622349,0.00038285180926322937,0.0004108331009523803,20,0.0003900632727891207,0
npy,100,100,5,20,10,0.00020958902314305305,0.0002472023479640484,0.0002121366560459137,0.00021947361528873444,0.0002161214593797922,0.00020958902314305305,0.00023110940471506808,20,0.00021402421407401562,0
ort,1000,100,5,20,10,0.002140569034963846,0.0023210649378597736,0.002142885234206915,0.002205462194979191,0.0021737587871029974,0.002140569034963846,0.0022506559095347733,20,0.002164943842217326,0
npy,1000,100,5,20,10,0.001704447902739048,0.0018503428436815739,0.0017168098129332066,0.0017706770449876785,0.001747741480357945,0.001704447902739048,0.0018158142616763974,20,0.00174381909891963,0
ort,10000,100,5,20,10,0.02982478868216276,0.03110890695825219,0.030250960029661655,0.03084157919511199,0.03054072584491223,0.029982931952252434,0.03109851973757203,20,0.03056797361932695,0
npy,10000,100,5,20,10,0.023188734892755747,0.02514596376568079,0.023385050240904093,0.023966650012880564,0.02368932890240103,0.023188734892755747,0.024479836286841878,20,0.023626457899808884,0
ort,1,100,10,20,10,0.0002089180052280426,0.0061617279425263405,0.00020979018881917,0.0002219327725470066,0.0005090448539704084,0.0002089180052280426,0.003050813032856636,20,0.00021027238108217716,0
npy,1,100,10,20,10,0.0001198798418045044,0.00015756674110889435,0.00012082606554031372,0.0001260410062968731,0.00012479841243475675,0.0001198798418045044,0.0001403779036493511,20,0.00012307637371122837,0
ort,10,100,10,20,10,0.0002569612115621567,0.00028466805815696716,0.00025734584778547287,0.00025991490110754967,0.000260859914124012,0.0002569612115621567,0.00027621845231948244,20,0.00025841291062533855,0
npy,10,100,10,20,10,0.00018048426136374474,0.00020477967336773872,0.00018166517838835716,0.0001850482076406479,0.0001840333454310894,0.00018048426136374474,0.0001939357377545922,20,0.00018263421952724457,0
ort,100,100,10,20,10,0.0005752379074692726,0.0006111180409789085,0.0005771471187472343,0.0006003952585160732,0.0005843814462423325,0.0005752379074692726,0.0006073521215019055,20,0.000578015111386776,0
npy,100,100,10,20,10,0.00037294765934348106,0.0003982339985668659,0.00037588784471154213,0.00038977013900876045,0.0003809520276263356,0.00037294765934348106,0.0003939857780180685,20,0.00037882779724895954,0
ort,1000,100,10,20,10,0.003870801068842411,0.004022094886749983,0.0038931542076170444,0.003915715031325817,0.00390655028168112,0.003870801068842411,0.0039633306230667095,20,0.003902055788785219,0
npy,1000,100,10,20,10,0.003165429923683405,0.0034030117094516754,0.003186809830367565,0.003300640732049942,0.0032405832083895803,0.003165429923683405,0.003351558431775989,20,0.003220662008970976,0
ort,10000,100,10,20,10,0.04713138472288847,0.04951852327212691,0.0475437780842185,0.04831818398088217,0.04799367382656783,0.04713138472288847,0.04897889126555564,20,0.048002064460888505,0
npy,10000,100,10,20,10,0.04182815924286842,0.04404062498360872,0.0425647278316319,0.043519926723092794,0.0429513146635145,0.041995838025444786,0.04390679130158421,20,0.04286061064340174,0
ort,1,100,50,20,10,0.0005060778930783272,0.006388422101736069,0.0005066227167844772,0.0005394197069108486,0.0008075808640569448,0.0005060778930783272,0.003317155885894529,20,0.0005073980428278446,0
npy,1,100,50,20,10,0.0005157939158380032,0.0005419347435235977,0.0005177059210836887,0.0005296110175549984,0.0005238291108980775,0.0005157939158380032,0.000536957995424553,20,0.0005224491469562054,0
ort,10,100,50,20,10,0.0006532198749482632,0.0007429369725286961,0.000653429888188839,0.0007013319991528988,0.0006694902433082462,0.0006532198749482632,0.0007201637354322163,20,0.0006545006763190031,0
npy,10,100,50,20,10,0.0007891473360359669,0.0008561788126826286,0.0007992121390998363,0.0008306750096380711,0.0008138528559356928,0.0007891473360359669,0.0008433606716682011,20,0.0008131919894367456,0
ort,100,100,50,20,10,0.0020646490156650543,0.0022054482251405716,0.002113274298608303,0.002179360017180443,0.0021413682959973814,0.0020747857775327335,0.0022054482251405716,20,0.0021420575212687254,0
npy,100,100,50,20,10,0.0016568987630307674,0.0017992309294641018,0.00166229996830225,0.0017473269253969193,0.001693171076476574,0.0016568987630307674,0.0017651572745497031,20,0.001683114329352975,0
ort,1000,100,50,20,10,0.017667124047875404,0.01803798694163561,0.017699968069791794,0.01784029696136713,0.017773705860599877,0.017667124047875404,0.017946442547477365,20,0.017747262492775917,0
npy,1000,100,50,20,10,0.014786419924348593,0.015707905869930983,0.014795399270951748,0.015493699815124273,0.015024555753916502,0.014786419924348593,0.015612689016512013,20,0.014869379112496972,0
ort,10000,100,50,20,10,0.1960802050307393,0.2024029651656747,0.19703977601602674,0.20185796823352575,0.19887012627441436,0.1960802050307393,0.2024029651656747,20,0.19814079557545483,0
npy,10000,100,50,20,10,0.18176217610016465,0.18712635291740298,0.18227656790986657,0.1854202556423843,0.184088572091423,0.18176217610016465,0.18687673668649843,20,0.18436040123924613,0
ort,1,100,100,20,10,0.0008687288500368595,0.0066351811401546,0.0008695311844348907,0.0008952361531555653,0.0011652874760329722,0.0008687288500368595,0.0036249533995121523,20,0.0008717200253158808,0
npy,1,100,100,20,10,0.0010002898052334785,0.0010547516867518425,0.0010081678628921509,0.0010409187525510788,0.001025234628468752,0.0010002898052334785,0.001052926872410838,20,0.0010248031467199326,0
ort,10,100,100,20,10,0.0012382688000798225,0.0014448817819356918,0.0012458879500627518,0.0013447757810354233,0.0013004741398617626,0.0012382688000798225,0.0014058002009079851,20,0.0012889038771390915,0
npy,10,100,100,20,10,0.001559387892484665,0.0016390648670494556,0.0015886691398918629,0.0016254237852990627,0.0016049312427639962,0.0015690298611997064,0.0016390648670494556,20,0.0016045118682086468,0
ort,100,100,100,20,10,0.003954288084059954,0.004079063888639212,0.003959985915571451,0.004047139082103968,0.003990354714915156,0.003954288084059954,0.004057531878552751,20,0.003978581400588155,0
npy,100,100,100,20,10,0.0032623796723783016,0.0035224189050495625,0.0032715080305933952,0.0034577338956296444,0.0033371533500030637,0.0032623796723783016,0.0034774388654019786,20,0.0033164075575768948,0
ort,1000,100,100,20,10,0.03503623092547059,0.03592195129022002,0.035100952722132206,0.035515820141881704,0.035246732155792417,0.03503623092547059,0.03564963979062682,20,0.03520258818753064,0
npy,1000,100,100,20,10,0.029165599029511213,0.030340326949954033,0.02922419970855117,0.030109643936157227,0.02949463203549385,0.029165599029511213,0.030158021256947755,20,0.029394489247351885,0
ort,10000,100,100,20,10,0.38797552324831486,0.39749876502901316,0.3891180050559342,0.39389505982398987,0.39069984811358155,0.38797552324831486,0.3953640133585623,20,0.38982219551689923,0
npy,10000,100,100,20,10,0.3676773770712316,0.37815765105187893,0.3695253930054605,0.3757417849265039,0.3722386483335868,0.3676773770712316,0.37770422420478683,20,0.3716783991549164,0
ort,1,100,150,20,10,0.001230369322001934,0.006754199042916298,0.0012319469824433327,0.0013582347892224789,0.001575013715773821,0.001230369322001934,0.003905447553573143,20,0.0013265609741210938,0
npy,1,100,150,20,10,0.0014403387904167175,0.0015734396874904633,0.0015062489546835423,0.0015409239567816257,0.0015184608288109302,0.0014659194615614904,0.00157100219606037,20,0.0015209161210805178,0
ort,10,100,150,20,10,0.0017769602127373219,0.0018610060214996338,0.0017793131992220879,0.00182342529296875,0.0017981888493523001,0.0017769602127373219,0.0018415986222186727,20,0.0017949100583791733,0
npy,10,100,150,20,10,0.0023419768549501896,0.0023997342213988304,0.002351630013436079,0.0023890119045972824,0.002369480044580996,0.0023419768549501896,0.002398236173019464,20,0.002369743539020419,0
ort,100,100,150,20,10,0.005837074015289545,0.006019268184900284,0.005845031701028347,0.00590684125199914,0.005869814776815474,0.005837074015289545,0.005951640384993816,20,0.00585292954929173,0
npy,100,100,150,20,10,0.004868536256253719,0.0052265590056777,0.004885187838226557,0.005101530812680721,0.004958980483934283,0.004868536256253719,0.005158877561248483,20,0.0049116648733615875,0
ort,1000,100,150,20,10,0.05241021607071161,0.05369760189205408,0.05245193978771567,0.052891761995851994,0.05270395635161549,0.05241021607071161,0.05334665269356513,20,0.05258842487819493,0
npy,1000,100,150,20,10,0.04359896620735526,0.045390037819743156,0.04366186214610934,0.044178884010761976,0.04391436979640275,0.04359896620735526,0.04472168002504636,20,0.04377254960127175,0
ort,10000,100,150,20,10,0.5773440282791853,0.5919211059808731,0.5789748998358846,0.5816728551872075,0.5807243504095823,0.5773440282791853,0.5864117849608526,20,0.5801517008803785,0
npy,10000,100,150,20,10,0.5501686590723693,0.55957046803087,0.5510430540889502,0.5572452712804079,0.5541542827850208,0.5501686590723693,0.5595015967692517,20,0.5543857256416231,0
ort,1,100,200,20,10,0.0015925089828670025,0.006805778946727514,0.0015933592803776264,0.0016861418262124062,0.0018846389139071107,0.0015925089828670025,0.004098238758430798,20,0.0016278538387268782,0
npy,1,100,200,20,10,0.0019544879905879498,0.0020526419393718243,0.0019660042598843575,0.0020180661231279373,0.001995928818359971,0.0019544879905879498,0.0020474419973001033,20,0.0020026457495987415,0
ort,10,100,200,20,10,0.0023112138733267784,0.0024426868185400963,0.0023162728175520897,0.0023503261618316174,0.002338081132620573,0.0023112138733267784,0.0023913041643734197,20,0.0023352017160505056,0
npy,10,100,200,20,10,0.003091047052294016,0.0031833890825510025,0.0031207832507789135,0.0031797727569937706,0.003145386278629303,0.0030920206816774216,0.0031833890825510025,20,0.0031525983940809965,0
ort,100,100,200,20,10,0.007689297664910555,0.007933630142360926,0.007704372983425856,0.007770780008286238,0.0077400082955136895,0.007689297664910555,0.007841227061210572,20,0.007729726145043969,0
npy,100,100,200,20,10,0.006414273288100958,0.006919942330569029,0.006456403061747551,0.00655684107914567,0.006532509694807231,0.006414273288100958,0.006771578995391399,20,0.00649881549179554,0
ort,1000,100,200,20,10,0.06962408497929573,0.0712081678211689,0.06971767777577043,0.0701512610539794,0.06992750754579902,0.06962408497929573,0.07058122058758905,20,0.06985758733935654,0
npy,1000,100,200,20,10,0.05795372789725661,0.060001902747899294,0.05815784307196736,0.0588911073282361,0.05849124460946768,0.05795372789725661,0.05939606871932781,20,0.05836514406837523,0
ort,10000,100,200,20,10,0.7675199368968606,0.7774644764140248,0.7683862382546067,0.7734074112959206,0.7706721835304051,0.7675199368968606,0.7757894005209146,20,0.7698142807930708,0
npy,10000,100,200,20,10,0.7246883041225374,0.7386455656960607,0.72617964213714,0.7357778153382242,0.7299459863221273,0.7246883041225374,0.7381117426472132,20,0.728906128089875,0
ort,1,100,250,20,10,0.0019502700306475163,0.007596937008202076,0.0019614738412201405,0.0020964490249753,0.0023117647506296635,0.0019502700306475163,0.0046902755357899235,20,0.0020528179593384266,0
npy,1,100,250,20,10,0.00240900507196784,0.0025722025893628597,0.0024220640771090984,0.0025214427150785923,0.0024720669724047186,0.00240900507196784,0.0025531306986220233,20,0.0024681072682142258,0
ort,10,100,250,20,10,0.002855531871318817,0.0030224421061575413,0.00285921897739172,0.002906650770455599,0.00289381651673466,0.002855531871318817,0.0029611872519255166,20,0.0028913875576108694,0
npy,10,100,250,20,10,0.003897384274750948,0.004056951031088829,0.003906149882823229,0.004038514103740454,0.00395919312722981,0.003897384274750948,0.004056951031088829,20,0.003944654017686844,0
ort,100,100,250,20,10,0.009539492893964052,0.00988478073850274,0.009566633962094784,0.009651334024965763,0.009614094370044768,0.009539492893964052,0.009753611384150727,20,0.009603270096704364,0
npy,100,100,250,20,10,0.008022273890674114,0.009082730859518051,0.00805056607350707,0.008594843093305826,0.008242137706838548,0.008022273890674114,0.008787335318071632,20,0.008112061535939574,0
ort,1000,100,250,20,10,0.08697609091177583,0.08757514599710703,0.08703396329656243,0.0873536211438477,0.087160963867791,0.08697609091177583,0.08747266850282542,20,0.0871402295306325,0
npy,1000,100,250,20,10,0.07253965735435486,0.07285665301606059,0.072644900996238,0.07280896231532097,0.07271750979125499,0.07256390951346299,0.07285665301606059,20,0.07271632761694491,0
ort,10000,100,250,20,10,0.9619546555913985,0.9678814923390746,0.9630653779022396,0.964595549274236,0.9639981568325311,0.9619546555913985,0.9667817177192516,20,0.9637803179211915,0
npy,10000,100,250,20,10,0.9247465501539409,0.9559759399853647,0.9286619620397687,0.9390746201388538,0.9327443761518225,0.9247465501539409,0.9463452230679235,20,0.9317528973333538,0
ort,1,100,300,20,10,0.0023016519844532013,0.0076579200103878975,0.0023070182651281357,0.0023423763923346996,0.0025873148115351796,0.0023016519844532013,0.004867497326973749,20,0.0023207678459584713,0
npy,1,100,300,20,10,0.002934170886874199,0.0030693458393216133,0.002980791963636875,0.0030311881564557552,0.002998400363139808,0.0029381512384880717,0.0030586494877915447,20,0.002994321286678314,0
ort,10,100,300,20,10,0.00339115085080266,0.003620893694460392,0.003406181000173092,0.0034433831460773945,0.003429816314019263,0.00339115085080266,0.0035196042012855372,20,0.003422033740207553,0
npy,10,100,300,20,10,0.004598801955580711,0.0047896746546030045,0.004690914880484343,0.004746741149574518,0.004713816684670746,0.004630783453880381,0.0047896746546030045,20,0.004722172627225518,0
ort,100,100,300,20,10,0.011412648018449545,0.01178713422268629,0.011421644128859043,0.011488262098282576,0.011465140525251627,0.011412648018449545,0.01161929203774851,20,0.011441393522545695,0
npy,100,100,300,20,10,0.009628244210034609,0.010656950995326042,0.009649965912103653,0.009866252075880766,0.009793604584410786,0.009628244210034609,0.010231228306746401,20,0.009738042252138257,0
ort,1000,100,300,20,10,0.1038836520165205,0.10454721003770828,0.10407573124393821,0.10436841798946261,0.1041838850826025,0.1039068376991422,0.10446093246606279,20,0.10417635692283511,0
npy,1000,100,300,20,10,0.08696802891790867,0.08778919465839863,0.08711790619418025,0.08750533871352673,0.08726363216992468,0.08696802891790867,0.0876411830838162,20,0.0872320665512234,0
ort,10000,100,300,20,10,1.118174604140222,1.4108668281696737,1.1183417569845915,1.1972954883240163,1.1731485018972307,1.118174604140222,1.292692642862311,20,1.1675902416463941,0
npy,10000,100,300,20,10,1.042448879685253,1.0796979879960418,1.0472775758244097,1.057490942068398,1.052893032785505,1.042448879685253,1.0678316626858333,20,1.0512604240793735,0
