method,lib,skl_nb_base_estimators,skl_dt_nodes,N,dim,max_depth,repeat,number,min,max,min3,max3,mean,lower,upper,count,median,error_c,onnx_nodes,onnx_opset,ort_size
predict,skl,1.0,15.0,1,1,3,10,1,4.606693983078003e-05,0.00019479915499687195,4.7947047278285027e-05,5.308212712407112e-05,6.463311146944761e-05,4.606693983078003e-05,0.0001500187657970983,10,4.960957448929548e-05,0,,,
predict,onxpython,,,1,1,3,10,1,1.6523990780115128e-05,0.00015497999265789986,1.6821781173348427e-05,1.870398409664631e-05,3.1613674946129325e-05,1.6523990780115128e-05,0.0001123120913704314,10,1.693714875727892e-05,0,1.0,11.0,1089.0
predict,onxonnxruntime1,,,1,1,3,10,1,2.248515374958515e-05,8.464907296001911e-05,2.2952910512685776e-05,2.4928012862801552e-05,2.9946723952889442e-05,2.248515374958515e-05,6.586844622583517e-05,10,2.3242086172103882e-05,0,1.0,11.0,1089.0
predict,skl,1.0,15.0,10,1,3,10,1,4.6797096729278564e-05,6.297300569713116e-05,4.850211553275585e-05,5.129515193402767e-05,5.067421589046717e-05,4.6797096729278564e-05,5.981237436345662e-05,10,4.871643614023924e-05,0,,,
predict,onxpython,,,10,1,3,10,1,1.638219691812992e-05,6.407895125448704e-05,1.6666948795318604e-05,1.749396324157715e-05,2.1819351240992545e-05,1.638219691812992e-05,4.949405587958579e-05,10,1.6742153093218803e-05,0,1.0,11.0,1089.0
predict,onxonnxruntime1,,,10,1,3,10,1,2.453988417983055e-05,3.892509266734123e-05,2.4821143597364426e-05,2.552592195570469e-05,2.665200736373663e-05,2.453988417983055e-05,3.49999936430467e-05,10,2.4850014597177505e-05,0,1.0,11.0,1089.0
predict,skl,1.0,15.0,100,1,3,10,1,4.9269990995526314e-05,7.191509939730167e-05,5.119410343468189e-05,5.371309816837311e-05,5.403573159128428e-05,4.9269990995526314e-05,6.672903031218071e-05,10,5.140993744134903e-05,0,,,
predict,onxpython,,,100,1,3,10,1,1.7798971384763718e-05,6.565987132489681e-05,1.8184073269367218e-05,1.9307946786284447e-05,2.3500272072851657e-05,1.7798971384763718e-05,5.118347524790081e-05,10,1.8328893929719925e-05,0,1.0,11.0,1089.0
predict,onxonnxruntime1,,,100,1,3,10,1,4.219706170260906e-05,5.6518008932471275e-05,4.264991730451584e-05,4.4269952923059464e-05,4.459647461771965e-05,4.219706170260906e-05,5.2828133673633695e-05,10,4.2710453271865845e-05,0,1.0,11.0,1089.0
predict,skl,1.0,15.0,1000,1,3,10,1,7.579592056572437e-05,0.00010390696115791798,7.753889076411724e-05,7.814192213118076e-05,8.133747614920139e-05,7.579592056572437e-05,9.801549245546797e-05,10,7.77094392105937e-05,0,,,
predict,onxpython,,,1000,1,3,10,1,3.2020965591073036e-05,7.793097756803036e-05,3.24728898704052e-05,3.342190757393837e-05,3.752706106752157e-05,3.2020965591073036e-05,6.403841834105413e-05,10,3.261398524045944e-05,0,1.0,11.0,1089.0
predict,onxonnxruntime1,,,1000,1,3,10,1,0.0002108979970216751,0.00024110404774546623,0.00021157902665436268,0.00022457120940089226,0.00022114412859082223,0.0002108979970216751,0.00023955651114943702,10,0.00022440904285758734,0,1.0,11.0,1089.0
predict,skl,1.0,1497.0,1,1,10,10,1,4.6141911298036575e-05,9.166891686618328e-05,4.75060660392046e-05,5.390401929616928e-05,5.3329090587794783e-05,4.6141911298036575e-05,7.899363104645391e-05,10,4.778348375111818e-05,0,,,
predict,onxpython,,,1,1,10,10,1,1.6585923731327057e-05,7.343688048422337e-05,1.687905751168728e-05,1.789187081158161e-05,2.3124553263187408e-05,1.6585923731327057e-05,5.609122949596145e-05,10,1.7124461010098457e-05,0,1.0,11.0,58622.0
predict,onxonnxruntime1,,,1,1,10,10,1,2.325884997844696e-05,5.956296809017658e-05,2.3732194676995277e-05,2.4667009711265564e-05,2.7798605151474477e-05,2.325884997844696e-05,4.8679889849451726e-05,10,2.396490890532732e-05,0,1.0,11.0,58622.0
predict,skl,1.0,1497.0,10,1,10,10,1,4.743202589452267e-05,6.391387432813644e-05,4.829908721148968e-05,5.21631445735693e-05,5.108604673296213e-05,4.743202589452267e-05,6.062329206033606e-05,10,4.856556188315153e-05,0,,,
predict,onxpython,,,10,1,10,10,1,1.718592830002308e-05,6.268499419093132e-05,1.7413869500160217e-05,1.8126098439097404e-05,2.234252169728279e-05,1.718592830002308e-05,4.8771793240615064e-05,10,1.746660564094782e-05,0,1.0,11.0,58622.0
predict,onxonnxruntime1,,,10,1,10,10,1,2.6587164029479027e-05,4.048692062497139e-05,2.675713039934635e-05,2.81620305031538e-05,2.868729643523693e-05,2.6587164029479027e-05,3.672176050040229e-05,10,2.684642095118761e-05,0,1.0,11.0,58622.0
predict,skl,1.0,1497.0,100,1,10,10,1,5.681207403540611e-05,7.117888890206814e-05,5.8017903938889503e-05,6.10200222581625e-05,6.017342675477266e-05,5.681207403540611e-05,6.842788332176855e-05,10,5.8426521718502045e-05,0,,,
predict,onxpython,,,100,1,10,10,1,2.0859064534306526e-05,6.745406426489353e-05,2.1330779418349266e-05,2.246210351586342e-05,2.656076103448868e-05,2.0859064534306526e-05,5.3359260786049414e-05,10,2.19239154830575e-05,0,1.0,11.0,58622.0
predict,onxonnxruntime1,,,100,1,10,10,1,5.121994763612747e-05,6.551179103553295e-05,5.1830895245075226e-05,5.356897599995136e-05,5.383514799177647e-05,5.121994763612747e-05,6.198413912168769e-05,10,5.205743946135044e-05,0,1.0,11.0,58622.0
predict,skl,1.0,1497.0,1000,1,10,10,1,0.00011825119145214558,0.00014092819765210152,0.00012082397006452084,0.00012739608064293861,0.0001246050465852022,0.00011825119145214558,0.00013728125089761665,10,0.00012200698256492615,0,,,
predict,onxpython,,,1000,1,10,10,1,4.7835055738687515e-05,0.00010421406477689743,4.854705184698105e-05,5.12849073857069e-05,5.5043003521859644e-05,4.7835055738687515e-05,8.738463363222395e-05,10,4.900491330772638e-05,0,1.0,11.0,58622.0
predict,onxonnxruntime1,,,1000,1,10,10,1,0.0002631549723446369,0.00029640085995197296,0.00026460899971425533,0.0002816380001604557,0.00027409340254962443,0.0002631549723446369,0.0002947212321897036,10,0.0002731585409492254,0,1.0,11.0,58622.0
predict,skl,1.0,26285.0,1,1,20,10,1,4.626903682947159e-05,0.00012128613889217377,4.829908721148968e-05,5.2756164222955704e-05,5.6858547031879426e-05,4.626903682947159e-05,9.933307491334311e-05,10,4.900805652141571e-05,0,,,
predict,onxpython,,,1,1,20,10,1,1.764018088579178e-05,8.40858556330204e-05,1.8432969227433205e-05,1.994892954826355e-05,2.564811147749424e-05,1.764018088579178e-05,6.394025622255684e-05,10,1.8795020878314972e-05,0,1.0,11.0,1050125.0
predict,onxonnxruntime1,,,1,1,20,10,1,2.400903031229973e-05,6.98950607329607e-05,2.4731038138270378e-05,2.5925925001502037e-05,2.9748189263045788e-05,2.400903031229973e-05,5.612199114261734e-05,10,2.496945671737194e-05,0,1.0,11.0,1050125.0
predict,skl,1.0,26285.0,10,1,20,10,1,5.063903518021107e-05,6.926385685801506e-05,5.2374089136719704e-05,5.840882658958435e-05,5.5655394680798055e-05,5.063903518021107e-05,6.65958489909227e-05,10,5.296512972563505e-05,0,,,
predict,onxpython,,,10,1,20,10,1,2.0230887457728386e-05,6.819888949394226e-05,2.0697014406323433e-05,2.2639986127614975e-05,2.6198476552963258e-05,2.0230887457728386e-05,5.3764428397089364e-05,10,2.129608765244484e-05,0,1.0,11.0,1050125.0
predict,onxonnxruntime1,,,10,1,20,10,1,3.057485446333885e-05,4.6276021748781204e-05,3.157998435199261e-05,3.57611570507288e-05,3.410014323890209e-05,3.057485446333885e-05,4.308944764584843e-05,10,3.2002804800868034e-05,0,1.0,11.0,1050125.0
predict,skl,1.0,26285.0,100,1,20,10,1,6.906804628670216e-05,9.635998867452145e-05,7.45849683880806e-05,8.573499508202076e-05,7.963660173118114e-05,6.906804628670216e-05,9.556669503659432e-05,10,7.688254117965698e-05,0,,,
predict,onxpython,,,100,1,20,10,1,2.932385541498661e-05,8.137011900544167e-05,3.14079225063324e-05,3.6668963730335236e-05,3.7845061160624025e-05,2.932385541498661e-05,6.686883011163961e-05,10,3.2312353141605854e-05,0,1.0,11.0,1050125.0
predict,onxonnxruntime1,,,100,1,20,10,1,7.176189683377743e-05,9.35529824346304e-05,7.668999023735523e-05,8.023390546441078e-05,7.870437111705542e-05,7.176189683377743e-05,9.053464030931311e-05,10,7.706298492848873e-05,0,1.0,11.0,1050125.0
predict,skl,1.0,26285.0,1000,1,20,10,1,0.00020957994274795055,0.0002547311596572399,0.00021414807997643948,0.00022507109679281712,0.0002217504195868969,0.00020957994274795055,0.0002473842515260364,10,0.0002161259762942791,0,,,
predict,onxpython,,,1000,1,20,10,1,9.243586100637913e-05,0.00021272199228405952,9.6549978479743e-05,0.0001145580317825079,0.00011806506663560867,9.243586100637913e-05,0.0001917623785551816,10,0.00010142149403691292,0,1.0,11.0,1050125.0
predict,onxonnxruntime1,,,1000,1,20,10,1,0.0004649457987397909,0.0005809091962873936,0.0004959627985954285,0.0005328250117599964,0.0005138997919857502,0.0004649457987397909,0.0005801055068756272,10,0.0005003216210752726,0,1.0,11.0,1050125.0
predict,skl,1.0,15.0,1,5,3,10,1,4.609208554029465e-05,0.00010287901386618614,4.675588570535183e-05,5.0258124247193336e-05,5.3561897948384286e-05,4.609208554029465e-05,8.607774507703141e-05,10,4.761503078043461e-05,0,,,
predict,onxpython,,,1,5,3,10,1,1.6395002603530884e-05,7.967394776642323e-05,1.6827136278152466e-05,1.7777783796191216e-05,2.350036520510912e-05,1.6395002603530884e-05,6.0265441316183135e-05,10,1.688697375357151e-05,0,1.0,11.0,1089.0
predict,onxonnxruntime1,,,1,5,3,10,1,2.42751557379961e-05,6.374483928084373e-05,2.446398138999939e-05,2.5199027732014656e-05,2.886415459215641e-05,2.42751557379961e-05,5.178090867690456e-05,10,2.4505890905857086e-05,0,1.0,11.0,1089.0
predict,skl,1.0,15.0,10,5,3,10,1,4.6662986278533936e-05,7.593887858092785e-05,4.736799746751785e-05,5.066697485744953e-05,5.160695873200894e-05,4.6662986278533936e-05,6.842030421082992e-05,10,4.796241410076618e-05,0,,,
predict,onxpython,,,10,5,3,10,1,1.652888022363186e-05,6.313296034932137e-05,1.6732141375541687e-05,1.764390617609024e-05,2.1783774718642236e-05,1.652888022363186e-05,4.88559912878363e-05,10,1.685053575783968e-05,0,1.0,11.0,1089.0
predict,onxonnxruntime1,,,10,5,3,10,1,2.476898953318596e-05,3.9248960092663765e-05,2.4854904040694237e-05,2.678297460079193e-05,2.70249554887414e-05,2.476898953318596e-05,3.5349251000423106e-05,10,2.526841126382351e-05,0,1.0,11.0,1089.0
predict,skl,1.0,15.0,100,5,3,10,1,4.995102062821388e-05,6.768479943275452e-05,5.1756855100393295e-05,5.572289228439331e-05,5.446635186672211e-05,4.995102062821388e-05,6.432519333045943e-05,10,5.233939737081528e-05,0,,,
predict,onxpython,,,100,5,3,10,1,1.9056955352425575e-05,6.621517241001129e-05,1.9517960026860237e-05,2.0422041416168213e-05,2.466072328388691e-05,1.9056955352425575e-05,5.187361318310079e-05,10,1.99729111045599e-05,0,1.0,11.0,1089.0
predict,onxonnxruntime1,,,100,5,3,10,1,5.315407179296017e-05,7.107900455594063e-05,5.3522875532507896e-05,5.77019527554512e-05,5.660750903189182e-05,5.315407179296017e-05,6.739266178616967e-05,10,5.374499596655369e-05,0,1.0,11.0,1089.0
predict,skl,1.0,15.0,1000,5,3,10,1,7.639196701347828e-05,9.441794827580452e-05,7.670186460018158e-05,8.025788702070713e-05,7.956677582114935e-05,7.639196701347828e-05,9.007500934535097e-05,10,7.677741814404726e-05,0,,,
predict,onxpython,,,1000,5,3,10,1,3.346102312207222e-05,8.268794044852257e-05,3.38179524987936e-05,3.5040080547332764e-05,3.925480414181948e-05,3.346102312207222e-05,6.772557095890305e-05,10,3.413204103708267e-05,0,1.0,11.0,1089.0
predict,onxonnxruntime1,,,1000,5,3,10,1,0.00028775609098374844,0.00031693698838353157,0.00028859195299446583,0.00030603096820414066,0.0002984704682603478,0.00028775609098374844,0.00031693698838353157,10,0.000293783494271338,0,1.0,11.0,1089.0
predict,skl,1.0,2045.0,1,5,10,10,1,4.6282773837447166e-05,0.00010211789049208164,4.765298217535019e-05,5.0748931244015694e-05,5.4128700867295265e-05,4.6282773837447166e-05,8.577663737005658e-05,10,4.824809730052948e-05,0,,,
predict,onxpython,,,1,5,10,10,1,1.7380109056830406e-05,7.387693040072918e-05,1.7764046788215637e-05,1.815403811633587e-05,2.3785210214555263e-05,1.7380109056830406e-05,5.658138744167288e-05,10,1.7935526557266712e-05,0,1.0,11.0,79994.0
predict,onxonnxruntime1,,,1,5,10,10,1,2.3676082491874695e-05,6.222887896001339e-05,2.3830914869904518e-05,2.491404302418232e-05,2.82790744677186e-05,2.3676082491874695e-05,5.060707241252354e-05,10,2.3970496840775013e-05,0,1.0,11.0,79994.0
predict,skl,1.0,2045.0,10,5,10,10,1,4.829303361475468e-05,9.25571657717228e-05,5.057407543063164e-05,7.377797737717628e-05,6.132677663117647e-05,4.829303361475468e-05,9.25571657717228e-05,10,5.186791531741619e-05,0,,,
predict,onxpython,,,10,5,10,10,1,1.7659971490502357e-05,6.492109969258308e-05,1.8140999600291252e-05,1.936894841492176e-05,2.3278733715415e-05,1.7659971490502357e-05,5.055094319938312e-05,10,1.843657810240984e-05,0,1.0,11.0,79994.0
predict,onxonnxruntime1,,,10,5,10,10,1,2.789311110973358e-05,4.214397631585598e-05,2.832082100212574e-05,2.9576942324638367e-05,3.025047481060028e-05,2.789311110973358e-05,3.841133201910552e-05,10,2.8427457436919212e-05,0,1.0,11.0,79994.0
predict,skl,1.0,2045.0,100,5,10,10,1,5.980907008051872e-05,7.787812501192093e-05,6.068008951842785e-05,6.349990144371986e-05,6.33949413895607e-05,5.980907008051872e-05,7.36910085104843e-05,10,6.095797289162874e-05,0,,,
predict,onxpython,,,100,5,10,10,1,2.3889821022748947e-05,7.521803490817547e-05,2.4382956326007843e-05,2.5715213268995285e-05,3.015897236764431e-05,2.3889821022748947e-05,5.9737737269988605e-05,10,2.483848948031664e-05,0,1.0,11.0,79994.0
predict,onxonnxruntime1,,,100,5,10,10,1,6.808200851082802e-05,7.939385250210762e-05,6.864406168460846e-05,6.996700540184975e-05,7.04167177900672e-05,6.808200851082802e-05,7.699680310156337e-05,10,6.908504292368889e-05,0,1.0,11.0,79994.0
predict,skl,1.0,2045.0,1000,5,10,10,1,0.00014385697431862354,0.00018070614896714687,0.00014519295655190945,0.0001588009763509035,0.00015302447136491537,0.00014385697431862354,0.00017616058242101964,10,0.0001471774885430932,0,,,
predict,onxpython,,,1000,5,10,10,1,5.991198122501373e-05,0.00011922093108296394,6.100698374211788e-05,6.333505734801292e-05,6.764172576367855e-05,5.991198122501373e-05,0.00010155777654936534,10,6.132305134087801e-05,0,1.0,11.0,79994.0
predict,onxonnxruntime1,,,1000,5,10,10,1,0.0003931969404220581,0.0004311071243137121,0.0003969969693571329,0.00042767799459397793,0.00040881859604269266,0.0003931969404220581,0.0004311071243137121,10,0.00040344952140003443,0,1.0,11.0,79994.0
predict,skl,1.0,134359.0,1,5,20,10,1,4.844204522669315e-05,0.00012767408043146133,5.2283983677625656e-05,6.51960726827383e-05,6.685873959213495e-05,4.844204522669315e-05,0.00011910403662770876,10,5.3390045650303364e-05,0,,,
predict,onxpython,,,1,5,20,10,1,1.915288157761097e-05,9.550503455102444e-05,1.9666040316224098e-05,2.1270010620355606e-05,2.8014485724270344e-05,1.915288157761097e-05,7.226567236279275e-05,10,1.9961968064308167e-05,0,1.0,11.0,5535203.0
predict,onxonnxruntime1,,,1,5,20,10,1,2.574501559138298e-05,7.990095764398575e-05,2.617994323372841e-05,2.951105125248432e-05,3.2830913551151755e-05,2.574501559138298e-05,6.397002138302515e-05,10,2.6875524781644344e-05,0,1.0,11.0,5535203.0
predict,skl,1.0,134359.0,10,5,20,10,1,5.363998934626579e-05,7.369485683739185e-05,5.6418124586343765e-05,6.120395846664906e-05,5.924312863498926e-05,5.363998934626579e-05,7.05036583833431e-05,10,5.698506720364094e-05,0,,,
predict,onxpython,,,10,5,20,10,1,2.1704938262701035e-05,7.060589268803596e-05,2.2657914087176323e-05,2.4371081963181496e-05,2.805418334901333e-05,2.1704938262701035e-05,5.5986948484881445e-05,10,2.2929045371711254e-05,0,1.0,11.0,5535203.0
predict,onxonnxruntime1,,,10,5,20,10,1,3.87849286198616e-05,6.134691648185253e-05,4.189484752714634e-05,4.512397572398186e-05,4.471878055483103e-05,3.87849286198616e-05,5.662336561422399e-05,10,4.215002991259098e-05,0,1.0,11.0,5535203.0
predict,skl,1.0,134359.0,100,5,20,10,1,9.764498099684715e-05,0.00012905895709991455,0.00010067992843687534,0.00010742596350610256,0.00010589126031845808,9.764498099684715e-05,0.00012392881652378913,10,0.0001030404819175601,0,,,
predict,onxpython,,,100,5,20,10,1,4.896405152976513e-05,0.00010524597018957138,5.138106644153595e-05,5.613197572529316e-05,5.801543593406677e-05,4.896405152976513e-05,8.9348496036587e-05,10,5.207955837249756e-05,0,1.0,11.0,5535203.0
predict,onxonnxruntime1,,,100,5,20,10,1,0.00015001697465777397,0.00020036287605762482,0.0001630659680813551,0.00017186999320983887,0.00016802060417830944,0.00015001697465777397,0.00019471968129709956,10,0.00016550347208976746,0,1.0,11.0,5535203.0
predict,skl,1.0,134359.0,1000,5,20,10,1,0.0003779169637709856,0.0004980408120900393,0.0003961289767175913,0.00042946310713887215,0.00041837983299046754,0.0003779169637709856,0.0004869170105871602,10,0.0004119876539334655,0,,,
predict,onxpython,,,1000,5,20,10,1,0.00020399712957441807,0.00035698688589036465,0.0002365920227020979,0.000268259784206748,0.00025440361350774764,0.00020399712957441807,0.0003362405249143497,10,0.0002506260061636567,0,1.0,11.0,5535203.0
predict,onxonnxruntime1,,,1000,5,20,10,1,0.0008543331641703844,0.0013873300049453974,0.0008695570286363363,0.0009756789077073336,0.000966047728434205,0.0008543331641703844,0.001278855025375689,10,0.0008933665230870247,0,1.0,11.0,5535203.0
predict,skl,1.0,15.0,1,10,3,10,1,4.658615216612816e-05,0.00031560100615024567,5.177594721317291e-05,0.00014498597010970116,0.00011310533154755831,4.658615216612816e-05,0.0002859243116072496,10,6.0918042436242104e-05,0,,,
predict,onxpython,,,1,10,3,10,1,1.655309461057186e-05,8.512195199728012e-05,1.688883639872074e-05,1.825997605919838e-05,2.4318764917552472e-05,1.655309461057186e-05,6.413396384744796e-05,10,1.712050288915634e-05,0,1.0,11.0,1089.0
predict,onxonnxruntime1,,,1,10,3,10,1,2.3620901629328728e-05,8.117011748254299e-05,2.4012988433241844e-05,2.5131041184067726e-05,3.01973894238472e-05,2.3620901629328728e-05,6.359751469898946e-05,10,2.405338454991579e-05,0,1.0,11.0,1089.0
predict,skl,1.0,15.0,10,10,3,10,1,4.6422937884926796e-05,6.581400521099567e-05,4.8413174226880074e-05,5.161110311746597e-05,5.09744044393301e-05,4.6422937884926796e-05,6.15888869791665e-05,10,4.890735726803541e-05,0,,,
predict,onxpython,,,10,10,3,10,1,1.672515645623207e-05,6.177183240652084e-05,1.687789335846901e-05,1.766788773238659e-05,2.1785777062177657e-05,1.672515645623207e-05,4.7981861821971426e-05,10,1.6971491277217865e-05,0,1.0,11.0,1089.0
predict,onxonnxruntime1,,,10,10,3,10,1,2.4780165404081345e-05,3.941310569643974e-05,2.49550212174654e-05,2.7067027986049652e-05,2.713557332754135e-05,2.4780165404081345e-05,3.5605570043496925e-05,10,2.5189598090946674e-05,0,1.0,11.0,1089.0
predict,skl,1.0,15.0,100,10,3,10,1,4.963995888829231e-05,6.845197640359402e-05,5.0402944907546043e-05,5.344906821846962e-05,5.33535610884428e-05,4.963995888829231e-05,6.408867471693251e-05,10,5.1023904234170914e-05,0,,,
predict,onxpython,,,100,10,3,10,1,1.9265105947852135e-05,6.46570697426796e-05,1.9605038687586784e-05,2.0513078197836876e-05,2.4554529227316378e-05,1.9265105947852135e-05,5.081741518679209e-05,10,1.9813538528978825e-05,0,1.0,11.0,1089.0
predict,onxonnxruntime1,,,100,10,3,10,1,5.8382051065564156e-05,6.926711648702621e-05,5.85140660405159e-05,6.225216202437878e-05,6.0587027110159394e-05,5.8382051065564156e-05,6.696919291701364e-05,10,5.8823032304644585e-05,0,1.0,11.0,1089.0
predict,skl,1.0,15.0,1000,10,3,10,1,7.993797771632671e-05,9.823986329138279e-05,8.079316467046738e-05,8.321809582412243e-05,8.327371906489134e-05,7.993797771632671e-05,9.374049088373773e-05,10,8.108059410005808e-05,0,,,
predict,onxpython,,,1000,10,3,10,1,3.777211531996727e-05,8.341413922607899e-05,3.812694922089577e-05,3.9634061977267265e-05,4.330403171479702e-05,3.777211531996727e-05,6.95928891905853e-05,10,3.863498568534851e-05,0,1.0,11.0,1089.0
predict,onxonnxruntime1,,,1000,10,3,10,1,0.0002948339097201824,0.0003500331658869982,0.00029591494239866734,0.0003166128881275654,0.0003076013876125216,0.0002948339097201824,0.0003400465728401175,10,0.00029922102112323046,0,1.0,11.0,1089.0
predict,skl,1.0,2047.0,1,10,10,10,1,4.6866945922374725e-05,0.00010485295206308365,4.830094985663891e-05,5.106697790324688e-05,5.4931966587901115e-05,4.6866945922374725e-05,8.784068839570096e-05,10,4.917290061712265e-05,0,,,
predict,onxpython,,,1,10,10,10,1,1.7383834347128868e-05,7.654516957700253e-05,1.7704209312796593e-05,1.8450897186994553e-05,2.397813368588686e-05,1.7383834347128868e-05,5.837448239332703e-05,10,1.7835525795817375e-05,0,1.0,11.0,80072.0
predict,onxonnxruntime1,,,1,10,10,10,1,2.429191954433918e-05,6.325310096144676e-05,2.4575041607022285e-05,2.577807754278183e-05,2.9082898981869222e-05,2.429191954433918e-05,5.157458111913261e-05,10,2.49264994636178e-05,0,1.0,11.0,80072.0
predict,skl,1.0,2047.0,10,10,10,10,1,4.8780813813209534e-05,6.538000889122486e-05,5.025113932788372e-05,5.336198955774307e-05,5.269150715321302e-05,4.8780813813209534e-05,6.220447206688352e-05,10,5.0558592192828655e-05,0,,,
predict,onxpython,,,10,10,10,10,1,1.7827143892645836e-05,6.20819628238678e-05,1.8424121662974358e-05,1.960108056664467e-05,2.3243320174515248e-05,1.7827143892645836e-05,4.869882640961744e-05,10,1.8519465811550617e-05,0,1.0,11.0,80072.0
predict,onxonnxruntime1,,,10,10,10,10,1,2.794293686747551e-05,4.269997589290142e-05,2.8616981580853462e-05,2.9997900128364563e-05,3.056784626096487e-05,2.794293686747551e-05,3.8865477054388094e-05,10,2.8954935260117054e-05,0,1.0,11.0,80072.0
predict,skl,1.0,2047.0,100,10,10,10,1,5.9759942814707756e-05,7.829000242054462e-05,5.997484549880028e-05,6.367894820868969e-05,6.313936319202185e-05,5.9759942814707756e-05,7.388135799912507e-05,10,6.056902930140495e-05,0,,,
predict,onxpython,,,100,10,10,10,1,2.3892149329185486e-05,7.238704711198807e-05,2.473895438015461e-05,2.7356203645467758e-05,3.033834509551525e-05,2.3892149329185486e-05,5.798866367340981e-05,10,2.5066547095775604e-05,0,1.0,11.0,80072.0
predict,onxonnxruntime1,,,100,10,10,10,1,6.813183426856995e-05,7.919897325336933e-05,6.863102316856384e-05,7.051113061606884e-05,7.047078106552363e-05,6.813183426856995e-05,7.683870480099427e-05,10,6.911996752023697e-05,0,1.0,11.0,80072.0
predict,skl,1.0,2047.0,1000,10,10,10,1,0.0001462979707866907,0.00016156514175236225,0.00014692521654069424,0.00014835805632174015,0.00014903205446898938,0.0001462979707866907,0.00015763828750835635,10,0.00014735606964677572,0,,,
predict,onxpython,,,1000,10,10,10,1,6.342492997646332e-05,0.0001202169805765152,6.428500637412071e-05,6.653997115790844e-05,7.072810549288989e-05,6.342492997646332e-05,0.00010319466374213003,10,6.52470625936985e-05,0,1.0,11.0,80072.0
predict,onxonnxruntime1,,,1000,10,10,10,1,0.0003905470948666334,0.0004329120274633169,0.000391555018723011,0.00041765905916690826,0.00040471474640071394,0.0003905470948666334,0.0004329120274633169,10,0.0003969295648857951,0,1.0,11.0,80072.0
predict,skl,1.0,157963.0,1,10,20,10,1,4.885694943368435e-05,0.0001284489408135414,5.222088657319546e-05,6.509595550596714e-05,6.651994772255421e-05,4.885694943368435e-05,0.00011703566902162478,10,5.402893293648958e-05,0,,,
predict,onxpython,,,1,10,20,10,1,1.819618046283722e-05,8.929101750254631e-05,1.9595958292484283e-05,2.195802517235279e-05,2.7418090030550957e-05,1.819618046283722e-05,6.802582282287963e-05,10,2.0000035874545574e-05,0,1.0,11.0,6514767.0
predict,onxonnxruntime1,,,1,10,20,10,1,2.4378998205065727e-05,8.022109977900982e-05,2.5632092729210854e-05,2.747494727373123e-05,3.2038614153862e-05,2.4378998205065727e-05,6.38939224914521e-05,10,2.5976449251174927e-05,0,1.0,11.0,6514767.0
predict,skl,1.0,157963.0,10,10,20,10,1,5.34779392182827e-05,7.367623038589954e-05,5.514291115105152e-05,6.0518039390444756e-05,5.876775830984116e-05,5.34779392182827e-05,7.040613994949445e-05,10,5.615956615656614e-05,0,,,
predict,onxpython,,,10,10,20,10,1,2.1754996851086617e-05,7.079588249325752e-05,2.2761058062314987e-05,2.4671899154782295e-05,2.8294906951487064e-05,2.1754996851086617e-05,5.621058192017237e-05,10,2.311496064066887e-05,0,1.0,11.0,6514767.0
predict,onxonnxruntime1,,,10,10,20,10,1,4.0108105167746544e-05,5.994783714413643e-05,4.154001362621784e-05,4.782108590006828e-05,4.5376410707831385e-05,4.0108105167746544e-05,5.7444737892044465e-05,10,4.190707113593817e-05,0,1.0,11.0,6514767.0
predict,skl,1.0,157963.0,100,10,20,10,1,9.58610326051712e-05,0.00013100309297442436,0.00010218890383839607,0.00010737590491771698,0.0001061396673321724,9.58610326051712e-05,0.00012565343952699408,10,0.00010282499715685844,0,,,
predict,onxpython,,,100,10,20,10,1,5.094008520245552e-05,0.00010634912177920341,5.192100070416927e-05,5.3696101531386375e-05,5.859467200934887e-05,5.094008520245552e-05,9.030770603078852e-05,10,5.302752833813429e-05,0,1.0,11.0,6514767.0
predict,onxonnxruntime1,,,100,10,20,10,1,0.00015036785043776035,0.00019033788703382015,0.00015987595543265343,0.00016449298709630966,0.00016313663218170404,0.00015036785043776035,0.00018514426840337262,10,0.00016155396588146687,0,1.0,11.0,6514767.0
predict,skl,1.0,157963.0,1000,10,20,10,1,0.0003986828960478306,0.0005095519591122866,0.00041839806362986565,0.000455350149422884,0.0004353261087089777,0.0003986828960478306,0.0004997850536815461,10,0.00042498798575252295,0,,,
predict,onxpython,,,1000,10,20,10,1,0.00020556501112878323,0.00036721304059028625,0.00022013718262314796,0.0002716949675232172,0.00024975864216685294,0.00020556501112878323,0.0003439125106509956,10,0.0002347620902583003,0,1.0,11.0,6514767.0
predict,onxonnxruntime1,,,1000,10,20,10,1,0.0009329509921371937,0.0014324169605970383,0.0009822959545999765,0.0011388601269572973,0.001075193495489657,0.0009329509921371937,0.0013545574711554614,10,0.0010422288905829191,0,1.0,11.0,6514767.0
predict,skl,1.0,15.0,1,20,3,10,1,4.612607881426811e-05,0.00012903590686619282,4.772888496518135e-05,5.1381997764110565e-05,5.682515911757946e-05,4.612607881426811e-05,0.00010427272005187978,10,4.8198970034718513e-05,0,,,
predict,onxpython,,,1,20,3,10,1,1.6386853531003e-05,8.803606033325195e-05,1.670396886765957e-05,1.813494600355625e-05,2.4605495855212212e-05,1.6386853531003e-05,6.615714342916432e-05,10,1.7099082469940186e-05,0,1.0,11.0,1089.0
predict,onxonnxruntime1,,,1,20,3,10,1,2.2564083337783813e-05,8.208188228309155e-05,2.285093069076538e-05,2.409098669886589e-05,2.9481807723641394e-05,2.2564083337783813e-05,6.398267468641058e-05,10,2.2943015210330486e-05,0,1.0,11.0,1089.0
predict,skl,1.0,15.0,10,20,3,10,1,4.612701013684273e-05,6.425101310014725e-05,4.692608490586281e-05,5.106092430651188e-05,5.019663367420435e-05,4.612701013684273e-05,6.052490917557895e-05,10,4.840909969061613e-05,0,,,
predict,onxpython,,,10,20,3,10,1,1.6905833035707474e-05,6.202096119523048e-05,1.719617284834385e-05,1.851702108979225e-05,2.2237980738282202e-05,1.6905833035707474e-05,4.831479337675963e-05,10,1.7380458302795887e-05,0,1.0,11.0,1089.0
predict,onxonnxruntime1,,,10,20,3,10,1,2.499110996723175e-05,3.9896927773952484e-05,2.5162938982248306e-05,2.6930123567581177e-05,2.7261418290436266e-05,2.499110996723175e-05,3.591462380878109e-05,10,2.5275046937167645e-05,0,1.0,11.0,1089.0
predict,skl,1.0,15.0,100,20,3,10,1,5.140411667525768e-05,7.157190702855587e-05,5.297805182635784e-05,6.323913112282753e-05,5.7830591686069965e-05,5.140411667525768e-05,7.15315264120836e-05,10,5.417445208877325e-05,0,,,
predict,onxpython,,,100,20,3,10,1,2.0455103367567062e-05,6.828992627561092e-05,2.0792009308934212e-05,2.1961983293294907e-05,2.6073330081999303e-05,2.0455103367567062e-05,5.372470049624317e-05,10,2.1278043277561665e-05,0,1.0,11.0,1089.0
predict,onxonnxruntime1,,,100,20,3,10,1,4.510604776442051e-05,5.937390960752964e-05,4.5522116124629974e-05,4.692911170423031e-05,4.7563109546899796e-05,4.510604776442051e-05,5.571922419008838e-05,10,4.594947677105665e-05,0,1.0,11.0,1089.0
predict,skl,1.0,15.0,1000,20,3,10,1,8.583907037973404e-05,0.00011018593795597553,8.685700595378876e-05,8.972105570137501e-05,9.002098813652993e-05,8.583907037973404e-05,0.00010383374532580584,10,8.72474629431963e-05,0,,,
predict,onxpython,,,1000,20,3,10,1,4.4620130211114883e-05,9.339791722595692e-05,4.4930027797818184e-05,4.5757973566651344e-05,5.020126700401306e-05,4.4620130211114883e-05,7.8476906409664e-05,10,4.5286957174539566e-05,0,1.0,11.0,1089.0
predict,onxonnxruntime1,,,1000,20,3,10,1,0.00022168410941958427,0.0002524740993976593,0.0002311510033905506,0.00024325307458639145,0.00023512821644544601,0.00022168410941958427,0.0002524740993976593,10,0.00023650936782360077,0,1.0,11.0,1089.0
predict,skl,1.0,2043.0,1,20,10,10,1,4.661385901272297e-05,0.0001075519248843193,4.752795211970806e-05,5.1522860303521156e-05,5.482465494424105e-05,4.661385901272297e-05,8.961889278411852e-05,10,4.8095942474901676e-05,0,,,
predict,onxpython,,,1,20,10,10,1,1.701805740594864e-05,7.781293243169785e-05,1.7233891412615776e-05,1.8974067643284798e-05,2.409068401902914e-05,1.701805740594864e-05,5.928939718740339e-05,10,1.792237162590027e-05,0,1.0,11.0,79916.0
predict,onxonnxruntime1,,,1,20,10,10,1,2.339109778404236e-05,6.382004357874393e-05,2.3595057427883148e-05,2.5390181690454483e-05,2.8395908884704113e-05,2.339109778404236e-05,5.173707285408559e-05,10,2.3718923330307007e-05,0,1.0,11.0,79916.0
predict,skl,1.0,2043.0,10,20,10,10,1,4.8661138862371445e-05,6.549502722918987e-05,4.9007125198841095e-05,5.2159884944558144e-05,5.186826456338167e-05,4.8661138862371445e-05,6.199930898195036e-05,10,4.919164348393679e-05,0,,,
predict,onxpython,,,10,20,10,10,1,1.8202001228928566e-05,6.467103958129883e-05,1.8378952518105507e-05,1.948210410773754e-05,2.3586023598909377e-05,1.8202001228928566e-05,5.0528471333807976e-05,10,1.8680118955671787e-05,0,1.0,11.0,79916.0
predict,onxonnxruntime1,,,10,20,10,10,1,2.8129899874329567e-05,4.184013232588768e-05,2.8374139219522476e-05,2.9749004170298576e-05,3.018295392394066e-05,2.8129899874329567e-05,3.806008896430649e-05,10,2.849404700100422e-05,0,1.0,11.0,79916.0
predict,skl,1.0,2043.0,100,20,10,10,1,5.9650978073477745e-05,7.984205149114132e-05,6.107892841100693e-05,6.373482756316662e-05,6.402768194675445e-05,5.9650978073477745e-05,7.5236146155006e-05,10,6.191548891365528e-05,0,,,
predict,onxpython,,,100,20,10,10,1,2.5260960683226585e-05,7.617496885359287e-05,2.5521963834762573e-05,2.92330514639616e-05,3.1770067289471625e-05,2.5260960683226585e-05,6.107890991573293e-05,10,2.608797512948513e-05,0,1.0,11.0,79916.0
predict,onxonnxruntime1,,,100,20,10,10,1,5.98980113863945e-05,7.34149944037199e-05,6.034388206899166e-05,6.25720713287592e-05,6.253132596611977e-05,5.98980113863945e-05,7.017363231855744e-05,10,6.101303733885288e-05,0,1.0,11.0,79916.0
predict,skl,1.0,2043.0,1000,20,10,10,1,0.00015231408178806305,0.00017239293083548546,0.00015354878269135952,0.00015634694136679173,0.0001563969533890486,0.00015231408178806305,0.00016753429559312986,10,0.00015428895130753517,0,,,
predict,onxpython,,,1000,20,10,10,1,7.078191265463829e-05,0.0001303129829466343,7.138983346521854e-05,7.253396324813366e-05,7.784743793308735e-05,7.078191265463829e-05,0.00011220784697831881,10,7.161090616136789e-05,0,1.0,11.0,79916.0
predict,onxonnxruntime1,,,1000,20,10,10,1,0.00031244312413036823,0.0003681480884552002,0.0003138801548629999,0.00033944309689104557,0.00032645193859934805,0.00031244312413036823,0.0003615121913781644,10,0.0003140105400234461,0,1.0,11.0,79916.0
predict,skl,1.0,161603.0,1,20,20,10,1,4.85200434923172e-05,0.00012483005411922932,4.9955910071730614e-05,5.489797331392765e-05,5.916401278227568e-05,4.85200434923172e-05,0.00010264148098288687,10,5.041493568569422e-05,0,,,
predict,onxpython,,,1,20,20,10,1,1.823599450290203e-05,9.134714491665363e-05,1.981295645236969e-05,2.003507688641548e-05,2.7245422825217246e-05,1.823599450290203e-05,6.925825579754582e-05,10,1.9858009181916714e-05,0,1.0,11.0,6665826.0
predict,onxonnxruntime1,,,1,20,20,10,1,2.4937093257904053e-05,7.718009874224663e-05,2.5919172912836075e-05,2.694292925298214e-05,3.1675538048148154e-05,2.4937093257904053e-05,6.162616735053735e-05,10,2.6096473447978497e-05,0,1.0,11.0,6665826.0
predict,skl,1.0,161603.0,10,20,20,10,1,5.2819959819316864e-05,7.4055977165699e-05,5.371100269258022e-05,5.8766920119524e-05,5.765636451542378e-05,5.2819959819316864e-05,6.984256045388702e-05,10,5.532894283533096e-05,0,,,
predict,onxpython,,,10,20,20,10,1,2.1243933588266373e-05,7.231300696730614e-05,2.261390909552574e-05,2.429005689918995e-05,2.79812840744853e-05,2.1243933588266373e-05,5.7079119088065134e-05,10,2.277200110256672e-05,0,1.0,11.0,6665826.0
predict,onxonnxruntime1,,,10,20,20,10,1,3.748503513634205e-05,6.070313975214958e-05,4.005292430520058e-05,4.8103975132107735e-05,4.4558802619576456e-05,3.748503513634205e-05,5.73050578537447e-05,10,4.2729428969323635e-05,0,1.0,11.0,6665826.0
predict,skl,1.0,161603.0,100,20,20,10,1,9.258510544896126e-05,0.00012197485193610191,9.585986845195293e-05,0.00010471208952367306,0.00010110421571880579,9.258510544896126e-05,0.0001182022193474872,10,9.789899922907352e-05,0,,,
predict,onxpython,,,100,20,20,10,1,4.7144945710897446e-05,0.00010335096158087254,4.940992221236229e-05,5.4181087762117386e-05,5.624485202133655e-05,4.7144945710897446e-05,8.737302198053281e-05,10,5.107792094349861e-05,0,1.0,11.0,6665826.0
predict,onxonnxruntime1,,,100,20,20,10,1,0.00013053999282419682,0.00017853500321507454,0.0001446960959583521,0.00015203701332211494,0.00014908453449606894,0.00013053999282419682,0.0001726356926329192,10,0.00014697853475809097,0,1.0,11.0,6665826.0
predict,skl,1.0,161603.0,1000,20,20,10,1,0.0003417478874325752,0.0005328340921550989,0.0003588541876524687,0.00041047390550374985,0.00038893769960850476,0.0003417478874325752,0.0004968891465175817,10,0.00036794040352106094,0,,,
predict,onxpython,,,1000,20,20,10,1,0.0002127119805663824,0.00041183806024491787,0.0002271339762955904,0.0002522510476410389,0.00025228329468518496,0.0002127119805663824,0.00036361315606902515,10,0.00022948894184082747,0,1.0,11.0,6665826.0
predict,onxonnxruntime1,,,1000,20,20,10,1,0.0008308251854032278,0.0012954738922417164,0.0008617830462753773,0.0009559348691254854,0.0009291358524933458,0.0008308251854032278,0.0011917840325852604,10,0.000875866855494678,0,1.0,11.0,6665826.0
predict,skl,1.0,15.0,1,50,3,10,1,4.6239932999014854e-05,0.0001256079412996769,4.7114910557866096e-05,5.05389180034399e-05,5.625095218420029e-05,4.6239932999014854e-05,0.00010180137565234682,10,4.7971378080546856e-05,0,,,
predict,onxpython,,,1,50,3,10,1,1.6272999346256256e-05,9.180605411529541e-05,1.6442034393548965e-05,1.7843907698988914e-05,2.4708197452127932e-05,1.6272999346256256e-05,6.863043265328497e-05,10,1.6845064237713814e-05,0,1.0,11.0,1089.0
predict,onxonnxruntime1,,,1,50,3,10,1,2.13689636439085e-05,0.0013346329797059298,2.1558953449130058e-05,2.331892028450966e-05,0.00015399339608848094,2.13689636439085e-05,0.0009253607166457266,10,2.166256308555603e-05,0,1.0,11.0,1089.0
predict,skl,1.0,15.0,10,50,3,10,1,4.745391197502613e-05,0.0001079309731721878,4.780595190823078e-05,5.1230890676379204e-05,5.508679896593094e-05,4.745391197502613e-05,8.99533910271479e-05,10,4.787743091583252e-05,0,,,
predict,onxpython,,,10,50,3,10,1,1.759384758770466e-05,8.224905468523502e-05,1.7740996554493904e-05,1.9224127754569054e-05,2.4713622406125068e-05,1.759384758770466e-05,6.234781899262753e-05,10,1.7977086827158928e-05,0,1.0,11.0,1089.0
predict,onxonnxruntime1,,,10,50,3,10,1,2.63298861682415e-05,4.7791050747036934e-05,2.673710696399212e-05,2.774200402200222e-05,2.940329723060131e-05,2.63298861682415e-05,4.1684922197648347e-05,10,2.6769470423460007e-05,0,1.0,11.0,1089.0
predict,skl,1.0,15.0,100,50,3,10,1,5.3685856983065605e-05,8.845911361277103e-05,5.4327771067619324e-05,6.067100912332535e-05,6.04687025770545e-05,5.3685856983065605e-05,8.178713075571872e-05,10,5.500158295035362e-05,0,,,
predict,onxpython,,,100,50,3,10,1,2.238689921796322e-05,6.856606341898441e-05,2.3414846509695053e-05,3.261584788560867e-05,3.090945538133383e-05,2.238689921796322e-05,5.796849644501696e-05,10,2.403405960649252e-05,0,1.0,11.0,1089.0
predict,onxonnxruntime1,,,100,50,3,10,1,4.771305248141289e-05,6.112898699939251e-05,4.8286980018019676e-05,4.9552880227565765e-05,5.009619053453207e-05,4.771305248141289e-05,5.775968469472254e-05,10,4.846497904509306e-05,0,1.0,11.0,1089.0
predict,skl,1.0,15.0,1000,50,3,10,1,0.00010259612463414669,0.00015709595754742622,0.00010339613072574139,0.00010890304110944271,0.00011045264545828104,0.00010259612463414669,0.00014145386148913826,10,0.0001040345523506403,0,,,
predict,onxpython,,,1000,50,3,10,1,6.0175079852342606e-05,0.00012020301073789597,6.196903996169567e-05,6.347708404064178e-05,6.798133254051208e-05,6.0175079852342606e-05,0.00010219933057326007,10,6.220454815775156e-05,0,1.0,11.0,1089.0
predict,onxonnxruntime1,,,1000,50,3,10,1,0.0002366888802498579,0.00028907693922519684,0.0002377149648964405,0.0002590189687907696,0.00025083054788410664,0.0002366888802498579,0.00028113283591641195,10,0.0002483759308233857,0,1.0,11.0,1089.0
predict,skl,1.0,2043.0,1,50,10,10,1,4.645390436053276e-05,0.00010847300291061401,4.756893031299114e-05,5.093892104923725e-05,5.4684188216924665e-05,4.645390436053276e-05,9.011594112789229e-05,10,4.8144604079425335e-05,0,,,
predict,onxpython,,,1,50,10,10,1,1.7056940123438835e-05,7.9411081969738e-05,1.7479993402957916e-05,1.8720049411058426e-05,2.4170614778995514e-05,1.7056940123438835e-05,6.0349408457364646e-05,10,1.7519458197057247e-05,0,1.0,11.0,79916.0
predict,onxonnxruntime1,,,1,50,10,10,1,2.3286789655685425e-05,7.331208325922489e-05,2.380507066845894e-05,2.508191391825676e-05,2.9354449361562728e-05,2.3286789655685425e-05,5.8197261317553275e-05,10,2.3996923118829727e-05,0,1.0,11.0,79916.0
predict,skl,1.0,2043.0,10,50,10,10,1,4.92180697619915e-05,6.767408922314644e-05,5.064718425273895e-05,5.349889397621155e-05,5.331335123628378e-05,4.92180697619915e-05,6.344237786015155e-05,10,5.117850378155708e-05,0,,,
predict,onxpython,,,10,50,10,10,1,1.9126804545521736e-05,6.795814260840416e-05,1.951702870428562e-05,2.0970124751329422e-05,2.493681386113167e-05,1.9126804545521736e-05,5.3123158835133725e-05,10,1.9960105419158936e-05,0,1.0,11.0,79916.0
predict,onxonnxruntime1,,,10,50,10,10,1,2.870708703994751e-05,4.295189864933491e-05,2.957903780043125e-05,3.086705692112446e-05,3.1407317146658896e-05,2.870708703994751e-05,3.945313155968912e-05,10,2.9657501727342606e-05,0,1.0,11.0,79916.0
predict,skl,1.0,2043.0,100,50,10,10,1,6.202282384037971e-05,8.174986578524113e-05,6.266613490879536e-05,6.674719043076038e-05,6.596227176487446e-05,6.202282384037971e-05,7.727672346376616e-05,10,6.335345096886158e-05,0,,,
predict,onxpython,,,100,50,10,10,1,2.7493108063936234e-05,7.71631021052599e-05,2.861209213733673e-05,3.083306364715099e-05,3.4119165502488616e-05,2.7493108063936234e-05,6.241378884078108e-05,10,2.903747372329235e-05,0,1.0,11.0,79916.0
predict,onxonnxruntime1,,,100,50,10,10,1,6.10679853707552e-05,7.616286166012287e-05,6.189593113958836e-05,6.426312029361725e-05,6.399168632924557e-05,6.10679853707552e-05,7.259460505264491e-05,10,6.203993689268827e-05,0,1.0,11.0,79916.0
predict,skl,1.0,2043.0,1000,50,10,10,1,0.00016778497956693172,0.000244711060076952,0.0001710390206426382,0.0001774858683347702,0.00017985641025006772,0.00016778497956693172,0.00022266167450089584,10,0.0001732225064188242,0,,,
predict,onxpython,,,1000,50,10,10,1,8.557084947824478e-05,0.00017859693616628647,8.785095997154713e-05,9.122001938521862e-05,9.805560111999511e-05,8.557084947824478e-05,0.00015097660078920692,10,8.880812674760818e-05,0,1.0,11.0,79916.0
predict,onxonnxruntime1,,,1000,50,10,10,1,0.0003233780153095722,0.0004748459905385971,0.00032643997110426426,0.0003511859104037285,0.00034934110008180144,0.0003233780153095722,0.0004348186015068601,10,0.00032913603354245424,0,1.0,11.0,79916.0
predict,skl,1.0,154109.0,1,50,20,10,1,4.908605478703976e-05,0.00012918701395392418,5.156500265002251e-05,6.618304178118706e-05,6.655985489487649e-05,4.908605478703976e-05,0.00011895660517019536,10,5.305057857185602e-05,0,,,
predict,onxpython,,,1,50,20,10,1,1.9269995391368866e-05,8.892104960978031e-05,1.9638100638985634e-05,2.153683453798294e-05,2.7336389757692813e-05,1.9269995391368866e-05,6.7692721615738e-05,10,2.001691609621048e-05,0,1.0,11.0,6354827.0
predict,onxonnxruntime1,,,1,50,20,10,1,2.5938032194972038e-05,7.886998355388641e-05,2.646702341735363e-05,2.89171002805233e-05,3.278462681919336e-05,2.5938032194972038e-05,6.324259668686761e-05,10,2.670555841177702e-05,0,1.0,11.0,6354827.0
predict,skl,1.0,154109.0,10,50,20,10,1,5.325581878423691e-05,7.596798241138458e-05,5.557783879339695e-05,6.060604937374592e-05,5.8887177146971226e-05,5.325581878423691e-05,7.159363963674169e-05,10,5.666445940732956e-05,0,,,
predict,onxpython,,,10,50,20,10,1,2.2727996110916138e-05,7.002311758697033e-05,2.315291203558445e-05,2.5596003979444504e-05,2.868201117962599e-05,2.2727996110916138e-05,5.584137347419914e-05,10,2.3818458430469036e-05,0,1.0,11.0,6354827.0
predict,onxonnxruntime1,,,10,50,20,10,1,4.198378883302212e-05,6.207404658198357e-05,4.345388151705265e-05,4.666810855269432e-05,4.6611297875642776e-05,4.198378883302212e-05,5.7817935095212565e-05,10,4.4950516894459724e-05,0,1.0,11.0,6354827.0
predict,skl,1.0,154109.0,100,50,20,10,1,9.443494491279125e-05,0.0001259420532733202,9.855418466031551e-05,0.00010428996756672859,0.00010287798941135406,9.443494491279125e-05,0.00012022630318096712,10,9.892089292407036e-05,0,,,
predict,onxpython,,,100,50,20,10,1,5.193892866373062e-05,0.0001051959116011858,5.309213884174824e-05,6.014388054609299e-05,6.060351151973009e-05,5.193892866373062e-05,9.08123640661755e-05,10,5.42135676369071e-05,0,1.0,11.0,6354827.0
predict,onxonnxruntime1,,,100,50,20,10,1,0.0001556898932904005,0.00019898894242942333,0.00016719195991754532,0.00018077204003930092,0.0001730585005134344,0.0001556898932904005,0.00019888430597467726,10,0.00017465045675635338,0,1.0,11.0,6354827.0
predict,skl,1.0,154109.0,1000,50,20,10,1,0.0004014810547232628,0.0006011941004544497,0.00042626215144991875,0.00048370310105383396,0.0004590059630572796,0.0004014810547232628,0.0005686201892618605,10,0.0004424435319378972,0,,,
predict,onxpython,,,1000,50,20,10,1,0.00023890403099358082,0.00044327392242848873,0.0002719131298363209,0.00031044287607073784,0.0003005721839144826,0.00023890403099358082,0.00040975221649539907,10,0.00029020244255661964,0,1.0,11.0,6354827.0
predict,onxonnxruntime1,,,1000,50,20,10,1,0.000968283973634243,0.0015159030444920063,0.00098803685978055,0.0010566108394414186,0.0010719539830461144,0.000968283973634243,0.0013834920820155149,10,0.0010087714763358235,0,1.0,11.0,6354827.0
predict,skl,1.0,15.0,1,100,3,10,1,4.717404954135418e-05,0.00032062106765806675,4.9615977331995964e-05,0.00014714617282152176,0.00011193666141480207,4.717404954135418e-05,0.0002881868458096733,10,5.30885299667716e-05,0,,,
predict,onxpython,,,1,100,3,10,1,1.693982630968094e-05,9.308196604251862e-05,1.7312122508883476e-05,1.841713674366474e-05,2.5368528440594673e-05,1.693982630968094e-05,6.965474862421212e-05,10,1.742551103234291e-05,0,1.0,11.0,1089.0
predict,onxonnxruntime1,,,1,100,3,10,1,2.3537082597613335e-05,8.214008994400501e-05,2.3853033781051636e-05,2.488703466951847e-05,3.021720331162214e-05,2.3537082597613335e-05,6.422411620931646e-05,10,2.414837945252657e-05,0,1.0,11.0,1089.0
predict,skl,1.0,15.0,10,100,3,10,1,4.762597382068634e-05,0.00010422291234135628,4.8595014959573746e-05,5.146698094904423e-05,5.5101606994867326e-05,4.762597382068634e-05,8.748774475221188e-05,10,4.875159356743097e-05,0,,,
predict,onxpython,,,10,100,3,10,1,1.835799776017666e-05,6.435299292206764e-05,1.8831109628081322e-05,1.9795028492808342e-05,2.370704896748066e-05,1.835799776017666e-05,5.032002267814469e-05,10,1.8977560102939606e-05,0,1.0,11.0,1089.0
predict,onxonnxruntime1,,,10,100,3,10,1,2.6772962883114815e-05,4.0999846532940865e-05,2.7229078114032745e-05,2.857297658920288e-05,2.9047182761132716e-05,2.6772962883114815e-05,3.7174163794966746e-05,10,2.7325935661792755e-05,0,1.0,11.0,1089.0
predict,skl,1.0,15.0,100,100,3,10,1,5.596294067800045e-05,7.45910219848156e-05,5.736202001571655e-05,6.0488004237413406e-05,5.9876823797822e-05,5.596294067800045e-05,7.038481278910079e-05,10,5.7733035646378994e-05,0,,,
predict,onxpython,,,100,100,3,10,1,2.6234891265630722e-05,7.127085700631142e-05,2.6854919269680977e-05,2.8248876333236694e-05,3.1745107844471934e-05,2.6234891265630722e-05,5.765655045990031e-05,10,2.710998523980379e-05,0,1.0,11.0,1089.0
predict,onxonnxruntime1,,,100,100,3,10,1,6.321980617940426e-05,7.557100616395473e-05,6.471690721809864e-05,6.735511124134064e-05,6.624329835176468e-05,6.321980617940426e-05,7.296518659373562e-05,10,6.499351002275944e-05,0,1.0,11.0,1089.0
predict,skl,1.0,15.0,1000,100,3,10,1,0.0001414360012859106,0.0002761790528893471,0.000152096850797534,0.00015974394045770168,0.00016619719099253416,0.0001414360012859106,0.0002392999774106579,10,0.00015711807645857334,0,,,
predict,onxpython,,,1000,100,3,10,1,9.682192467153072e-05,0.0001825271174311638,9.886804036796093e-05,0.00010315701365470886,0.00010869093239307404,9.682192467153072e-05,0.0001572250350338008,10,0.00010065198875963688,0,1.0,11.0,1089.0
predict,onxonnxruntime1,,,1000,100,3,10,1,0.0003536408767104149,0.0004634181968867779,0.00035559595562517643,0.00037665897980332375,0.00037357346154749395,0.0003536408767104149,0.00043664472111057563,10,0.0003558275057002902,0,1.0,11.0,1089.0
predict,skl,1.0,2041.0,1,100,10,10,1,4.6871136873960495e-05,0.00011374312452971935,4.8084184527397156e-05,5.1170121878385544e-05,5.570042412728071e-05,4.6871136873960495e-05,9.392104442965352e-05,10,4.874600563198328e-05,0,,,
predict,onxpython,,,1,100,10,10,1,1.688813790678978e-05,8.517899550497532e-05,1.7951009795069695e-05,2.2717053070664406e-05,2.6046810671687125e-05,1.688813790678978e-05,6.498752117993696e-05,10,1.849199179559946e-05,0,1.0,11.0,79838.0
predict,onxonnxruntime1,,,1,100,10,10,1,2.3289117962121964e-05,6.567197851836681e-05,2.357899211347103e-05,2.52588652074337e-05,2.862678375095129e-05,2.3289117962121964e-05,5.304334472516392e-05,10,2.3911590687930584e-05,0,1.0,11.0,79838.0
predict,skl,1.0,2041.0,10,100,10,10,1,4.9043912440538406e-05,6.991508416831493e-05,5.054287612438202e-05,5.44767826795578e-05,5.349332932382822e-05,4.9043912440538406e-05,6.528932134283658e-05,10,5.078141111880541e-05,0,,,
predict,onxpython,,,10,100,10,10,1,1.968303695321083e-05,6.599398329854012e-05,1.9840896129608154e-05,2.1692831069231033e-05,2.518447581678629e-05,1.968303695321083e-05,5.195672150660887e-05,10,2.0070001482963562e-05,0,1.0,11.0,79838.0
predict,onxonnxruntime1,,,10,100,10,10,1,3.002304583787918e-05,4.5261112973093987e-05,3.073900006711483e-05,3.272388130426407e-05,3.264849074184895e-05,3.002304583787918e-05,4.123953948926797e-05,10,3.094191197305918e-05,0,1.0,11.0,79838.0
predict,skl,1.0,2041.0,100,100,10,10,1,6.584404036402702e-05,8.866097778081894e-05,6.720097735524178e-05,7.09120649844408e-05,7.050139829516411e-05,6.584404036402702e-05,8.313727748186584e-05,10,6.776349619030952e-05,0,,,
predict,onxpython,,,100,100,10,10,1,2.9996037483215332e-05,7.972703315317631e-05,3.165006637573242e-05,3.366800956428051e-05,3.710193559527397e-05,2.9996037483215332e-05,6.52012466131938e-05,10,3.192294389009476e-05,0,1.0,11.0,79838.0
predict,onxonnxruntime1,,,100,100,10,10,1,6.657210178673267e-05,8.756597526371479e-05,6.739119999110699e-05,7.286784239113331e-05,7.123402319848537e-05,6.657210178673267e-05,8.329500760688997e-05,10,6.862403824925423e-05,0,1.0,11.0,79838.0
predict,skl,1.0,2041.0,1000,100,10,10,1,0.00020974897779524326,0.00036583002656698227,0.00022215303033590317,0.00022786413319408894,0.0002367138396948576,0.00020974897779524326,0.0003222723234272131,10,0.0002258274471387267,0,,,
predict,onxpython,,,1000,100,10,10,1,0.00012205285020172596,0.0002310441341251135,0.00012357905507087708,0.0001294161193072796,0.00013671915512531997,0.00012205285020172596,0.0001988282423848252,10,0.00012580561451613903,0,1.0,11.0,79838.0
predict,onxonnxruntime1,,,1000,100,10,10,1,0.00036428612656891346,0.0005355819594115019,0.00036576297134160995,0.000402648001909256,0.00039117359556257726,0.00036428612656891346,0.0004900562735360059,10,0.0003678270149976015,0,1.0,11.0,79838.0
predict,skl,1.0,148765.0,1,100,20,10,1,4.958314821124077e-05,0.00012895790860056877,5.221785977482796e-05,6.661703810095787e-05,6.739888340234756e-05,4.958314821124077e-05,0.00012065879152371563,10,5.356606561690569e-05,0,,,
predict,onxpython,,,1,100,20,10,1,1.8110033124685287e-05,9.152502752840519e-05,1.9316794350743294e-05,2.0971056073904037e-05,2.724479418247938e-05,1.8110033124685287e-05,6.941061785045334e-05,10,1.973204780369997e-05,0,1.0,11.0,6133051.0
predict,onxonnxruntime1,,,1,100,20,10,1,2.521788701415062e-05,7.996801286935806e-05,2.60230153799057e-05,2.7724076062440872e-05,3.2242131419479846e-05,2.521788701415062e-05,6.367730825990604e-05,10,2.6236637495458126e-05,0,1.0,11.0,6133051.0
predict,skl,1.0,148765.0,10,100,20,10,1,5.4530100896954536e-05,7.42210540920496e-05,5.611218512058258e-05,6.471294909715652e-05,6.121131591498851e-05,5.4530100896954536e-05,7.42210540920496e-05,10,5.777343176305294e-05,0,,,
predict,onxpython,,,10,100,20,10,1,2.302299253642559e-05,7.255887612700462e-05,2.3513101041316986e-05,2.469983883202076e-05,2.903167624026537e-05,2.302299253642559e-05,5.7611564375553955e-05,10,2.3687025532126427e-05,0,1.0,11.0,6133051.0
predict,onxonnxruntime1,,,10,100,20,10,1,3.9665959775447845e-05,5.7765981182456017e-05,4.138285294175148e-05,4.389788955450058e-05,4.4145574793219564e-05,3.9665959775447845e-05,5.437289489893654e-05,10,4.257401451468468e-05,0,1.0,11.0,6133051.0
predict,skl,1.0,148765.0,100,100,20,10,1,9.8054064437747e-05,0.00013467599637806416,0.00010251603089272976,0.0001073980238288641,0.00010678241960704327,9.8054064437747e-05,0.00012692331368327727,10,0.00010320800356566906,0,,,
predict,onxpython,,,100,100,20,10,1,5.570310167968273e-05,0.00011441088281571865,5.8416975662112236e-05,6.19259662926197e-05,6.480386946350336e-05,5.570310167968273e-05,9.761757308261482e-05,10,5.962641444057226e-05,0,1.0,11.0,6133051.0
predict,onxonnxruntime1,,,100,100,20,10,1,0.00015171593986451626,0.00020402204245328903,0.0001633919309824705,0.00017148489132523537,0.00016815322451293468,0.00015171593986451626,0.0001950432038207066,10,0.00016506505198776722,0,1.0,11.0,6133051.0
predict,skl,1.0,148765.0,1000,100,20,10,1,0.00039259600453078747,0.0007433111313730478,0.0004352019168436527,0.0005596010014414787,0.0005088747246190905,0.00039259600453078747,0.0007131528495396414,10,0.0004943390376865864,0,,,
predict,onxpython,,,1000,100,20,10,1,0.00027279811911284924,0.00044414913281798363,0.00027931807562708855,0.0003002199809998274,0.00030881573911756277,0.00027279811911284924,0.0004132112917220508,10,0.00028743501752614975,0,1.0,11.0,6133051.0
predict,onxonnxruntime1,,,1000,100,20,10,1,0.0009690618608146906,0.0014171530492603779,0.0009932168759405613,0.0010406870860606432,0.0010527194710448385,0.0009690618608146906,0.0013088646413995622,10,0.0009951810352504253,0,1.0,11.0,6133051.0
predict,skl,1.0,15.0,1,200,3,10,1,4.695192910730839e-05,0.00013270904310047626,4.752189852297306e-05,5.02199400216341e-05,5.7235034182667734e-05,4.695192910730839e-05,0.00010672224506035706,10,4.785007331520319e-05,0,,,
predict,onxpython,,,1,200,3,10,1,1.7313985154032707e-05,9.068404324352741e-05,1.7761019989848137e-05,1.808605156838894e-05,2.5411881506443023e-05,1.7313985154032707e-05,6.810282981600284e-05,10,1.7874990589916706e-05,0,1.0,11.0,1095.0
predict,onxonnxruntime1,,,1,200,3,10,1,2.411985769867897e-05,7.976801134645939e-05,2.4552922695875168e-05,2.53401231020689e-05,3.064561169594526e-05,2.411985769867897e-05,6.284513863292216e-05,10,2.4898559786379337e-05,0,1.0,11.0,1095.0
predict,skl,1.0,15.0,10,200,3,10,1,4.841014742851257e-05,6.718211807310581e-05,4.871212877333164e-05,5.30988909304142e-05,5.202530883252621e-05,4.841014742851257e-05,6.312374126463797e-05,10,4.902889486402273e-05,0,,,
predict,onxpython,,,10,200,3,10,1,1.881108619272709e-05,6.727408617734909e-05,1.9039958715438843e-05,2.0001083612442017e-05,2.434581983834505e-05,1.881108619272709e-05,5.245627003607261e-05,10,1.9269995391368866e-05,0,1.0,11.0,1095.0
predict,onxonnxruntime1,,,10,200,3,10,1,2.8783921152353287e-05,4.289112985134125e-05,2.922886051237583e-05,3.0071940273046494e-05,3.0966801568865775e-05,2.8783921152353287e-05,3.906451489701801e-05,10,2.9294518753886223e-05,0,1.0,11.0,1095.0
predict,skl,1.0,15.0,100,200,3,10,1,6.19138590991497e-05,7.887999527156353e-05,6.239302456378937e-05,6.49159774184227e-05,6.505986675620079e-05,6.19138590991497e-05,7.504271949065e-05,10,6.276101339608431e-05,0,,,
predict,onxpython,,,100,200,3,10,1,3.2570911571383476e-05,7.756915874779224e-05,3.278697840869427e-05,3.365497104823589e-05,3.7715118378400805e-05,3.2570911571383476e-05,6.380744432698796e-05,10,3.310199826955795e-05,0,1.0,11.0,1095.0
predict,onxonnxruntime1,,,100,200,3,10,1,7.06829596310854e-05,8.232798427343369e-05,7.12159089744091e-05,7.431395351886749e-05,7.319210562855006e-05,7.06829596310854e-05,7.974874918072873e-05,10,7.146445568650961e-05,0,1.0,11.0,1095.0
predict,skl,1.0,15.0,1000,200,3,10,1,0.00020682299509644508,0.000400780001655221,0.00021247495897114277,0.00023404788225889206,0.0002377328695729375,0.00020682299509644508,0.0003462031989640866,10,0.00021648802794516087,0,,,
predict,onxpython,,,1000,200,3,10,1,0.0001675661187618971,0.000255875987932086,0.00016909907571971416,0.00017277197912335396,0.0001788801746442914,0.0001675661187618971,0.00022930867767963247,10,0.00017093692440539598,0,1.0,11.0,1095.0
predict,onxonnxruntime1,,,1000,200,3,10,1,0.00045473105274140835,0.0005437179934233427,0.00045762001536786556,0.0005186281632632017,0.0004855376435443759,0.00045473105274140835,0.0005437179934233427,10,0.0004741086158901453,0,1.0,11.0,1095.0
predict,skl,1.0,2025.0,1,200,10,10,1,4.7181034460663795e-05,0.00011478178203105927,4.8304907977581024e-05,5.277502350509167e-05,5.640024319291115e-05,4.7181034460663795e-05,9.487179050800341e-05,10,4.9513415433466434e-05,0,,,
predict,onxpython,,,1,200,10,10,1,1.8701190128922462e-05,8.789985440671444e-05,1.89170241355896e-05,2.0005041733384132e-05,2.6249117217957975e-05,1.8701190128922462e-05,6.656817152559146e-05,10,1.9089551642537117e-05,0,1.0,11.0,79574.0
predict,onxonnxruntime1,,,1,200,10,10,1,2.559390850365162e-05,7.412396371364594e-05,2.5935936719179153e-05,2.7200905606150627e-05,3.127104137092829e-05,2.559390850365162e-05,5.938429501183253e-05,10,2.60575907304883e-05,0,1.0,11.0,79574.0
predict,skl,1.0,2025.0,10,200,10,10,1,5.058501847088337e-05,7.011508569121361e-05,5.108094774186611e-05,5.4462114349007607e-05,5.4916180670261386e-05,5.058501847088337e-05,6.809339168696189e-05,10,5.124881863594055e-05,0,,,
predict,onxpython,,,10,200,10,10,1,2.0753126591444016e-05,6.803683936595917e-05,2.1388055756688118e-05,2.2782012820243835e-05,2.6565813459455968e-05,2.0753126591444016e-05,5.375096085677687e-05,10,2.1570012904703617e-05,0,1.0,11.0,79574.0
predict,onxonnxruntime1,,,10,200,10,10,1,3.426591865718365e-05,4.8462999984622e-05,3.445008769631386e-05,3.57581302523613e-05,3.6722258664667605e-05,3.426591865718365e-05,4.5026822845180074e-05,10,3.506953362375498e-05,0,1.0,11.0,79574.0
predict,skl,1.0,2025.0,100,200,10,10,1,7.167505100369453e-05,9.273807518184185e-05,7.30839092284441e-05,7.693609222769737e-05,7.637280505150557e-05,7.167505100369453e-05,8.798653841949419e-05,10,7.450103294104338e-05,0,,,
predict,onxpython,,,100,200,10,10,1,3.723497502505779e-05,8.846493437886238e-05,3.8176076486706734e-05,4.044594243168831e-05,4.399598110467195e-05,3.723497502505779e-05,7.318117907579449e-05,10,3.8610538467764854e-05,0,1.0,11.0,79574.0
predict,onxonnxruntime1,,,100,200,10,10,1,9.558419696986675e-05,0.00012141792103648186,9.74040012806654e-05,0.0001016790047287941,0.00010142531245946885,9.558419696986675e-05,0.00011568852116948877,10,9.950995445251465e-05,0,1.0,11.0,79574.0
predict,skl,1.0,2025.0,1000,200,10,10,1,0.0002752698492258787,0.0004818611778318882,0.0002812701277434826,0.00030430383048951626,0.0003080081893131137,0.0002752698492258787,0.0004234580145974304,10,0.00028658495284616947,0,,,
predict,onxpython,,,1000,200,10,10,1,0.0001937979832291603,0.0002970381174236536,0.00019815191626548767,0.00020379293709993362,0.0002098568482324481,0.0001937979832291603,0.0002674579647205061,10,0.00019946286920458078,0,1.0,11.0,79574.0
predict,onxonnxruntime1,,,1000,200,10,10,1,0.0006038770079612732,0.0008232509717345238,0.0006147280801087618,0.0006642041262239218,0.0006526290439069271,0.0006038770079612732,0.0007764303083210886,10,0.0006349110044538975,0,1.0,11.0,79574.0
predict,skl,1.0,138959.0,1,200,20,10,1,4.967814311385155e-05,0.00012969295494258404,5.122995935380459e-05,5.780602805316448e-05,6.168792024254798e-05,4.967814311385155e-05,0.0001070930940135071,10,5.336501635611057e-05,0,,,
predict,onxpython,,,1,200,20,10,1,1.96180772036314e-05,9.384891018271446e-05,2.0019011572003365e-05,2.1571991965174675e-05,2.8169481083750725e-05,1.96180772036314e-05,7.121233326517534e-05,10,2.0353938452899456e-05,0,1.0,11.0,5750904.0
predict,onxonnxruntime1,,,1,200,20,10,1,2.647191286087036e-05,7.989397272467613e-05,2.706097438931465e-05,2.8564129024744034e-05,3.33515927195549e-05,2.647191286087036e-05,6.408905939092282e-05,10,2.757448237389326e-05,0,1.0,11.0,5750904.0
predict,skl,1.0,138959.0,10,200,20,10,1,5.577621050179005e-05,7.765903137624264e-05,5.789985880255699e-05,6.0634920373559e-05,6.057512946426869e-05,5.577621050179005e-05,7.282505109081687e-05,10,5.8071454986929893e-05,0,,,
predict,onxpython,,,10,200,20,10,1,2.3925909772515297e-05,7.177609950304031e-05,2.488400787115097e-05,2.895807847380638e-05,3.0731456354260446e-05,2.3925909772515297e-05,5.7999101627565424e-05,10,2.5396468117833138e-05,0,1.0,11.0,5750904.0
predict,onxonnxruntime1,,,10,200,20,10,1,4.457705654203892e-05,6.213085725903511e-05,4.626414738595486e-05,4.804995842278004e-05,4.887657705694437e-05,4.457705654203892e-05,5.936898792400591e-05,10,4.725845064967871e-05,0,1.0,11.0,5750904.0
predict,skl,1.0,138959.0,100,200,20,10,1,0.00011115800589323044,0.00014840206131339073,0.0001134839840233326,0.00011972198262810707,0.0001185376662760973,0.00011115800589323044,0.00013903176133006232,10,0.00011528003960847855,0,,,
predict,onxpython,,,100,200,20,10,1,6.194715388119221e-05,0.00011699902825057507,6.35320320725441e-05,6.759003736078739e-05,7.015583105385303e-05,6.194715388119221e-05,0.00010108368627293344,10,6.49505527690053e-05,0,1.0,11.0,5750904.0
predict,onxonnxruntime1,,,100,200,20,10,1,0.00016835099086165428,0.00022052880376577377,0.0001815538853406906,0.0001896850299090147,0.0001852557063102722,0.00016835099086165428,0.00021215570410925327,10,0.00018344749696552753,0,1.0,11.0,5750904.0
predict,skl,1.0,138959.0,1000,200,20,10,1,0.000494405860081315,0.0008392601739615202,0.0005012610927224159,0.0005459499079734087,0.000552208605222404,0.000494405860081315,0.0007471612062396523,10,0.0005158735439181328,0,,,
predict,onxpython,,,1000,200,20,10,1,0.0003412039950489998,0.0004962040111422539,0.00034802895970642567,0.0003651680890470743,0.00036808780860155823,0.0003412039950489998,0.00045456660734548445,10,0.00034923001658171415,0,1.0,11.0,5750904.0
predict,onxonnxruntime1,,,1000,200,20,10,1,0.0011596048716455698,0.0016041321214288473,0.0011674219276756048,0.001194625860080123,0.0012273739324882627,0.0011596048716455698,0.0014853663846090114,10,0.001169082592241466,0,1.0,11.0,5750904.0
