N,count,dim,lib,lower,max,max3,mean,median,min,min3,nbnode,number,repeat,upper
1,20,1,ort,2.9118265956640244e-05,9.742984548211098e-05,3.0371826142072678e-05,3.303957637399435e-05,2.942257560789585e-05,2.9118265956640244e-05,2.9254239052534103e-05,1,2,20,6.203142090432951e-05
1,20,1,npy,1.4708377420902252e-05,2.5067944079637527e-05,1.518474891781807e-05,1.541196834295988e-05,1.4853430911898613e-05,1.4708377420902252e-05,1.478521153330803e-05,1,2,20,1.9768543984385486e-05
100,20,1,ort,3.13357450067997e-05,5.2438583225011826e-05,3.461586311459541e-05,3.330009058117866e-05,3.189593553543091e-05,3.13357450067997e-05,3.135623410344124e-05,1,2,20,4.2199967433834635e-05
100,20,1,npy,1.261197030544281e-05,2.0812731236219406e-05,1.350371167063713e-05,1.330929808318615e-05,1.2762611731886864e-05,1.261197030544281e-05,1.2653879821300507e-05,1,2,20,1.674403216785139e-05
1000,20,1,ort,4.660710692405701e-05,6.715301424264908e-05,4.8389192670583725e-05,4.8900116235017775e-05,4.794797860085964e-05,4.660710692405701e-05,4.769209772348404e-05,1,2,20,5.720213740836374e-05
1000,20,1,npy,1.67209655046463e-05,4.525994881987572e-05,2.402300015091896e-05,1.9267178140580653e-05,1.7021549865603447e-05,1.67209655046463e-05,1.6916077584028244e-05,1,2,20,3.185585198467868e-05
10000,20,1,ort,0.00021180696785449982,0.00024181324988603592,0.00023428909480571747,0.0002191940788179636,0.0002137194387614727,0.00021180696785449982,0.00021218694746494293,1,2,20,0.0002387620370193959
10000,20,1,npy,5.418388172984123e-05,6.396230310201645e-05,6.06500543653965e-05,5.5895093828439714e-05,5.484255962073803e-05,5.418388172984123e-05,5.4327305406332016e-05,1,2,20,6.16925401384684e-05
1,20,1,ort,3.0030962079763412e-05,5.8338046073913574e-05,3.100419417023659e-05,3.2045925036072734e-05,3.052013926208019e-05,3.0030962079763412e-05,3.039417788386345e-05,2,2,20,4.393182128278155e-05
1,20,1,npy,2.329191192984581e-05,3.180699422955513e-05,2.3724976927042007e-05,2.3903418332338332e-05,2.3455824702978134e-05,2.329191192984581e-05,2.3373868316411972e-05,2,2,20,2.7467894641486212e-05
100,20,1,ort,3.479793667793274e-05,5.239201709628105e-05,3.589596599340439e-05,3.6206631921231744e-05,3.524147905409336e-05,3.479793667793274e-05,3.495486453175545e-05,2,2,20,4.358183187372565e-05
100,20,1,npy,2.102786675095558e-05,2.887984737753868e-05,2.1453946828842163e-05,2.1641282364726068e-05,2.1257437765598297e-05,2.102786675095558e-05,2.1127983927726746e-05,2,2,20,2.4908870406842382e-05
1000,20,1,ort,6.657792255282402e-05,8.561043068766594e-05,7.678382098674774e-05,7.044926751405e-05,6.782100535929203e-05,6.657792255282402e-05,6.723497062921524e-05,2,2,20,8.083009824186119e-05
1000,20,1,npy,2.850918099284172e-05,3.792811185121536e-05,3.584800288081169e-05,3.009976353496313e-05,2.888753078877926e-05,2.850918099284172e-05,2.863677218556404e-05,2,2,20,3.5900298784648165e-05
10000,20,1,ort,0.00038515543565154076,0.0004341369494795799,0.000411441083997488,0.0003982899710536003,0.00039312848821282387,0.00038515543565154076,0.0003864630125463009,2,2,20,0.00042440821375407974
10000,20,1,npy,9.572086855769157e-05,0.00011321622878313065,0.00010533910244703293,9.918240830302239e-05,9.636697359383106e-05,9.572086855769157e-05,9.581213817000389e-05,2,2,20,0.00010899411096582412
1,20,1,ort,3.1052157282829285e-05,5.98677434027195e-05,3.9507169276475906e-05,3.3760908991098404e-05,3.134412690997124e-05,3.1052157282829285e-05,3.1194183975458145e-05,3,2,20,4.65337960507183e-05
1,20,1,npy,3.164820373058319e-05,3.9977021515369415e-05,3.2732728868722916e-05,3.313473425805569e-05,3.247614949941635e-05,3.164820373058319e-05,3.2253097742795944e-05,3,2,20,3.743249302933905e-05
100,20,1,ort,3.7393998354673386e-05,6.673531606793404e-05,4.625692963600159e-05,4.076138138771057e-05,3.7939054891467094e-05,3.7393998354673386e-05,3.762589767575264e-05,3,2,20,5.5159218540008855e-05
100,20,1,npy,2.880999818444252e-05,3.6351848393678665e-05,2.9216986149549484e-05,2.939593978226185e-05,2.90614552795887e-05,2.880999818444252e-05,2.8845854103565216e-05,3,2,20,3.253678152610901e-05
1000,20,1,ort,8.350936695933342e-05,0.00010540895164012909,9.299302473664284e-05,8.735719602555036e-05,8.502812124788761e-05,8.350936695933342e-05,8.43382440507412e-05,3,2,20,9.764788416394473e-05
1000,20,1,npy,3.981078043580055e-05,4.928233101963997e-05,4.757801070809364e-05,4.145877901464701e-05,4.026549868285656e-05,3.981078043580055e-05,3.9940234273672104e-05,3,2,20,4.732425276051623e-05
10000,20,1,ort,0.0005440041422843933,0.0006194659508764744,0.0005987817421555519,0.0005695802858099342,0.000564132584258914,0.0005440041422843933,0.000546175055205822,3,2,20,0.000610046222604118
10000,20,1,npy,0.0001357109285891056,0.00016379589214920998,0.00015579629689455032,0.0001423343550413847,0.00013900990597903728,0.0001357109285891056,0.00013635912910103798,3,2,20,0.00015930058329822046
1,20,1,ort,3.4085940569639206e-05,6.650574505329132e-05,3.4578144550323486e-05,3.604120574891567e-05,3.433483652770519e-05,3.4085940569639206e-05,3.4188851714134216e-05,5,2,20,4.9780307713720384e-05
1,20,1,npy,4.872633144259453e-05,7.552420720458031e-05,5.671009421348572e-05,5.2018999122083186e-05,5.0305621698498726e-05,4.872633144259453e-05,4.903320223093033e-05,5,2,20,6.376460606722578e-05
100,20,1,ort,4.270905628800392e-05,6.282702088356018e-05,4.3567270040512085e-05,4.420203622430563e-05,4.3116044253110886e-05,4.270905628800392e-05,4.293397068977356e-05,5,2,20,5.2637340705121014e-05
100,20,1,npy,4.390021786093712e-05,5.1727984100580215e-05,4.46089543402195e-05,4.4662272557616234e-05,4.4282758608460426e-05,4.390021786093712e-05,4.406226798892021e-05,5,2,20,4.787084496524066e-05
1000,20,1,ort,0.00011820066720247269,0.00014156103134155273,0.00012987200170755386,0.00012323972769081592,0.00012074271216988564,0.00011820066720247269,0.00011967262253165245,5,2,20,0.00013466140458891758
1000,20,1,npy,6.097601726651192e-05,8.664513006806374e-05,7.027527317404747e-05,6.42833299934864e-05,6.197742186486721e-05,6.097601726651192e-05,6.144586950540543e-05,5,2,20,7.60267219056215e-05
10000,20,1,ort,0.0008879005908966064,0.0009673810563981533,0.0009405319578945637,0.0009218906052410603,0.0009220556821674109,0.0008879005908966064,0.0009055356495082378,5,2,20,0.0009570319378383337
10000,20,1,npy,0.00021571898832917213,0.00023768097162246704,0.00022641709074378014,0.000222668144851923,0.00022184965200722218,0.00021571898832917213,0.00022125383839011192,5,2,20,0.00023153612676863879
1,20,1,ort,3.824988380074501e-05,7.23949633538723e-05,3.919564187526703e-05,4.0799984708428384e-05,3.85562889277935e-05,3.824988380074501e-05,3.839191049337387e-05,10,2,20,5.571443727434473e-05
1,20,1,npy,9.407289326190948e-05,0.00010382011532783508,9.548710659146309e-05,9.527436923235655e-05,9.480258449912071e-05,9.407289326190948e-05,9.435275569558144e-05,10,2,20,9.918959536981056e-05
100,20,1,ort,5.3072813898324966e-05,8.265906944870949e-05,6.422912701964378e-05,5.800179205834865e-05,5.4762931540608406e-05,5.3072813898324966e-05,5.400506779551506e-05,10,2,20,7.347261428661774e-05
100,20,1,npy,7.952284067869186e-05,8.91578383743763e-05,8.84481705725193e-05,8.203370962291955e-05,8.016754873096943e-05,7.952284067869186e-05,7.993215695023537e-05,10,2,20,8.887903774759608e-05
1000,20,1,ort,0.00019514095038175583,0.00027403421700000763,0.00022967485710978508,0.0002163198310881853,0.0002107142936438322,0.00019514095038175583,0.00020497990772128105,10,2,20,0.00024987891742970586
1000,20,1,npy,0.00011718505993485451,0.00013607600703835487,0.00012711016461253166,0.00012044850736856461,0.0001183787826448679,0.00011718505993485451,0.00011804699897766113,10,2,20,0.00012982600818977832
10000,20,1,ort,0.0017153263818415116,0.0018909410573542118,0.0018232492730021477,0.001793266413733363,0.0017956714145839214,0.0017116162925958633,0.001753032673150301,10,2,20,0.0018712064456252145
10000,20,1,npy,0.00041581690311431885,0.0004698261618614197,0.0004414808936417103,0.0004293125122785568,0.00042678345926105976,0.00041581690311431885,0.0004161442629992962,10,2,20,0.00045826257722057675
1,20,1,ort,7.362663745880127e-05,0.00012830598279833794,7.570115849375725e-05,7.766121998429299e-05,7.400545291602612e-05,7.362663745880127e-05,7.384084165096283e-05,50,2,20,0.00010161362016193509
1,20,1,npy,0.00042569776996970177,0.00046692928299307823,0.000452991109341383,0.0004397465847432613,0.00043660146184265614,0.00042569776996970177,0.0004293331876397133,50,2,20,0.0004620395548855677
100,20,1,ort,0.00015256181359291077,0.0002033039927482605,0.00017660902813076973,0.00016215455252677202,0.00015861750580370426,0.00015256181359291077,0.0001531168818473816,50,2,20,0.00018542395072226252
100,20,1,npy,0.00037085311487317085,0.0004002787172794342,0.00039328495040535927,0.0003825689433142543,0.0003788778558373451,0.00037085311487317085,0.000374592375010252,50,2,20,0.0004001604355476743
1000,20,1,ort,0.0009156999023933475,0.0010007056407630444,0.0009890440851449966,0.0009587520500645042,0.0009558773599565029,0.0009138770401477814,0.0009394180960953236,50,2,20,0.0010007056407630444
1000,20,1,npy,0.000547691248357296,0.0005937651731073856,0.0005791601724922657,0.0005667612655088306,0.0005658306181430817,0.000547691248357296,0.0005545420572161674,50,2,20,0.0005908441181175716
10000,20,1,ort,0.008750919952964757,0.008903415873646736,0.008881522342562675,0.00882616643793881,0.008826216449961066,0.00874232780188322,0.00878125336021185,50,2,20,0.008901412922912863
10000,20,1,npy,0.002037059050053358,0.0020863241516053677,0.0020724739879369736,0.0020580742275342345,0.002058216603472829,0.002037059050053358,0.002040805295109749,50,2,20,0.0020850825199580157
1,20,1,ort,0.00011886004358530045,0.00020747585222125053,0.0001285206526517868,0.0001271529123187065,0.0001222535502165556,0.00011886004358530045,0.00012192316353321075,100,2,20,0.00016356763987757818
1,20,1,npy,0.0008433018811047077,0.0009022019803524017,0.0008913641795516014,0.0008662304375320673,0.0008622584864497185,0.0008433018811047077,0.0008497689850628376,100,2,20,0.0008999995875377583
100,20,1,ort,0.0002762828953564167,0.0003535510040819645,0.0003053429536521435,0.0002953409682959318,0.00028728856705129147,0.0002762828953564167,0.00028657587245106697,100,2,20,0.00033027924242478364
100,20,1,npy,0.0007172529585659504,0.0007549128495156765,0.0007497002370655537,0.0007378250593319535,0.0007392431143671274,0.0007172529585659504,0.0007226229645311832,100,2,20,0.0007549128495156765
1000,20,1,ort,0.001847275998443365,0.0019107949919998646,0.0018982063047587872,0.0018771066330373286,0.001870025647804141,0.001847275998443365,0.001865179743617773,100,2,20,0.0019083370632337602
1000,20,1,npy,0.0011060540564358234,0.0011571189388632774,0.0011241729371249676,0.0011171461781486868,0.0011131064966320992,0.0011060540564358234,0.0011093057692050934,100,2,20,0.0011401492337482653
10000,20,1,ort,0.017378634619852236,0.017674597911536694,0.017637350130826235,0.017544937808997928,0.017547420458868146,0.01735719107091427,0.017461480107158422,100,2,20,0.017674597911536694
10000,20,1,npy,0.004067967180162668,0.004201686009764671,0.004149317741394043,0.004118630895391107,0.004112421302124858,0.004067967180162668,0.004096725024282932,100,2,20,0.004171798824244953
1,20,1,ort,0.00016416888684034348,0.0002936460077762604,0.00018277205526828766,0.0001751259667798877,0.00016480125486850739,0.00016416888684034348,0.0001644231379032135,150,2,20,0.00023044559866307335
1,20,1,npy,0.0012682080268859863,0.001342852134257555,0.0013085068203508854,0.001290500513277948,0.0012866966426372528,0.0012682080268859863,0.0012716557830572128,150,2,20,0.0013266927401413343
100,20,1,ort,0.00041689490899443626,0.0005183843895792961,0.00044134631752967834,0.00043061021715402604,0.0004187964368611574,0.00041689490899443626,0.00041735870763659477,150,2,20,0.0004746028143295719
100,20,1,npy,0.0010734680108726025,0.001123187132179737,0.0011131418868899345,0.0010919650783762335,0.001089140772819519,0.0010734680108726025,0.001082331407815218,150,2,20,0.0011171967394663826
1000,20,1,ort,0.0027726851403713226,0.0028442502953112125,0.0028098667971789837,0.0027967037400230764,0.002791389124467969,0.0027726851403713226,0.002783193252980709,150,2,20,0.0028283331072646253
1000,20,1,npy,0.001654190942645073,0.001726612914353609,0.00171311991289258,0.001687842677347362,0.0016921116039156914,0.001654190942645073,0.0016619549132883549,150,2,20,0.001726612914353609
10000,20,1,ort,0.026205861798750906,0.026595384813845158,0.026477565988898277,0.026409670151770114,0.0264159447979182,0.026031976100057364,0.026374536100775003,150,2,20,0.026595384813845158
10000,20,1,npy,0.006105855107307434,0.006232910789549351,0.006177626084536314,0.006145918974652886,0.006138076074421406,0.006105855107307434,0.006112205795943737,150,2,20,0.006213184973304047
1,20,1,ort,0.00020929193124175072,0.00036976533010602,0.00022079702466726303,0.00022399567533284425,0.00021553807891905308,0.00020929193124175072,0.0002152351662516594,200,2,20,0.00029037952848446854
1,20,1,npy,0.0016833152621984482,0.0017441678792238235,0.001733807846903801,0.0017146010184660553,0.001712797675281763,0.0016833152621984482,0.0016962611116468906,200,2,20,0.0017441678792238235
100,20,1,ort,0.0005450751632452011,0.0006605470553040504,0.0005691461265087128,0.0005635935580357909,0.0005630136001855135,0.0005450751632452011,0.0005458858795464039,200,2,20,0.0006130104762330472
100,20,1,npy,0.0014223637990653515,0.0014827828854322433,0.0014717280864715576,0.0014478986850008368,0.0014446345157921314,0.0014223637990653515,0.001425894908607006,200,2,20,0.0014827828854322433
1000,20,1,ort,0.003694926706414601,0.0037539592012763023,0.0037454930134117603,0.0037262629950419067,0.003728936892002821,0.0036939186975359917,0.0037122149951756,200,2,20,0.0037539592012763023
1000,20,1,npy,0.0021770778112113476,0.002281283028423786,0.0022202287800610065,0.0022035917732864617,0.0022013019770383835,0.0021770778112113476,0.002187618985772133,200,2,20,0.0022469598489687557
10000,20,1,ort,0.035070023569415625,0.03531105909496546,0.035289185121655464,0.03521379721350968,0.035226940643042326,0.03502170415595174,0.035150197334587574,200,2,20,0.03531105909496546
10000,20,1,npy,0.008128051180392504,0.008310682140290737,0.008256626781076193,0.008181903208605946,0.00816921447403729,0.008128051180392504,0.008140747901052237,200,2,20,0.008277038217340637
1,20,1,ort,0.0002547288313508034,0.0004556579515337944,0.0002875900827348232,0.0002741918200626969,0.00026264158077538013,0.0002547288313508034,0.0002551693469285965,250,2,20,0.0003579816757261099
1,20,1,npy,0.0021132640540599823,0.0022322293370962143,0.0021787192672491074,0.0021535801934078336,0.0021471704822033644,0.0021132640540599823,0.002134055830538273,250,2,20,0.002205471490842367
100,20,1,ort,0.0006695808842778206,0.0008682818152010441,0.00072091119363904,0.0007089757593348623,0.0006947314832359552,0.0006695808842778206,0.0006769080646336079,250,2,20,0.0007943149361126908
100,20,1,npy,0.0017628343775868416,0.0018989751115441322,0.0018727900460362434,0.001808665134012699,0.0017975205555558205,0.0017628343775868416,0.0017825509421527386,250,2,20,0.001879972705481903
1000,20,1,ort,0.004617017228156328,0.004805789329111576,0.004655473865568638,0.004646236426196992,0.004635704914107919,0.004617017228156328,0.004630046896636486,250,2,20,0.004721593671506516
1000,20,1,npy,0.002725986298173666,0.002798801753669977,0.0027655232697725296,0.0027521638432517646,0.002746792044490576,0.002725986298173666,0.002734201028943062,250,2,20,0.0027879749247904733
10000,20,1,ort,0.043610980836695075,0.044566544238477945,0.04423867119476199,0.04407591051422059,0.04409337625838816,0.04328210232779384,0.043961633928120136,250,2,20,0.04454084019174611
10000,20,1,npy,0.010226943995803595,0.010449137073010206,0.010361041873693466,0.010297016520053149,0.010281218914315104,0.010226943995803595,0.010252725798636675,250,2,20,0.010403352021351718
1,20,1,ort,0.0003007231280207634,0.0005501294508576393,0.00033608125522732735,0.0003228062530979514,0.00030973157845437527,0.0003007231280207634,0.00030141789466142654,300,2,20,0.00042712409009381443
1,20,1,npy,0.002539240289479494,0.0026151961646974087,0.002589828334748745,0.0025747101055458186,0.0025774945970624685,0.002539240289479494,0.0025581959635019302,300,2,20,0.002613454942021718
100,20,1,ort,0.0008051036857068539,0.001153167337179184,0.000844564288854599,0.0008418361656367778,0.0008239469025284052,0.0008051036857068539,0.0008219368755817413,300,2,20,0.0009828956741757097
100,20,1,npy,0.0021539158187806606,0.002224365249276161,0.002205261029303074,0.00218226769939065,0.002173125045374036,0.0021539158187806606,0.0021663913503289223,300,2,20,0.0022230028390425355
1000,20,1,ort,0.00554168876260519,0.005862412042915821,0.005597142037004232,0.00559392236173153,0.005577401025220752,0.00554168876260519,0.005559741985052824,300,2,20,0.005725210325344843
1000,20,1,npy,0.0033120010048151016,0.0033723381347954273,0.003351499792188406,0.0033386155497282743,0.003338491078466177,0.0033120010048151016,0.0033251740969717503,300,2,20,0.003366827055214888
10000,20,1,ort,0.05279307812452316,0.053274129051715136,0.05312215443700552,0.052981312130577864,0.052968998439610004,0.05279307812452316,0.05285342410206795,300,2,20,0.05321665366037104
10000,20,1,npy,0.012233763001859188,0.012397459708154202,0.01236470090225339,0.012315512448549271,0.012320640496909618,0.012233763001859188,0.012259002774953842,300,2,20,0.012397459708154202
1,20,10,ort,2.932874485850334e-05,8.429819718003273e-05,3.076903522014618e-05,3.2577174715697764e-05,2.967403270304203e-05,2.932874485850334e-05,2.9434915632009506e-05,1,2,20,5.5893307170237964e-05
1,20,10,npy,1.2327916920185089e-05,2.0635314285755157e-05,1.2722332030534744e-05,1.2925779446959496e-05,1.2477394193410873e-05,1.2327916920185089e-05,1.237913966178894e-05,1,2,20,1.641754644424887e-05
100,20,10,ort,4.5347027480602264e-05,6.698910146951675e-05,5.5977143347263336e-05,5.0633540377020835e-05,4.831189289689064e-05,4.5347027480602264e-05,4.684599116444588e-05,1,2,20,6.208182090655712e-05
100,20,10,npy,2.1816696971654892e-05,3.079790621995926e-05,3.036530688405037e-05,2.3725489154458045e-05,2.1985499188303947e-05,2.1816696971654892e-05,2.1857675164937973e-05,1,2,20,3.03470568925305e-05
1000,20,10,ort,0.00019685691222548485,0.00024420116096735,0.00023230630904436111,0.0002164632547646761,0.00021269498392939568,0.00019685691222548485,0.00020987819880247116,1,2,20,0.00024081478414184488
1000,20,10,npy,9.377161040902138e-05,0.00011293403804302216,0.00010884320363402367,9.688569698482752e-05,9.418372064828873e-05,9.377161040902138e-05,9.38749872148037e-05,1,2,20,0.00010859750953087994
10000,20,10,ort,0.001851470209658146,0.0021441220305860043,0.0018952460959553719,0.0018897514790296554,0.0018798753153532743,0.001851470209658146,0.0018604137003421783,1,2,20,0.002007035002152649
10000,20,10,npy,0.0007424061186611652,0.0007894858717918396,0.000778926070779562,0.0007622454082593322,0.0007627550512552261,0.0007424061186611652,0.0007460899651050568,1,2,20,0.000788616436690691
1,20,10,ort,3.0671246349811554e-05,8.062180131673813e-05,4.044780507683754e-05,3.644782118499279e-05,3.1210482120513916e-05,3.0671246349811554e-05,3.0943192541599274e-05,2,2,20,6.0011908579188765e-05
1,20,10,npy,1.9534025341272354e-05,2.8184615075588226e-05,2.013193443417549e-05,2.067240420728922e-05,1.987139694392681e-05,1.9534025341272354e-05,1.977803185582161e-05,2,2,20,2.5387481115283073e-05
100,20,10,ort,6.92540779709816e-05,8.751824498176575e-05,7.110321894288063e-05,7.091953884810209e-05,6.981031037867069e-05,6.92540779709816e-05,6.947992369532585e-05,2,2,20,7.85349058049141e-05
100,20,10,npy,3.7555117160081863e-05,5.3551048040390015e-05,4.803994670510292e-05,4.102445673197508e-05,3.893882967531681e-05,3.7555117160081863e-05,3.778096288442612e-05,2,2,20,5.010719445294188e-05
1000,20,10,ort,0.0003800620324909687,0.000425947830080986,0.0004017888568341732,0.00039321181830018757,0.0003870336804538965,0.0003800620324909687,0.00038184691220521927,2,2,20,0.00041922128956314506
1000,20,10,npy,0.00017534708604216576,0.0002032620832324028,0.00019434839487075806,0.00018105173949152232,0.0001771992538124323,0.00017534708604216576,0.00017594685778021812,2,2,20,0.00019688159800564
10000,20,10,ort,0.003575416747480631,0.003825719002634287,0.0036464231088757515,0.003626647498458624,0.0036197525914758444,0.003575416747480631,0.003599075134843588,2,2,20,0.003726209674525056
10000,20,10,npy,0.0014453800395131111,0.0015313690528273582,0.0014958498068153858,0.0014658634085208178,0.00145335728302598,0.0014453800395131111,0.0014471979811787605,2,2,20,0.0015119403633463374
1,20,10,ort,3.305496647953987e-05,8.549820631742477e-05,3.3810269087553024e-05,3.604586236178875e-05,3.32854688167572e-05,3.305496647953987e-05,3.311922773718834e-05,3,2,20,5.8308931585728695e-05
1,20,10,npy,2.6633962988853455e-05,3.546709194779396e-05,2.74009071290493e-05,2.750614657998085e-05,2.7050962671637535e-05,2.6633962988853455e-05,2.6926863938570023e-05,3,2,20,3.1117100177452075e-05
100,20,10,ort,8.275965228676796e-05,0.000112093985080719,0.00010303920134902,8.971593342721462e-05,8.57857521623373e-05,8.275965228676796e-05,8.427118882536888e-05,3,2,20,0.00010628671017517118
100,20,10,npy,5.264719948172569e-05,6.273481994867325e-05,6.180675700306892e-05,5.45300543308258e-05,5.321553908288479e-05,5.264719948172569e-05,5.2960123866796494e-05,3,2,20,6.08911781714618e-05
1000,20,10,ort,0.0005229488015174866,0.000596201978623867,0.0005874508060514927,0.0005607787286862731,0.0005629993975162506,0.0005229488015174866,0.0005381186492741108,3,2,20,0.000596201978623867
1000,20,10,npy,0.00025511113926768303,0.00028281286358833313,0.0002755499444901943,0.0002631324576213956,0.0002584676258265972,0.00025511113926768303,0.0002556629478931427,3,2,20,0.000280517613398647
10000,20,10,ort,0.005187582654986634,0.0055809239856898785,0.005391641054302454,0.00534042976796627,0.005349856801331043,0.005185112822800875,0.005285842809826136,3,2,20,0.0054932768809459066
10000,20,10,npy,0.002137377392500639,0.0031364019960165024,0.0022853659465909004,0.002221641270443797,0.0021631731651723385,0.002137377392500639,0.002142174169421196,3,2,20,0.0026408090251229636
1,20,10,ort,3.588292747735977e-05,9.303726255893707e-05,3.6600977182388306e-05,3.912621177732944e-05,3.613810986280441e-05,3.588292747735977e-05,3.599515184760094e-05,5,2,20,6.340329824895472e-05
1,20,10,npy,4.2771920561790466e-05,5.301600322127342e-05,4.334375262260437e-05,4.400606267154217e-05,4.3057138100266457e-05,4.2771920561790466e-05,4.2866915464401245e-05,5,2,20,4.972944923085497e-05
100,20,10,ort,0.0001231832429766655,0.00016194768249988556,0.0001284717582166195,0.0001278617652133107,0.00012561818584799767,0.0001231832429766655,0.00012395065277814865,5,2,20,0.00014403682101285395
100,20,10,npy,8.628610521554947e-05,0.00010313326492905617,9.704707190394402e-05,8.927194867283105e-05,8.697970770299435e-05,8.628610521554947e-05,8.669309318065643e-05,5,2,20,9.854520347121889e-05
1000,20,10,ort,0.0008671567775309086,0.0010014860890805721,0.0009462982416152954,0.0009168629301711916,0.0009153378196060658,0.0008671567775309086,0.0008827568963170052,5,2,20,0.0009818018436488123
1000,20,10,npy,0.0004193233326077461,0.0004957881756126881,0.0004703640006482601,0.00045091218780726197,0.00044829840771853924,0.0004193233326077461,0.00043365638703107834,5,2,20,0.00048450565160079376
10000,20,10,ort,0.008662601932883263,0.009242261294275522,0.009185184724628925,0.00899342428892851,0.009061511605978012,0.008662601932883263,0.008861924055963755,5,2,20,0.009242261294275522
10000,20,10,npy,0.003564635757356882,0.0038139368407428265,0.0037604249082505703,0.003650711174122989,0.003609590930864215,0.003564635757356882,0.003575017210096121,5,2,20,0.0038055030405025185
1,20,10,ort,4.0046870708465576e-05,0.00010002404451370239,4.103826358914375e-05,4.3712160550057885e-05,4.065711982548237e-05,4.0046870708465576e-05,4.033185541629791e-05,10,2,20,6.908181221993395e-05
1,20,10,npy,7.736636325716972e-05,8.590938523411751e-05,7.826322689652443e-05,7.82861839979887e-05,7.787789218127728e-05,7.736636325716972e-05,7.76420347392559e-05,10,2,20,8.174768673947231e-05
100,20,10,ort,0.00020852219313383102,0.00026077311486005783,0.00024434132501482964,0.00022882658522576093,0.00022510741837322712,0.00020852219313383102,0.00021661771461367607,10,2,20,0.0002539292619577103
100,20,10,npy,0.0001603802666068077,0.00021899398416280746,0.000175348948687315,0.00017165893223136663,0.00017028744332492352,0.0001603802666068077,0.00016111601144075394,10,2,20,0.00019521061824623174
1000,20,10,ort,0.0017067277804017067,0.001913788728415966,0.0018426766619086266,0.0017942016012966633,0.001794343814253807,0.0017067277804017067,0.0017479080706834793,10,2,20,0.001896477319032536
1000,20,10,npy,0.0008263508789241314,0.0009202379733324051,0.0008978168480098248,0.0008669436909258365,0.0008643325418233871,0.0008263508789241314,0.0008410750888288021,10,2,20,0.0009157703174539419
10000,20,10,ort,0.017394726164638996,0.018153219018131495,0.018049716018140316,0.01775209701154381,0.017835919512435794,0.017394726164638996,0.017442163079977036,10,2,20,0.018153219018131495
10000,20,10,npy,0.0069852410815656185,0.007078184280544519,0.007055518217384815,0.007030326104722917,0.007022822042927146,0.0069852410815656185,0.007012266665697098,10,2,20,0.007076317562455546
1,20,10,ort,8.2461629062891e-05,0.00018498720601201057,9.12216491997242e-05,8.899136446416378e-05,8.292403072118759e-05,8.2461629062891e-05,8.262693881988525e-05,50,2,20,0.0001324826975579197
1,20,10,npy,0.0003491099923849106,0.00039931805804371834,0.0003724317066371441,0.0003612747183069587,0.0003531950060278177,0.0003491099923849106,0.0003502857871353626,50,2,20,0.0003862778757790296
100,20,10,ort,0.0008998607666320461,0.0009709992446005344,0.0009673032909631729,0.0009404618525877595,0.0009400181006640196,0.0008731619454920292,0.0009356639347970486,50,2,20,0.0009709992446005344
100,20,10,npy,0.0007521961815655231,0.0008010161109268665,0.0007994459010660648,0.0007765278453007341,0.000775069696828723,0.0007521961815655231,0.0007660682313144207,50,2,20,0.0008010161109268665
1000,20,10,ort,0.008652878423464787,0.008757256902754307,0.008738493081182241,0.008712419238872827,0.008719924837350845,0.00862676091492176,0.008683941327035427,50,2,20,0.008757256902754307
1000,20,10,npy,0.004084186162799597,0.004184134770184755,0.004143505357205868,0.004122438025660813,0.0041197005193680525,0.004084186162799597,0.0041077327914536,50,2,20,0.004162127116713695
10000,20,10,ort,0.08599509968689092,0.08696155389770865,0.08686500694602728,0.08652268645819276,0.08653382421471179,0.08571189129725099,0.08634168794378638,50,2,20,0.08696155389770865
10000,20,10,npy,0.034733346197754145,0.03493325924500823,0.03490859968587756,0.034842563117854296,0.03485087398439646,0.034733346197754145,0.034773158840835094,50,2,20,0.03493325924500823
1,20,10,ort,0.00013500917702913284,0.00025268085300922394,0.00013870606198906898,0.0001428102608770132,0.00013544782996177673,0.00013500917702913284,0.00013518426567316055,100,2,20,0.00019344433027963497
1,20,10,npy,0.0006838941952570492,0.0007336572743952274,0.0007307212799787521,0.0007107927231118083,0.0007100999355316162,0.0006802999414503574,0.000699005089700222,100,2,20,0.0007336572743952274
100,20,10,ort,0.0018248101696372032,0.0018923408351838589,0.0018702512606978416,0.0018484115600585938,0.001845355611294508,0.0018248101696372032,0.0018387529999017715,100,2,20,0.0018805593224460512
100,20,10,npy,0.0015183468349277973,0.0015927311033010483,0.001567599829286337,0.0015407852362841368,0.0015355024952441454,0.0015183468349277973,0.0015238518826663494,100,2,20,0.0015771846021069345
1000,20,10,ort,0.017285017762333155,0.017439675983041525,0.017392098903656006,0.01734988749958575,0.017345494823530316,0.017285017762333155,0.01730181323364377,100,2,20,0.017431333923533753
1000,20,10,npy,0.008220114142164158,0.008306360803544521,0.008291861973702908,0.00826500270050019,0.00826634862460196,0.008218960836529732,0.008244746830314398,100,2,20,0.008306360803544521
10000,20,10,ort,0.17213134886696935,0.17431166395545006,0.17330098012462258,0.17284610425122082,0.17280630790628493,0.17213134886696935,0.1723830341361463,100,2,20,0.17380984000739516
10000,20,10,npy,0.0694402540102601,0.07155434461310506,0.07131635723635554,0.07035262936260551,0.07030904502607882,0.0694402540102601,0.06949189817532897,100,2,20,0.07155434461310506
1,20,10,ort,0.00018438417464494705,0.00033476296812295914,0.00019599683582782745,0.00019864060450345278,0.00018998305313289165,0.00018438417464494705,0.00018972763791680336,150,2,20,0.00026090520643466675
1,20,10,npy,0.0010345620103180408,0.001104264985769987,0.0010731201618909836,0.0010595437372103334,0.0010569535661488771,0.0010345620103180408,0.0010465709492564201,150,2,20,0.0010893451085699408
100,20,10,ort,0.002730973996222019,0.002789245918393135,0.0027698231860995293,0.0027523218654096127,0.002751525491476059,0.002730973996222019,0.0027363826520740986,150,2,20,0.002780674037791066
100,20,10,npy,0.002330510877072811,0.0023908098228275776,0.0023793349973857403,0.00235950886271894,0.0023627581540495157,0.002330510877072811,0.002340851817280054,150,2,20,0.0023908098228275776
1000,20,10,ort,0.02586064616853061,0.026146813295781612,0.02609429322183132,0.026011825795285402,0.026025398401543498,0.025824766140431166,0.025958396960049868,150,2,20,0.026146813295781612
1000,20,10,npy,0.012312710750848055,0.012552366126328707,0.012463253922760487,0.01239079344086349,0.012376799015328288,0.012312710750848055,0.012341000139713287,150,2,20,0.012507977208396477
10000,20,10,ort,0.2588622570037842,0.2640034412033856,0.2634269311092794,0.26098290509544314,0.2610774284694344,0.2588622570037842,0.2589956852607429,150,2,20,0.2640034412033856
10000,20,10,npy,0.10431064711883664,0.1094980170018971,0.10783214215189219,0.10593303991481662,0.10564060532487929,0.10431064711883664,0.10443658335134387,150,2,20,0.10892451043237526
1,20,10,ort,0.00023504579439759254,0.0004094475880265236,0.0002679373137652874,0.00025500135961920023,0.00024244585074484348,0.00023504579439759254,0.00024183373898267746,200,2,20,0.00032682649110932986
1,20,10,npy,0.0013754209503531456,0.0014664530754089355,0.0014238408766686916,0.001407929277047515,0.0014044619165360928,0.0013754209503531456,0.0013927407562732697,200,2,20,0.001446462363718845
100,20,10,ort,0.0036516617983579636,0.003780475351959467,0.003701658919453621,0.0036820882698521016,0.0036768189165741205,0.0036516617983579636,0.0036621210165321827,200,2,20,0.0037375953721669945
100,20,10,npy,0.003051714040338993,0.0031282822601497173,0.003108649980276823,0.0030844179913401605,0.0030823664274066687,0.003051714040338993,0.003069058060646057,200,2,20,0.0031222793463142285
1000,20,10,ort,0.03440992720970559,0.03508309042081237,0.03496827790513635,0.034784436435438694,0.03477357071824372,0.034176727291196585,0.03473422210663557,200,2,20,0.03508309042081237
1000,20,10,npy,0.016517027281224728,0.016732756979763508,0.016679927241057158,0.01659639636054635,0.016577219357714057,0.016517027281224728,0.016533457208424807,200,2,20,0.01671720992407616
10000,20,10,ort,0.34517282620072365,0.3563795038498938,0.35186761198565364,0.34867858635261656,0.3481060990598053,0.34517282620072365,0.34573241183534265,200,2,20,0.3548567006453337
10000,20,10,npy,0.13867850275710225,0.14030653098598123,0.13999380078166723,0.1391449516406283,0.13895447389222682,0.13867850275710225,0.1387668470852077,200,2,20,0.14008101285175437
1,20,10,ort,0.000286805909126997,0.0004942705854773521,0.00031330808997154236,0.0003044489538297057,0.00028775143437087536,0.000286805909126997,0.0002870820462703705,250,2,20,0.0003919155584527827
1,20,10,npy,0.0017375461757183075,0.0018124738708138466,0.0017962250858545303,0.0017653088783845306,0.001764889108017087,0.0017375461757183075,0.0017441739328205585,250,2,20,0.001807662556170995
100,20,10,ort,0.004507334357617362,0.004620121791958809,0.004608948715031147,0.0045669749844819306,0.004562540911138058,0.004481060896068811,0.004548427648842335,250,2,20,0.004620121791958809
100,20,10,npy,0.0038376771844923496,0.003909463994204998,0.0039040851406753063,0.003873357060365379,0.0038719268050044775,0.0038376771844923496,0.003853416070342064,250,2,20,0.003909463994204998
1000,20,10,ort,0.04295788059979821,0.043520101346075535,0.04349534399807453,0.04333403441123664,0.04336483287625015,0.04257737612351775,0.043270688969641924,250,2,20,0.043520101346075535
1000,20,10,npy,0.020575254689902067,0.02095905877649784,0.02076652506366372,0.020701234857551754,0.020694730570539832,0.020575254689902067,0.020626349840313196,250,2,20,0.020867980997505763
10000,20,10,ort,0.4276363127666533,0.4390564770437777,0.4323680209927261,0.4322451478568837,0.4317513732239604,0.42730027018114924,0.43145606061443686,250,2,20,0.43685398294711414
10000,20,10,npy,0.17588277300819755,0.18013563007116318,0.17985543562099338,0.17691955799236894,0.1762427445501089,0.17588277300819755,0.1760556921362877,250,2,20,0.1796611336455641
1,20,10,ort,0.0003355960361659527,0.0005800761282444,0.00035621272400021553,0.0003559181233868003,0.0003368249163031578,0.0003355960361659527,0.00033579301089048386,300,2,20,0.0004583122027020524
1,20,10,npy,0.0020861605871063116,0.0021886611357331276,0.0021481369622051716,0.0021275864681228997,0.0021263330709189177,0.0020828787237405777,0.0021130950190126896,300,2,20,0.002169012349139488
100,20,10,ort,0.0054487078450620174,0.005541426129639149,0.00549711287021637,0.005477580660954118,0.005476650549098849,0.0054487078450620174,0.005456110928207636,300,2,20,0.005519263375225636
100,20,10,npy,0.004611075855791569,0.004727611783891916,0.004702203907072544,0.004664789699018001,0.004665981745347381,0.004611075855791569,0.0046324399299919605,300,2,20,0.004727611783891916
1000,20,10,ort,0.051760169664374175,0.05228098435327411,0.052146187983453274,0.05202681652735919,0.052015333669260144,0.05162024311721325,0.05198960565030575,300,2,20,0.05228098435327411
1000,20,10,npy,0.024721612222492695,0.02497787680476904,0.02495149103924632,0.024837595596909522,0.02481022826395929,0.024721612222492695,0.024769905023276806,300,2,20,0.02497787680476904
10000,20,10,ort,0.5167069099843502,0.532213191036135,0.52968380600214,0.524474342004396,0.5256007085554302,0.5167069099843502,0.5191560969687998,300,2,20,0.532213191036135
10000,20,10,npy,0.22172546200454235,0.22925129812210798,0.22702405415475368,0.22352380114607512,0.22271256451494992,0.22172546200454235,0.22207528492435813,300,2,20,0.2278480883762779
1,20,100,ort,3.2363925129175186e-05,0.00014235405251383781,4.427693784236908e-05,4.051441792398691e-05,3.3141812309622765e-05,3.2363925129175186e-05,3.2631680369377136e-05,1,2,20,8.787098803737941e-05
1,20,100,npy,1.2961681932210922e-05,2.6246998459100723e-05,1.3594049960374832e-05,1.3908627443015575e-05,1.324014738202095e-05,1.2961681932210922e-05,1.3055279850959778e-05,1,2,20,1.9475175976374656e-05
100,20,100,ort,0.00020541716367006302,0.0002965060994029045,0.00024156970903277397,0.00022602418903261423,0.00022045313380658627,0.00020541716367006302,0.00021335342898964882,1,2,20,0.0002642828311413376
100,20,100,npy,6.88931904733181e-05,0.00010347925126552582,8.113496005535126e-05,7.487160619348287e-05,7.225014269351959e-05,6.88931904733181e-05,6.999308243393898e-05,1,2,20,8.98561060616548e-05
1000,20,100,ort,0.002060221042484045,0.0021630562841892242,0.0021402440033853054,0.0020961268804967404,0.002087746514007449,0.002060221042484045,0.0020747529342770576,1,2,20,0.002147132213441353
1000,20,100,npy,0.0005557057447731495,0.0006750188767910004,0.0005958611145615578,0.0005843252176418901,0.0005803569220006466,0.0005557057447731495,0.0005668378435075283,1,2,20,0.0006306817371447673
10000,20,100,ort,0.020432195160537958,0.020791384857147932,0.020746262278407812,0.020601099473424256,0.020585615886375308,0.020432195160537958,0.02049334906041622,1,2,20,0.020791384857147932
10000,20,100,npy,0.007398152258247137,0.007823425810784101,0.007715743035078049,0.00756469692569226,0.007538761477917433,0.007398152258247137,0.007486268877983093,1,2,20,0.007762768469124279
1,20,100,ort,3.502471372485161e-05,0.003690043929964304,4.520313814282417e-05,0.00022162597160786391,3.61644197255373e-05,3.502471372485161e-05,3.548804670572281e-05,2,2,20,0.0017812734316318005
1,20,100,npy,2.044299617409706e-05,3.517000004649162e-05,2.1963845938444138e-05,2.21937894821167e-05,2.104346640408039e-05,2.044299617409706e-05,2.0810402929782867e-05,2,2,20,2.9071344399507183e-05
100,20,100,ort,0.0003981972113251686,0.0004934039898216724,0.0004315599799156189,0.00042042508721351624,0.0004157312214374542,0.0003981972113251686,0.00040136417374014854,2,2,20,0.000461797105812398
100,20,100,npy,0.00012775883078575134,0.0001726066693663597,0.00013941200450062752,0.00013411990366876125,0.0001301232259720564,0.00012775883078575134,0.00012912554666399956,2,2,20,0.00015344357644437307
1000,20,100,ort,0.0038626468740403652,0.004000352695584297,0.003957033157348633,0.003912866651080549,0.0039095168467611074,0.0038626468740403652,0.0038806600496172905,2,2,20,0.003978589198549188
1000,20,100,npy,0.0010463050566613674,0.0011575520038604736,0.0011294758878648281,0.0010912729660049081,0.0010866224765777588,0.0010463050566613674,0.001064383890479803,2,2,20,0.001148750705444993
10000,20,100,ort,0.037887857761234045,0.038312660064548254,0.038185040932148695,0.03807478314265609,0.03807778749614954,0.037887857761234045,0.03796655731275678,2,2,20,0.03828205563581624
10000,20,100,npy,0.013288008980453014,0.013704908080399036,0.013646690174937248,0.013489095564000308,0.01348440209403634,0.013288008980453014,0.013350365217775106,2,2,20,0.013704908080399036
1,20,100,ort,3.846688196063042e-05,0.00023689819499850273,6.492482498288155e-05,5.38666034117341e-05,4.062429070472717e-05,3.846688196063042e-05,3.88086773455143e-05,3,2,20,0.00013785074808510413
1,20,100,npy,2.7647241950035095e-05,4.219263792037964e-05,3.652367740869522e-05,2.9952311888337135e-05,2.8600916266441345e-05,2.7647241950035095e-05,2.7962028980255127e-05,3,2,20,3.7409236747788346e-05
100,20,100,ort,0.0005811401642858982,0.0007160627283155918,0.0006338306702673435,0.0006098448298871517,0.0006017519626766443,0.0005811401642858982,0.000586323905736208,3,2,20,0.0006694985293702035
100,20,100,npy,0.00018009915947914124,0.0002332320436835289,0.0002084062434732914,0.00019036096055060625,0.00018326309509575367,0.00018009915947914124,0.0001814994029700756,3,2,20,0.00021836368312554765
1000,20,100,ort,0.005657997913658619,0.005754036363214254,0.005739850923418999,0.005703264684416354,0.005699758417904377,0.005657997913658619,0.005674062762409449,3,2,20,0.005754036363214254
1000,20,100,npy,0.0015172050334513187,0.0016793571412563324,0.0015901741571724415,0.0015627236338332296,0.0015478567220270634,0.0015172050334513187,0.0015316368080675602,3,2,20,0.0016431324588389814
10000,20,100,ort,0.05422627128702877,0.05804026359692216,0.05573208397254348,0.05553460051305592,0.055433891946449876,0.054061593022197485,0.055379041004925966,3,2,20,0.05684292973908307
10000,20,100,npy,0.014087731018662453,0.01534718181937933,0.014934253878891468,0.014497575839050115,0.01446234225295484,0.014087731018662453,0.014163756743073463,3,2,20,0.015110740279543998
1,20,100,ort,4.2071565985679626e-05,0.003432115074247122,5.138898268342018e-05,0.00021440170239657165,4.3547945097088814e-05,4.2071565985679626e-05,4.220427945256233e-05,5,2,20,0.00166130829683121
1,20,100,npy,4.1725579649209976e-05,5.256105214357376e-05,4.242686554789543e-05,4.262805450707674e-05,4.2103463783860207e-05,4.1725579649209976e-05,4.181405529379845e-05,5,2,20,4.713899852356415e-05
100,20,100,ort,0.0008981530554592609,0.001016747672110796,0.0009518363513052464,0.0009227668400853872,0.0009122155606746674,0.0008981530554592609,0.0009009200148284435,5,2,20,0.0009780826639199053
100,20,100,npy,0.0002824491821229458,0.0003184620290994644,0.00030200835317373276,0.0002910071285441518,0.0002847521100193262,0.0002824491821229458,0.00028300005942583084,5,2,20,0.0003120723207967898
1000,20,100,ort,0.008711830614035788,0.00906806392595172,0.008883490227162838,0.008847892098128796,0.008853394538164139,0.008685151115059853,0.008803879842162132,5,2,20,0.008983953582221805
1000,20,100,npy,0.002213341153187237,0.002308320254087448,0.0022898181341588497,0.002259275806136429,0.0022582749370485544,0.002208252437412739,0.002239116933196783,5,2,20,0.0023052104590856213
10000,20,100,ort,0.08845090912654996,0.09183468390256166,0.09074862208217382,0.09000061843544245,0.0902106068097055,0.08845090912654996,0.08881597919389606,5,2,20,0.09165948544586912
10000,20,100,npy,0.03186092898249626,0.032495405059307814,0.03246319619938731,0.03218371961265802,0.032182368682697415,0.03186092898249626,0.03193362895399332,5,2,20,0.032495405059307814
1,20,100,ort,5.615781992673874e-05,0.00015685008838772774,6.654392927885056e-05,6.516000721603631e-05,5.717901512980461e-05,5.615781992673874e-05,5.645491182804108e-05,10,2,20,0.00010944876521203002
1,20,100,npy,8.009513840079308e-05,0.00010155513882637024,9.247427806258202e-05,8.474853821098805e-05,8.236686699092388e-05,8.009513840079308e-05,8.138734847307205e-05,10,2,20,9.611073898547978e-05
100,20,100,ort,0.0018868520855903625,0.002067434135824442,0.0019666901789605618,0.0019340369617566466,0.001927137142047286,0.0018868520855903625,0.0019008559174835682,10,2,20,0.0020173739978488984
100,20,100,npy,0.0005657202564179897,0.0006444859318435192,0.0006025298498570919,0.0005899650743231178,0.0005871620960533619,0.0005657202564179897,0.0005712453275918961,10,2,20,0.0006246889643433937
1000,20,100,ort,0.017959697172045708,0.018405464943498373,0.018262550234794617,0.01807154279667884,0.018024452961981297,0.017959697172045708,0.017990671563893557,10,2,20,0.018306287626783477
1000,20,100,npy,0.004797992296516895,0.005092236213386059,0.0049351840279996395,0.004889240674674511,0.0048872369807213545,0.004797992296516895,0.004834662191569805,10,2,20,0.005021362759282786
10000,20,100,ort,0.17729509714990854,0.17863066401332617,0.1777812372893095,0.17762617501430214,0.17757907323539257,0.17729509714990854,0.17741686524823308,10,2,20,0.17818586707087578
10000,20,100,npy,0.062416073866188526,0.06784809706732631,0.0658232276327908,0.06334544350393116,0.06284379144199193,0.062416073866188526,0.06258340505883098,10,2,20,0.06609705403409513
1,20,100,ort,0.00017237989231944084,0.0003451821394264698,0.00021632760763168335,0.00019441130571067332,0.00018310057930648327,0.00017237989231944084,0.0001745619811117649,50,2,20,0.0002678113681929715
1,20,100,npy,0.0003806152381002903,0.0005704518407583237,0.00042823702096939087,0.0004113739123567939,0.0003968742676079273,0.0003806152381002903,0.00039071403443813324,50,2,20,0.0004903361661492544
100,20,100,ort,0.009074662812054157,0.00964565621688962,0.009547194931656122,0.00934141818434,0.009349904023110867,0.009074662812054157,0.009125764016062021,50,2,20,0.00964565621688962
100,20,100,npy,0.002750691957771778,0.0031313239596784115,0.002996827010065317,0.0028956538997590544,0.0028644599951803684,0.002750691957771778,0.0028233309276401997,50,2,20,0.0030902666819665084
1000,20,100,ort,0.08776488527655602,0.09063408430665731,0.08853657590225339,0.08836757440585644,0.08820336475037038,0.08776488527655602,0.08807994611561298,50,2,20,0.08955314956946477
1000,20,100,npy,0.02241382026385894,0.022989728022366762,0.02279936010017991,0.022676318278536202,0.022680719383060932,0.022376985289156437,0.022563967388123274,50,2,20,0.022938816293213465
10000,20,100,ort,0.8680749558843672,0.8862284510396421,0.8795051439665258,0.8743508681189269,0.8737143527250737,0.8680749558843672,0.8725565089844167,50,2,20,0.8823786926778425
10000,20,100,npy,0.3011676357127726,0.31814558897167444,0.31225875997915864,0.30462220434565096,0.3029887033626437,0.3011676357127726,0.30175901716575027,50,2,20,0.3134536399598556
1,20,100,ort,0.00030135130509734154,0.0006298031657934189,0.00036843493580818176,0.00034251771867275236,0.00032415520399808884,0.00030135130509734154,0.00030817417427897453,100,2,20,0.0004773436809199209
1,20,100,npy,0.0007390910759568214,0.0007947441190481186,0.0007876930758357048,0.0007658181479200721,0.0007660761475563049,0.0007390910759568214,0.0007555768825113773,100,2,20,0.0007943469588751801
100,20,100,ort,0.01785256527364254,0.018146804068237543,0.018086576834321022,0.017971030436456203,0.017957000760361552,0.01785256527364254,0.017899699043482542,100,2,20,0.018125870217110866
100,20,100,npy,0.005535654257982969,0.005721502937376499,0.00564555823802948,0.005608734162524343,0.005609583575278521,0.005535654257982969,0.005577127914875746,100,2,20,0.005688212072084083
1000,20,100,ort,0.1749545051716268,0.17589931190013885,0.17575856717303395,0.17539475504308938,0.1754029649309814,0.1749545051716268,0.17518089711666107,100,2,20,0.1758739779880021
1000,20,100,npy,0.044657677269996025,0.04571727104485035,0.04558188281953335,0.0452630257466808,0.04530891356989741,0.04438988910987973,0.04513385891914368,100,2,20,0.04571727104485035
10000,20,100,ort,1.7386060920543969,1.7629238069057465,1.7577180583029985,1.7463413132354617,1.743612783960998,1.7386060920543969,1.741617027670145,100,2,20,1.759057824759916
10000,20,100,npy,0.46337365871295333,0.6456396328285336,0.6286831870675087,0.5806000515818596,0.6235405029729009,0.46337365871295333,0.47004179283976555,100,2,20,0.6456396328285336
1,20,100,ort,0.00041995197534561157,0.0005883891135454178,0.0004535806365311146,0.0004425630671903491,0.0004341623280197382,0.00041995197534561157,0.0004209168255329132,150,2,20,0.0005109806999910682
1,20,100,npy,0.001087769865989685,0.0011300449259579182,0.0011231731623411179,0.0011019938625395297,0.0010969648137688637,0.001087769865989685,0.0010906313546001911,150,2,20,0.0011275347197010816
100,20,100,ort,0.025946626905351877,0.02624272182583809,0.02615832770243287,0.026066455035470427,0.026049219304695725,0.025946626905351877,0.025996783282607794,150,2,20,0.02621011130647704
100,20,100,npy,0.008142945946875646,0.008269003126770258,0.008246968034654856,0.008205978223122657,0.008198663126677275,0.008142328821122646,0.008180276025086641,150,2,20,0.008269003126770258
1000,20,100,ort,0.25791806145980556,0.2697874312289059,0.26521948585286736,0.26313571687787773,0.2633242765441537,0.25720873987302184,0.26252094004303217,150,2,20,0.2683533722959499
1000,20,100,npy,0.06710044713690877,0.06829823879525065,0.06787185184657574,0.06760718799196183,0.06761137954890728,0.06710044713690877,0.06739042140543461,150,2,20,0.0681587493960021
10000,20,100,ort,2.6031136995939446,2.6331908968277276,2.630852945148945,2.6179276642389597,2.6156985743436962,2.6011886200867593,2.6124249109998345,150,2,20,2.632741628883975
10000,20,100,npy,0.8820788201483605,0.946261168923229,0.9182504708878696,0.9085513161262497,0.9077238435856998,0.8818506016395986,0.9054079642519355,150,2,20,0.935023812104139
1,20,100,ort,0.0006125262007117271,0.0009706877171993256,0.0006700078956782818,0.0006608275463804603,0.0006482030730694532,0.0006125262007117271,0.0006278790533542633,200,2,20,0.0008035551527472948
1,20,100,npy,0.0014904211275279522,0.0015669036656618118,0.0015548327937722206,0.001523897936567664,0.0015240281354635954,0.0014904211275279522,0.0015010228380560875,200,2,20,0.0015669036656618118
100,20,100,ort,0.03562455391511321,0.03607267374172807,0.03597445273771882,0.03583285955246538,0.035830916836857796,0.03562455391511321,0.03566178120672703,200,2,20,0.03607267374172807
100,20,100,npy,0.011003897991031408,0.011116445064544678,0.011098332703113556,0.011057504010386765,0.011060894001275301,0.011003897991031408,0.011017808225005865,200,2,20,0.011116445064544678
1000,20,100,ort,0.3493652562610805,0.3578298897482455,0.35129036381840706,0.3508537378627807,0.35011371225118637,0.3493652562610805,0.34970245603471994,200,2,20,0.35488014324821004
1000,20,100,npy,0.08792261499911547,0.08947455883026123,0.08913259906694293,0.08865824907552451,0.08872176054865122,0.08792261499911547,0.08812628500163555,200,2,20,0.0894567827744586
10000,20,100,ort,3.3926440509967506,3.5252203079871833,3.4957703831605613,3.4255633593304085,3.406740731326863,3.3926440509967506,3.39345413306728,200,2,20,3.5125330314616385
10000,20,100,npy,0.8207661733031273,0.8531008749268949,0.8409625221975148,0.8260995879536495,0.8228193605318666,0.8207661733031273,0.8213447541929781,200,2,20,0.8429154867412417
1,20,100,ort,0.0013050860725343227,0.0018636472523212433,0.001500220037996769,0.0014540930511429905,0.0014388349372893572,0.0013050860725343227,0.0014065103605389595,250,2,20,0.0016733926851054777
1,20,100,npy,0.0027390229515731335,0.003541509620845318,0.0033809468150138855,0.0031083534238860013,0.0030730983708053827,0.0027390229515731335,0.0028901328332722187,250,2,20,0.003541509620845318
100,20,100,ort,0.04210593085736036,0.057303416077047586,0.0436897911131382,0.04357464392669499,0.042456901632249355,0.04210593085736036,0.04235797468572855,250,2,20,0.05040063648676711
100,20,100,npy,0.013259297236800194,0.013388485182076693,0.013332522008568048,0.013306643953546882,0.013303023064509034,0.013259297236800194,0.013293711002916098,250,2,20,0.013359248947249821
1000,20,100,ort,0.4177029223634044,0.43032153602689505,0.42307466780766845,0.42260926621966066,0.4221663230564445,0.41710417810827494,0.42171445302665234,250,2,20,0.42751561007591693
1000,20,100,npy,0.10364643530920148,0.10418803011998534,0.10392077872529626,0.10376678553875536,0.10372380097396672,0.10364643530920148,0.1036767209880054,250,2,20,0.10402214623571518
10000,20,100,ort,4.241503227967769,4.259574694093317,4.259017670992762,4.250911066774279,4.252567381365225,4.241503227967769,4.242413755040616,250,2,20,4.259574694093317
10000,20,100,npy,1.0328130437992513,1.0681495149619877,1.0596797177568078,1.040022828988731,1.034404658479616,1.0328130437992513,1.0331233120523393,250,2,20,1.0601682633385128
1,20,100,ort,0.0008079800754785538,0.0010245158337056637,0.0008313306607306004,0.0008243234828114509,0.0008090515621006489,0.0008079800754785538,0.0008080806583166122,300,2,20,0.0009163169778286008
1,20,100,npy,0.0021085106094886077,0.0021672919392585754,0.0021535418927669525,0.0021380645921453834,0.0021377140656113625,0.002101483754813671,0.002130280714482069,300,2,20,0.0021672919392585754
100,20,100,ort,0.05067839986635341,0.0512197008356452,0.05101689416915178,0.05090795811265707,0.050909616984426975,0.05061698937788606,0.050823021214455366,300,2,20,0.05113751635896072
100,20,100,npy,0.015935115981847048,0.016067981254309416,0.016015050932765007,0.015980441821739078,0.01597355119884014,0.015935115981847048,0.015947661828249693,300,2,20,0.01604695992673769
1000,20,100,ort,0.49766839491604703,0.5169562818482518,0.5080577251501381,0.5065873436629772,0.5069347843527794,0.48974393401294947,0.5059953699819744,300,2,20,0.5155062924099074
1000,20,100,npy,0.12468754407018423,0.1257397960871458,0.12507290998473763,0.12492519293446094,0.12483598850667477,0.12468754407018423,0.12474550772458315,300,2,20,0.12540690627799048
10000,20,100,ort,5.084556469228119,5.165330016985536,5.10341434692964,5.099379875487648,5.100383264478296,5.084556469228119,5.086252318695188,300,2,20,5.13224403343383
10000,20,100,npy,1.2434120122343302,1.2801462840288877,1.2685999618843198,1.2517325254390017,1.2461619775276631,1.2434120122343302,1.2447992097586393,300,2,20,1.2740906361720916
