method,lib,skl_nb_base_estimators,N,dim,fit_intercept,repeat,number,min,max,min3,max3,mean,lower,upper,count,median,error_c,onnx_nodes,onnx_opset,ort_size,error
predict,skl,1.0,1,1,True,100,1,4.092790186405182e-05,0.00016522780060768127,4.1272956877946854e-05,5.2080024033784866e-05,4.403939470648766e-05,4.092790186405182e-05,6.870771290766382e-05,100,4.254118539392948e-05,0,,,,
predict,onxpython,,1,1,True,100,1,5.048885941505432e-05,0.0001397230662405491,5.079992115497589e-05,6.249779835343361e-05,5.29498141258955e-05,5.048885941505432e-05,7.064069797596393e-05,100,5.143648013472557e-05,0,4.0,10.0,626.0,
predict,onxonnxruntime1,,1,1,True,100,1,2.541579306125641e-05,9.441887959837914e-05,2.5443732738494873e-05,3.377813845872879e-05,2.6879827491939067e-05,2.541579306125641e-05,4.050793324002956e-05,100,2.5703338906168938e-05,0,4.0,10.0,626.0,
predict_proba,skl,1.0,1,1,True,100,1,5.528982728719711e-05,0.00012951716780662537,5.547003820538521e-05,9.664194658398628e-05,5.89048070833087e-05,5.528982728719711e-05,7.862147851657197e-05,100,5.601905286312103e-05,0,,,,
predict_proba,onxpython,,1,1,True,100,1,6.273621693253517e-05,9.44589264690876e-05,6.281491369009018e-05,7.518520578742027e-05,6.41658902168274e-05,6.273621693253517e-05,7.160675979853643e-05,100,6.317533552646637e-05,0,4.0,10.0,626.0,
predict_proba,onxonnxruntime1,,1,1,True,100,1,2.919696271419525e-05,4.3903011828660965e-05,2.9271002858877182e-05,3.3910851925611496e-05,3.0081481672823428e-05,2.919696271419525e-05,3.34769993132301e-05,100,2.9608840122818947e-05,0,4.0,10.0,626.0,
predict,py,,1,1,True,100,1,9.03615728020668e-06,1.771608367562294e-05,9.068287909030914e-06,1.1628028005361557e-05,9.435261599719524e-06,9.03615728020668e-06,1.1385508878470834e-05,100,9.198905900120735e-06,0,,,,
predict_proba,py,,1,1,True,100,1,3.0053313821554184e-05,7.07823783159256e-05,3.0155759304761887e-05,3.4593045711517334e-05,3.11964750289917e-05,3.0053313821554184e-05,3.924168519798966e-05,100,3.0478695407509804e-05,0,,,,
predict,skl,1.0,10,1,True,100,1,4.1408929973840714e-05,6.149895489215851e-05,4.1457824409008026e-05,5.23650087416172e-05,4.2709046974778173e-05,4.1408929973840714e-05,4.8843963990899854e-05,100,4.1804974898695946e-05,0,,,,
predict,onxpython,,10,1,True,100,1,5.460204556584358e-05,9.201094508171082e-05,5.484092980623245e-05,6.2623992562294e-05,5.601157899945974e-05,5.460204556584358e-05,6.366618946770853e-05,100,5.527236498892307e-05,0,4.0,10.0,626.0,
predict,onxonnxruntime1,,10,1,True,100,1,2.8308946639299393e-05,4.6418048441410065e-05,2.8434209525585175e-05,3.336882218718529e-05,2.9098894447088242e-05,2.8308946639299393e-05,3.290084554513353e-05,100,2.871197648346424e-05,0,4.0,10.0,626.0,
predict_proba,skl,1.0,10,1,True,100,1,5.5390410125255585e-05,7.237168028950691e-05,5.5450014770030975e-05,6.183423101902008e-05,5.636303685605526e-05,5.5390410125255585e-05,6.047691083648283e-05,100,5.579553544521332e-05,0,,,,
predict_proba,onxpython,,10,1,True,100,1,9.144283831119537e-05,0.00012288661673665047,9.179068729281425e-05,0.00010450277477502823,9.340019430965186e-05,9.144283831119537e-05,0.00010142425449861014,100,9.22931358218193e-05,0,4.0,10.0,626.0,
predict_proba,onxonnxruntime1,,10,1,True,100,1,3.576232120394707e-05,4.9904920160770416e-05,3.5949982702732086e-05,4.06862236559391e-05,3.697036765515804e-05,3.576232120394707e-05,4.026501869591881e-05,100,3.6648940294981e-05,0,4.0,10.0,626.0,
predict,py,,10,1,True,100,1,8.787959814071655e-06,1.6296282410621643e-05,8.816830813884735e-06,9.604264050722122e-06,9.165406227111817e-06,8.787959814071655e-06,1.0641884098774279e-05,100,9.054550901055336e-06,0,,,,
predict_proba,py,,10,1,True,100,1,3.072107210755348e-05,4.27737832069397e-05,3.0788592994213104e-05,3.4763943403959274e-05,3.139106091111898e-05,3.072107210755348e-05,3.415910093881569e-05,100,3.1061237677931786e-05,0,,,,
predict,skl,1.0,100,1,True,100,1,4.2022671550512314e-05,6.531272083520889e-05,4.206830635666847e-05,5.255080759525299e-05,4.3353703804314134e-05,4.2022671550512314e-05,5.0213869278731776e-05,100,4.234747029840946e-05,0,,,,
predict,onxpython,,100,1,True,100,1,6.064213812351227e-05,8.918298408389091e-05,6.096111610531807e-05,6.988504901528358e-05,6.234504282474517e-05,6.064213812351227e-05,6.865028750365931e-05,100,6.157532334327698e-05,0,4.0,10.0,626.0,
predict,onxonnxruntime1,,100,1,True,100,1,6.147660315036774e-05,8.165417239069939e-05,6.164237856864929e-05,6.894487887620926e-05,6.319362670183182e-05,6.147660315036774e-05,6.859191559729657e-05,100,6.242375820875168e-05,0,4.0,10.0,626.0,
predict_proba,skl,1.0,100,1,True,100,1,5.8362726122140884e-05,7.931794971227646e-05,5.849078297615051e-05,7.00782984495163e-05,6.055415142327547e-05,5.8362726122140884e-05,6.691804497755898e-05,100,5.961279384791851e-05,0,,,,
predict_proba,onxpython,,100,1,True,100,1,0.00033154431730508804,0.00036628590896725655,0.00033378181979060173,0.0003583538345992565,0.0003404687764123082,0.00033154431730508804,0.00035117055318141147,100,0.0003395872190594673,0,4.0,10.0,626.0,
predict_proba,onxonnxruntime1,,100,1,True,100,1,0.00010004499927163124,0.0001224307343363762,0.00010176189243793488,0.00011284789070487022,0.00010381198953837156,0.00010004499927163124,0.00010981609162246512,100,0.00010297400876879692,0,4.0,10.0,626.0,
predict,py,,100,1,True,100,1,9.060371667146683e-06,1.7925165593624115e-05,9.171199053525925e-06,1.1195894330739975e-05,9.579025208950042e-06,9.060371667146683e-06,1.1398854254417658e-05,100,9.42242331802845e-06,0,,,,
predict_proba,py,,100,1,True,100,1,3.5068951547145844e-05,4.4493936002254486e-05,3.523379564285278e-05,4.0592625737190247e-05,3.672176972031593e-05,3.5068951547145844e-05,3.948547574504683e-05,100,3.6253128200769424e-05,0,,,,
predict,skl,1.0,1000,1,True,100,1,4.6430155634880066e-05,7.441500201821327e-05,4.6514905989170074e-05,5.230586975812912e-05,4.7460109926760196e-05,4.6430155634880066e-05,5.332187440511738e-05,100,4.6830158680677414e-05,0,,,,
predict,onxpython,,1000,1,True,100,1,0.00012114178389310837,0.00014443974941968918,0.00012131081894040108,0.00012832414358854294,0.00012343027628958225,0.00012114178389310837,0.00012856927277088323,100,0.00012296903878450394,0,4.0,10.0,626.0,
predict,onxonnxruntime1,,1000,1,True,100,1,0.0003696349449455738,0.0006837686523795128,0.0003705145791172981,0.0004541538655757904,0.0003819015109911561,0.0003696349449455738,0.0004494802299989043,100,0.0003728880546987057,0,4.0,10.0,626.0,
predict_proba,skl,1.0,1000,1,True,100,1,8.446304127573967e-05,0.0001245792955160141,8.504372090101242e-05,0.00011198967695236206,8.822403848171234e-05,8.446304127573967e-05,9.971348141724943e-05,100,8.66251066327095e-05,0,,,,
predict_proba,onxpython,,1000,1,True,100,1,0.002805790863931179,0.0029810918495059013,0.002831139136105776,0.0029335618019104004,0.002881219335831702,0.002829242166719911,0.0029331965049434927,100,0.002880258485674858,0,4.0,10.0,626.0,
predict_proba,onxonnxruntime1,,1000,1,True,100,1,0.0007558083161711693,0.000826861709356308,0.000757116824388504,0.0007897904142737389,0.000762622095644474,0.0007558083161711693,0.0007817635786227402,100,0.000759166432544589,0,4.0,10.0,626.0,
predict,py,,1000,1,True,100,1,1.1565163731575012e-05,2.4477951228618622e-05,1.1743977665901184e-05,1.780688762664795e-05,1.3856133446097374e-05,1.1565163731575012e-05,1.7437061151560896e-05,100,1.407531090080738e-05,0,,,,
predict_proba,py,,1000,1,True,100,1,7.408810779452324e-05,0.0001034419983625412,7.421290501952171e-05,8.576735854148865e-05,7.973015774041414e-05,7.408810779452324e-05,8.687277829909498e-05,100,7.915729656815529e-05,0,,,,
predict,skl,1.0,10000,1,True,100,1,7.990701124072075e-05,0.0001565171405673027,8.010026067495346e-05,8.922675624489784e-05,8.213782217353583e-05,7.990701124072075e-05,9.743255060732042e-05,100,8.105440065264702e-05,0,,,,
predict,onxpython,,10000,1,True,100,1,0.0006683641113340855,0.000731221865862608,0.0006691999733448029,0.0007250872440636158,0.0006774566601961852,0.0006683641113340855,0.0007007218577682414,100,0.000673437025398016,0,4.0,10.0,626.0,
predict,onxonnxruntime1,,10000,1,True,100,1,0.0033655930310487747,0.004636222030967474,0.003381806891411543,0.003972550854086876,0.003472208185121417,0.0033655930310487747,0.003796372725735121,100,0.003435350488871336,0,4.0,10.0,626.0,
predict_proba,skl,1.0,10000,1,True,100,1,0.000284440815448761,0.00038313819095492363,0.000292372889816761,0.00035368790850043297,0.00032551086507737637,0.00030313033121251806,0.0003478913989422347,100,0.000325304688885808,0,,,,
predict_proba,onxpython,,10000,1,True,100,1,0.02772113773971796,0.02887860406190157,0.027994039934128523,0.028861133847385645,0.028380449758842588,0.027958819832862792,0.028802079684822384,100,0.028378045884892344,0,4.0,10.0,626.0,
predict_proba,onxonnxruntime1,,10000,1,True,100,1,0.007277193944901228,0.008092502132058144,0.007289360277354717,0.0075287180952727795,0.007375427959486842,0.007277193944901228,0.007550738894328867,100,0.00736126396805048,0,4.0,10.0,626.0,
predict,py,,10000,1,True,100,1,3.203796222805977e-05,4.9377791583538055e-05,3.25213186442852e-05,4.853680729866028e-05,4.0926667861640456e-05,3.203796222805977e-05,4.9377791583538055e-05,100,4.322640597820282e-05,0,,,,
predict_proba,py,,10000,1,True,100,1,0.0004895511083304882,0.0005660052411258221,0.0004896861501038074,0.0005253851413726807,0.0004972583474591374,0.0004895511083304882,0.0005206081484004203,100,0.000492374412715435,0,,,,
predict,skl,1.0,1,5,True,100,1,4.392489790916443e-05,0.0008772453293204308,4.402501508593559e-05,5.396129563450813e-05,5.318609997630119e-05,4.392489790916443e-05,0.00021562765462774847,100,4.433700814843178e-05,0,,,,
predict,onxpython,,1,5,True,100,1,5.433196201920509e-05,9.476998820900917e-05,5.4413918405771255e-05,6.42719678580761e-05,5.582708399742842e-05,5.433196201920509e-05,6.446778411404079e-05,100,5.4914504289627075e-05,0,4.0,10.0,666.0,
predict,onxonnxruntime1,,1,5,True,100,1,2.7202069759368896e-05,7.465574890375137e-05,2.7245841920375824e-05,3.13539057970047e-05,2.8146258555352687e-05,2.7202069759368896e-05,3.743832953921888e-05,100,2.7502421289682388e-05,0,4.0,10.0,666.0,
predict_proba,skl,1.0,1,5,True,100,1,5.903327837586403e-05,8.778506889939308e-05,5.9193000197410583e-05,6.641494110226631e-05,6.031894125044346e-05,5.903327837586403e-05,6.666485248003041e-05,100,5.960860289633274e-05,0,,,,
predict_proba,onxpython,,1,5,True,100,1,6.66729174554348e-05,9.0830959379673e-05,6.67450949549675e-05,7.487786933779716e-05,6.794270128011703e-05,6.66729174554348e-05,7.374522313342224e-05,100,6.719585508108139e-05,0,4.0,10.0,666.0,
predict_proba,onxonnxruntime1,,1,5,True,100,1,3.101211041212082e-05,4.5890919864177704e-05,3.109825775027275e-05,3.53790819644928e-05,3.1696553342044354e-05,3.101211041212082e-05,3.489904830647713e-05,100,3.134133294224739e-05,0,4.0,10.0,666.0,
predict,py,,1,5,True,100,1,9.58004966378212e-06,1.8662307411432266e-05,9.657815098762512e-06,1.0277144610881805e-05,9.958059526979923e-06,9.58004966378212e-06,1.1719475985693215e-05,100,9.83336940407753e-06,0,,,,
predict_proba,py,,1,5,True,100,1,3.2125040888786316e-05,5.1151029765605927e-05,3.223493695259094e-05,3.5176053643226624e-05,3.2904795370995996e-05,3.2125040888786316e-05,3.6824009109074076e-05,100,3.259885124862194e-05,0,,,,
predict,skl,1.0,10,5,True,100,1,4.164688289165497e-05,5.8554112911224365e-05,4.174374043941498e-05,4.680221900343895e-05,4.242305178195238e-05,4.164688289165497e-05,4.605411278984171e-05,100,4.2069004848599434e-05,0,,,,
predict,onxpython,,10,5,True,100,1,5.5212993174791336e-05,8.354289457201958e-05,5.539925768971443e-05,7.798802107572556e-05,5.694345571100712e-05,5.5212993174791336e-05,6.59734009610389e-05,100,5.578738637268543e-05,0,4.0,10.0,666.0,
predict,onxonnxruntime1,,10,5,True,100,1,2.8854701668024063e-05,4.7460198402404785e-05,2.898694947361946e-05,3.259396180510521e-05,2.957827877253294e-05,2.8854701668024063e-05,3.3323540125422686e-05,100,2.926611341536045e-05,0,4.0,10.0,666.0,
predict_proba,skl,1.0,10,5,True,100,1,5.6060031056404114e-05,7.253792136907578e-05,5.61312772333622e-05,6.524426862597466e-05,5.7219890877604484e-05,5.6060031056404114e-05,6.212147655909076e-05,100,5.6558288633823395e-05,0,,,,
predict_proba,onxpython,,10,5,True,100,1,9.186891838908195e-05,0.0001207469031214714,9.195832535624504e-05,0.00010348064824938774,9.357943665236235e-05,9.186891838908195e-05,0.00010143943281214515,100,9.244633838534355e-05,0,4.0,10.0,666.0,
predict_proba,onxonnxruntime1,,10,5,True,100,1,3.609573468565941e-05,5.0226226449012756e-05,3.615906462073326e-05,4.0774233639240265e-05,3.684624563902617e-05,3.609573468565941e-05,3.992901674238667e-05,100,3.656046465039253e-05,0,4.0,10.0,666.0,
predict,py,,10,5,True,100,1,8.952803909778595e-06,1.6999896615743637e-05,9.16607677936554e-06,9.822193533182144e-06,9.493711404502392e-06,8.952803909778595e-06,1.1035047730254643e-05,100,9.385636076331139e-06,0,,,,
predict_proba,py,,10,5,True,100,1,3.0803028494119644e-05,4.104897379875183e-05,3.0866824090480804e-05,3.267405554652214e-05,3.1415335834026336e-05,3.0803028494119644e-05,3.346679310032122e-05,100,3.1289877369999886e-05,0,,,,
predict,skl,1.0,100,5,True,100,1,4.229601472616196e-05,6.145425140857697e-05,4.238821566104889e-05,5.0960108637809753e-05,4.3310634791851046e-05,4.229601472616196e-05,4.801308722573175e-05,100,4.27409540861845e-05,0,,,,
predict,onxpython,,100,5,True,100,1,6.22449442744255e-05,8.163601160049438e-05,6.242375820875168e-05,6.923219189047813e-05,6.330327596515417e-05,6.22449442744255e-05,6.762678548940513e-05,100,6.281794048845768e-05,0,4.0,10.0,666.0,
predict,onxonnxruntime1,,100,5,True,100,1,6.335321813821793e-05,8.18953849375248e-05,6.566289812326431e-05,7.33700580894947e-05,6.68421620503068e-05,6.335321813821793e-05,7.163887806563872e-05,100,6.635207682847977e-05,0,4.0,10.0,666.0,
predict_proba,skl,1.0,100,5,True,100,1,5.8859121054410934e-05,7.568113505840302e-05,5.8933161199092865e-05,6.928201764822006e-05,6.014040671288967e-05,5.8859121054410934e-05,6.512223845187186e-05,100,5.938694812357426e-05,0,,,,
predict_proba,onxpython,,100,5,True,100,1,0.00033297203481197357,0.0003642439842224121,0.0003338758833706379,0.000355373602360487,0.00034025223925709724,0.00033297203481197357,0.00035104262568651023,100,0.0003396423999220133,0,4.0,10.0,666.0,
predict_proba,onxonnxruntime1,,100,5,True,100,1,0.00010369997471570969,0.00013271719217300415,0.00010551000013947487,0.00011718319728970528,0.00010701117105782032,0.00010369997471570969,0.0001137775360809512,100,0.00010619754903018475,0,4.0,10.0,666.0,
predict,py,,100,5,True,100,1,9.704846888780594e-06,1.7215032130479813e-05,9.75700095295906e-06,1.0604038834571838e-05,1.0065468959510327e-05,9.704846888780594e-06,1.1530154355103182e-05,100,9.957235306501389e-06,0,,,,
predict_proba,py,,100,5,True,100,1,3.558304160833359e-05,4.847021773457527e-05,3.5686884075403214e-05,4.0809158235788345e-05,3.6346246488392354e-05,3.558304160833359e-05,3.961422331493595e-05,100,3.600446507334709e-05,0,,,,
predict,skl,1.0,1000,5,True,100,1,4.9903057515621185e-05,9.644962847232819e-05,5.002180114388466e-05,5.6657008826732635e-05,5.150485318154097e-05,4.9903057515621185e-05,6.0869720365828664e-05,100,5.062948912382126e-05,0,,,,
predict,onxpython,,1000,5,True,100,1,0.00012630503624677658,0.0001624198630452156,0.0001268181949853897,0.0001396029256284237,0.00012891304213553668,0.00012630503624677658,0.00013836368751161393,100,0.0001276989933103323,0,4.0,10.0,666.0,
predict,onxonnxruntime1,,1000,5,True,100,1,0.00039087794721126556,0.0005371412262320518,0.00039184093475341797,0.00041333120316267014,0.0003967727860435843,0.00039087794721126556,0.0004265444243711639,100,0.00039387820288538933,0,4.0,10.0,666.0,
predict_proba,skl,1.0,1000,5,True,100,1,8.30148346722126e-05,0.00013079820200800896,8.321693167090416e-05,9.992113336920738e-05,8.513347711414099e-05,8.30148346722126e-05,9.593602568033995e-05,100,8.396594785153866e-05,0,,,,
predict_proba,onxpython,,1000,5,True,100,1,0.0027693770825862885,0.0029342002235352993,0.0027736080810427666,0.0029012057930231094,0.0028236710978671907,0.0027693770825862885,0.0028937552653964765,100,0.0028144631069153547,0,4.0,10.0,666.0,
predict_proba,onxonnxruntime1,,1000,5,True,100,1,0.0007703173905611038,0.0008403840474784374,0.0007711099460721016,0.0008077491074800491,0.0007758343126624823,0.0007703173905611038,0.00079384311818883,100,0.000772969564422965,0,4.0,10.0,666.0,
predict,py,,1000,5,True,100,1,1.492910087108612e-05,2.832803875207901e-05,1.5086028724908829e-05,1.692911610007286e-05,1.584887970238924e-05,1.492910087108612e-05,1.8452069662521024e-05,100,1.5714438632130623e-05,0,,,,
predict_proba,py,,1000,5,True,100,1,7.697287946939468e-05,0.00010159797966480255,7.716519758105278e-05,9.505031630396843e-05,7.89441866800189e-05,7.697287946939468e-05,8.641128161909215e-05,100,7.79519323259592e-05,0,,,,
predict,skl,1.0,10000,5,True,100,1,0.00010364316403865814,0.00024091918021440506,0.00010416517034173012,0.00019890489056706429,0.00011329757981002331,0.00010364316403865814,0.00015091823691969978,100,0.00010857637971639633,1,,,,ERROR: Dim (10000 )-(10000 ) - discrepencies between 'skl' and 'onxpython' for '(57  'predict')'.
predict,onxpython,,10000,5,True,100,1,0.0007863589562475681,0.0008606761693954468,0.0007898309268057346,0.0008094119839370251,0.000795180001296103,0.0007863589562475681,0.0008108039957951694,100,0.0007929361891001463,1,4.0,10.0,666.0,ERROR: Dim (10000 )-(10000 ) - discrepencies between 'skl' and 'onxpython' for '(57  'predict')'.
predict,onxonnxruntime1,,10000,5,True,100,1,0.0035452949814498425,0.004408002831041813,0.003556742798537016,0.0038217250257730484,0.0036333711026236416,0.0035452949814498425,0.0038265015024166273,100,0.003614656161516905,1,4.0,10.0,666.0,ERROR: Dim (10000 )-(10000 ) - discrepencies between 'skl' and 'onxpython' for '(57  'predict')'.
predict_proba,skl,1.0,10000,5,True,100,1,0.0003217100165784359,0.00046744896098971367,0.00032585812732577324,0.0003832071088254452,0.00036469061858952046,0.0003282007456960758,0.0004011804914829651,100,0.00036702491343021393,1,,,,ERROR: Dim (10000 )-(10000 ) - discrepencies between 'skl' and 'onxpython' for '(57  'predict')'.
predict_proba,onxpython,,10000,5,True,100,1,0.027506290934979916,0.030094668734818697,0.02775893686339259,0.02989494614303112,0.028362105321139097,0.027506290934979916,0.029260186680371305,100,0.02827773173339665,1,4.0,10.0,666.0,ERROR: Dim (10000 )-(10000 ) - discrepencies between 'skl' and 'onxpython' for '(57  'predict')'.
predict_proba,onxonnxruntime1,,10000,5,True,100,1,0.007445360068231821,0.007980204652994871,0.007451471872627735,0.007745342794805765,0.007576949782669544,0.007445360068231821,0.0077255290211207224,100,0.007577705895528197,1,4.0,10.0,666.0,ERROR: Dim (10000 )-(10000 ) - discrepencies between 'skl' and 'onxpython' for '(57  'predict')'.
predict,py,,10000,5,True,100,1,5.3073279559612274e-05,0.0001620529219508171,5.445210263133049e-05,0.0001149461604654789,6.662853993475438e-05,5.3073279559612274e-05,9.488285817666667e-05,100,6.543658673763275e-05,1,,,,ERROR: Dim (10000 )-(10000 ) - discrepencies between 'skl' and 'onxpython' for '(57  'predict')'.
predict_proba,py,,10000,5,True,100,1,0.000539558008313179,0.0010085799731314182,0.0005405303090810776,0.0006124810315668583,0.0005524865677580238,0.000539558008313179,0.0006462871518899113,100,0.000544955488294363,1,,,,ERROR: Dim (10000 )-(10000 ) - discrepencies between 'skl' and 'onxpython' for '(57  'predict')'.
predict,skl,1.0,1,10,True,100,1,4.44287434220314e-05,0.0022317986004054546,4.4459011405706406e-05,5.5545009672641754e-05,6.733978167176246e-05,4.44287434220314e-05,0.0004937659555887667,100,4.479801282286644e-05,0,,,,
predict,onxpython,,1,10,True,100,1,5.553383380174637e-05,9.209103882312775e-05,5.5649783462285995e-05,6.439024582505226e-05,5.683472380042076e-05,5.553383380174637e-05,6.444920827988896e-05,100,5.6006014347076416e-05,0,4.0,10.0,716.0,
predict,onxonnxruntime1,,1,10,True,100,1,2.7447938919067383e-05,7.668603211641312e-05,2.751871943473816e-05,3.0381139367818832e-05,2.840590663254261e-05,2.7447938919067383e-05,3.8042260973272465e-05,100,2.7773436158895493e-05,0,4.0,10.0,716.0,
predict_proba,skl,1.0,1,10,True,100,1,5.942583084106445e-05,9.183073416352272e-05,5.968427285552025e-05,6.687082350254059e-05,6.074707489460707e-05,5.942583084106445e-05,6.760540515373276e-05,100,5.998695269227028e-05,0,,,,
predict_proba,onxpython,,1,10,True,100,1,6.74491748213768e-05,9.185215458273888e-05,6.767688319087029e-05,7.502082735300064e-05,6.874068174511194e-05,6.74491748213768e-05,7.434426516087934e-05,100,6.803823634982109e-05,0,4.0,10.0,716.0,
predict_proba,onxonnxruntime1,,1,10,True,100,1,3.129430115222931e-05,4.648696631193161e-05,3.1433068215847015e-05,3.611389547586441e-05,3.2065878622233866e-05,3.129430115222931e-05,3.5473893133083526e-05,100,3.1709903851151466e-05,0,4.0,10.0,716.0,
predict,py,,1,10,True,100,1,9.729061275720596e-06,1.8863007426261902e-05,9.751878678798676e-06,1.048203557729721e-05,1.005598809570074e-05,9.729061275720596e-06,1.1838946217673448e-05,100,9.930692613124847e-06,0,,,,
predict_proba,py,,1,10,True,100,1,3.2351817935705185e-05,5.1374081522226334e-05,3.2392796128988266e-05,3.5356730222702026e-05,3.319382201880217e-05,3.2351817935705185e-05,3.782357816556742e-05,100,3.2779062166810036e-05,0,,,,
predict,skl,1.0,10,10,True,100,1,4.172232002019882e-05,5.920883268117905e-05,4.188111051917076e-05,4.4588930904865265e-05,4.2549972422420976e-05,4.172232002019882e-05,4.6115008192418947e-05,100,4.225224256515503e-05,0,,,,
predict,onxpython,,10,10,True,100,1,5.6412070989608765e-05,7.994892075657845e-05,5.6471675634384155e-05,6.431806832551956e-05,5.757090169936419e-05,5.6412070989608765e-05,6.282438434085246e-05,100,5.6945253163576126e-05,0,4.0,10.0,716.0,
predict,onxonnxruntime1,,10,10,True,100,1,2.942606806755066e-05,4.7176145017147064e-05,2.9700808227062225e-05,3.430387005209923e-05,3.0464227311313152e-05,2.942606806755066e-05,3.511397508974744e-05,100,2.9970891773700714e-05,0,4.0,10.0,716.0,
predict_proba,skl,1.0,10,10,True,100,1,5.6329648941755295e-05,7.292395457625389e-05,5.639065057039261e-05,6.363587453961372e-05,5.7293921709060667e-05,5.6329648941755295e-05,6.137872015884211e-05,100,5.674944259226322e-05,0,,,,
predict_proba,onxpython,,10,10,True,100,1,9.337626397609711e-05,0.00012813089415431023,9.346241131424904e-05,0.00011361995711922646,9.537158999592065e-05,9.337626397609711e-05,0.00010493507531145244,100,9.407149627804756e-05,0,4.0,10.0,716.0,
predict_proba,onxonnxruntime1,,10,10,True,100,1,3.6372337490320206e-05,5.2519142627716064e-05,3.641238436102867e-05,4.498893395066261e-05,3.7238080985844134e-05,3.6372337490320206e-05,4.172217188383853e-05,100,3.6700163036584854e-05,0,4.0,10.0,716.0,
predict,py,,10,10,True,100,1,9.323004633188248e-06,1.7195940017700195e-05,9.346753358840942e-06,9.89297404885292e-06,9.602769277989865e-06,9.323004633188248e-06,1.1148778052055337e-05,100,9.498326107859612e-06,0,,,,
predict_proba,py,,10,10,True,100,1,3.095390275120735e-05,4.1097868233919144e-05,3.107311204075813e-05,3.4081749618053436e-05,3.1667589209973814e-05,3.095390275120735e-05,3.399273791494578e-05,100,3.1468458473682404e-05,0,,,,
predict,skl,1.0,100,10,True,100,1,4.275701940059662e-05,6.228825077414513e-05,4.2860861867666245e-05,4.99458983540535e-05,4.365153145045042e-05,4.275701940059662e-05,4.788290863385198e-05,100,4.326296038925648e-05,0,,,,
predict,onxpython,,100,10,True,100,1,6.40559010207653e-05,8.404068648815155e-05,6.426777690649033e-05,7.230369374155998e-05,6.53354451060295e-05,6.40559010207653e-05,7.024763552688134e-05,100,6.465311162173748e-05,0,4.0,10.0,716.0,
predict,onxonnxruntime1,,100,10,True,100,1,6.741797551512718e-05,9.248685091733932e-05,6.765592843294144e-05,7.518194615840912e-05,6.90119294449687e-05,6.741797551512718e-05,7.498728147185536e-05,100,6.843754090368748e-05,0,4.0,10.0,716.0,
predict_proba,skl,1.0,100,10,True,100,1,5.928799510002136e-05,7.690256461501122e-05,5.938997492194176e-05,6.766384467482567e-05,6.0400054790079596e-05,5.928799510002136e-05,6.490556057842816e-05,100,5.981232970952988e-05,0,,,,
predict_proba,onxpython,,100,10,True,100,1,0.00033394061028957367,0.0003761979751288891,0.0003354949876666069,0.0003594309091567993,0.00034280194900929926,0.00033394061028957367,0.00035344995280478156,100,0.00034212740138173103,0,4.0,10.0,716.0,
predict_proba,onxonnxruntime1,,100,10,True,100,1,0.00010807998478412628,0.00012295693159103394,0.00010825088247656822,0.00011494103819131851,0.00010944006033241748,0.00010807998478412628,0.00011304594803160397,100,0.00010893191210925579,0,4.0,10.0,716.0,
predict,py,,100,10,True,100,1,9.91998240351677e-06,1.7692334949970245e-05,9.989365935325623e-06,1.1152122169733047e-05,1.0306956246495247e-05,9.91998240351677e-06,1.1846785045399223e-05,100,1.0179821401834488e-05,0,,,,
predict_proba,py,,100,10,True,100,1,3.602122887969017e-05,4.623318091034889e-05,3.62638384103775e-05,3.910623490810394e-05,3.67456441745162e-05,3.602122887969017e-05,3.9042096053197876e-05,100,3.6524608731269836e-05,0,,,,
predict,skl,1.0,1000,10,True,100,1,5.3804367780685425e-05,0.00017489073798060417,5.496526136994362e-05,8.065300062298775e-05,5.952850449830294e-05,5.3804367780685425e-05,8.969313442586281e-05,100,5.612475797533989e-05,0,,,,
predict,onxpython,,1000,10,True,100,1,0.00014554662629961967,0.00019613886252045631,0.00014624511823058128,0.00015511689707636833,0.00014839190989732743,0.00014554662629961967,0.00015877916661253587,100,0.00014723208732903004,0,4.0,10.0,716.0,
predict,onxonnxruntime1,,1000,10,True,100,1,0.0004321797750890255,0.0006247968412935734,0.0004327450878918171,0.00045804399996995926,0.00043923222459852696,0.0004321797750890255,0.0004786609895025768,100,0.0004357525613158941,0,4.0,10.0,716.0,
predict_proba,skl,1.0,1000,10,True,100,1,8.980417624115944e-05,0.00015625311061739922,9.017810225486755e-05,0.00011050701141357422,9.329245425760746e-05,8.980417624115944e-05,0.00010761570648103556,100,9.16880089789629e-05,0,,,,
predict_proba,onxpython,,1000,10,True,100,1,0.0027887062169611454,0.003113674931228161,0.002820126246660948,0.0030991951934993267,0.002923730383627117,0.0027887062169611454,0.0030922475714897212,100,0.0028826724737882614,0,4.0,10.0,716.0,
predict_proba,onxonnxruntime1,,1000,10,True,100,1,0.0007857060991227627,0.001017712987959385,0.0007861009798943996,0.0008559436537325382,0.0007972497120499611,0.0007857060991227627,0.0008513937285412876,100,0.0007889028638601303,0,4.0,10.0,716.0,
predict,py,,1000,10,True,100,1,1.6961246728897095e-05,7.26780854165554e-05,1.7432961612939835e-05,2.5854911655187607e-05,1.954567153006792e-05,1.6961246728897095e-05,3.0360783984971364e-05,100,1.8762191757559776e-05,0,,,,
predict_proba,py,,1000,10,True,100,1,8.247420191764832e-05,0.00023286277428269386,8.307769894599915e-05,0.00011257920414209366,8.791109081357718e-05,8.247420191764832e-05,0.0001266855640815669,100,8.456851355731487e-05,0,,,,
predict,skl,1.0,10000,10,True,100,1,0.00012796791270375252,0.0002720351330935955,0.00012855371460318565,0.00018248707056045532,0.00013622655998915434,0.00012796791270375252,0.00017310032518863533,100,0.00013070553541183472,1,,,,ERROR: Dim (10000 )-(10000 ) - discrepencies between 'skl' and 'onxpython' for '(24  'predict')'.
predict,onxpython,,10000,10,True,100,1,0.0008600577712059021,0.0009476412087678909,0.0008756229653954506,0.000898364931344986,0.0008861065749078989,0.0008695854814559883,0.0009026276683598094,100,0.0008849073201417923,1,4.0,10.0,716.0,ERROR: Dim (10000 )-(10000 ) - discrepencies between 'skl' and 'onxpython' for '(24  'predict')'.
predict,onxonnxruntime1,,10000,10,True,100,1,0.003734603989869356,0.004414625931531191,0.0037452513352036476,0.0038801049813628197,0.0037998760538175704,0.003734603989869356,0.003937037421143191,100,0.0037895229179412127,1,4.0,10.0,716.0,ERROR: Dim (10000 )-(10000 ) - discrepencies between 'skl' and 'onxpython' for '(24  'predict')'.
predict_proba,skl,1.0,10000,10,True,100,1,0.000348647590726614,0.00044555123895406723,0.0003548632375895977,0.0004014759324491024,0.0003847227431833744,0.00036329644983826433,0.0004061490365284845,100,0.000384435523301363,1,,,,ERROR: Dim (10000 )-(10000 ) - discrepencies between 'skl' and 'onxpython' for '(24  'predict')'.
predict_proba,onxpython,,10000,10,True,100,1,0.027911574579775333,0.030391881242394447,0.02816644823178649,0.029838028829544783,0.028516260623000562,0.027911574579775333,0.029213720536233667,100,0.02845130441710353,1,4.0,10.0,716.0,ERROR: Dim (10000 )-(10000 ) - discrepencies between 'skl' and 'onxpython' for '(24  'predict')'.
predict_proba,onxonnxruntime1,,10000,10,True,100,1,0.007550037000328302,0.008217195980250835,0.007560286670923233,0.008055541198700666,0.007648308183997869,0.007550037000328302,0.00786078750188943,100,0.007621457101777196,1,4.0,10.0,716.0,ERROR: Dim (10000 )-(10000 ) - discrepencies between 'skl' and 'onxpython' for '(24  'predict')'.
predict,py,,10000,10,True,100,1,6.93141482770443e-05,0.00013723410665988922,6.947992369532585e-05,9.499676525592804e-05,8.035504724830389e-05,6.93141482770443e-05,0.0001010334829156565,100,8.11468344181776e-05,1,,,,ERROR: Dim (10000 )-(10000 ) - discrepencies between 'skl' and 'onxpython' for '(24  'predict')'.
predict_proba,py,,10000,10,True,100,1,0.0005561951547861099,0.0061396583914756775,0.0005583250895142555,0.0006408439949154854,0.0006237118178978562,0.0005561951547861099,0.0017113615780515084,100,0.0005629367660731077,1,,,,ERROR: Dim (10000 )-(10000 ) - discrepencies between 'skl' and 'onxpython' for '(24  'predict')'.
predict,skl,1.0,1,20,True,100,1,4.45367768406868e-05,0.002579890191555023,4.466203972697258e-05,6.499327719211578e-05,7.114384323358535e-05,4.45367768406868e-05,0.0005653966013321145,100,4.50394582003355e-05,0,,,,
predict,onxpython,,1,20,True,100,1,5.5442098528146744e-05,9.436998516321182e-05,5.554407835006714e-05,6.37248158454895e-05,5.665091332048178e-05,5.5442098528146744e-05,6.455318816132847e-05,100,5.59207983314991e-05,0,4.0,10.0,817.0,
predict,onxonnxruntime1,,1,20,True,100,1,2.7508940547704697e-05,7.859291508793831e-05,2.761511132121086e-05,3.4129712730646133e-05,2.8601018711924553e-05,2.7508940547704697e-05,3.873314341092549e-05,100,2.7886126190423965e-05,0,4.0,10.0,817.0,
predict_proba,skl,1.0,1,20,True,100,1,5.938997492194176e-05,8.627306669950485e-05,5.959067493677139e-05,7.025990635156631e-05,6.088777910917997e-05,5.938997492194176e-05,6.723092804243169e-05,100,6.005796603858471e-05,0,,,,
predict_proba,onxpython,,1,20,True,100,1,6.759399548172951e-05,9.35741700232029e-05,6.77802599966526e-05,7.598614320158958e-05,6.904128473252058e-05,6.759399548172951e-05,7.516940969132726e-05,100,6.823032163083553e-05,0,4.0,10.0,817.0,
predict_proba,onxonnxruntime1,,1,20,True,100,1,3.123003989458084e-05,4.63300384581089e-05,3.135204315185547e-05,3.414321690797806e-05,3.189700655639172e-05,3.123003989458084e-05,3.493068868415952e-05,100,3.163842484354973e-05,0,4.0,10.0,817.0,
predict,py,,1,20,True,100,1,9.765848517417908e-06,1.9807834178209305e-05,9.90740954875946e-06,1.1326279491186142e-05,1.0227644816040993e-05,9.765848517417908e-06,1.2192211251033394e-05,100,1.0089948773384094e-05,0,,,,
predict_proba,py,,1,20,True,100,1,3.239000216126442e-05,5.16669824719429e-05,3.24910506606102e-05,3.627315163612366e-05,3.318335860967636e-05,3.239000216126442e-05,3.7153793695455836e-05,100,3.284751437604427e-05,0,,,,
predict,skl,1.0,10,20,True,100,1,4.2182859033346176e-05,7.3231291025877e-05,4.2271334677934647e-05,6.244517862796783e-05,4.456198308616877e-05,4.2182859033346176e-05,5.579795902615095e-05,100,4.281499423086643e-05,0,,,,
predict,onxpython,,10,20,True,100,1,5.6916847825050354e-05,8.27256590127945e-05,5.715806037187576e-05,7.960107177495956e-05,5.979686044156551e-05,5.6916847825050354e-05,7.160438897615702e-05,100,5.7541532441973686e-05,0,4.0,10.0,817.0,
predict,onxonnxruntime1,,10,20,True,100,1,2.993689849972725e-05,5.472777411341667e-05,3.003375604748726e-05,5.185091868042946e-05,3.169666044414043e-05,2.993689849972725e-05,4.12745847361555e-05,100,3.0322931706905365e-05,0,4.0,10.0,817.0,
predict_proba,skl,1.0,10,20,True,100,1,5.6469347327947617e-05,8.294126018881798e-05,5.6731048971414566e-05,7.918663322925568e-05,5.918497685343027e-05,5.6469347327947617e-05,7.035897423723588e-05,100,5.714572034776211e-05,0,,,,
predict_proba,onxpython,,10,20,True,100,1,9.392574429512024e-05,0.00011540204286575317,9.408500045537949e-05,0.00011129910126328468,9.726377204060554e-05,9.392574429512024e-05,0.00010762386272691245,100,9.481748566031456e-05,0,4.0,10.0,817.0,
predict_proba,onxonnxruntime1,,10,20,True,100,1,3.6945100873708725e-05,5.2587129175662994e-05,3.697304055094719e-05,5.1375944167375565e-05,3.829655237495899e-05,3.6945100873708725e-05,4.4944545732202194e-05,100,3.73045913875103e-05,0,4.0,10.0,817.0,
predict,py,,10,20,True,100,1,9.408686310052872e-06,2.6128720492124557e-05,9.465962648391724e-06,1.3154000043869019e-05,1.0013296268880367e-05,9.408686310052872e-06,1.3626077467679957e-05,100,9.699026122689247e-06,0,,,,
predict_proba,py,,10,20,True,100,1,3.126589581370354e-05,4.5177992433309555e-05,3.151688724756241e-05,4.086783155798912e-05,3.24009545147419e-05,3.126589581370354e-05,3.668994191768418e-05,100,3.18742822855711e-05,0,,,,
predict,skl,1.0,100,20,True,100,1,4.329485818743706e-05,6.735604256391525e-05,4.3404754251241684e-05,4.960130900144577e-05,4.428968299180269e-05,4.329485818743706e-05,4.928395860047175e-05,100,4.387088119983673e-05,0,,,,
predict,onxpython,,100,20,True,100,1,6.584916263818741e-05,8.84002074599266e-05,6.597582250833511e-05,7.402105256915092e-05,6.700803525745869e-05,6.584916263818741e-05,7.220136629305933e-05,100,6.635254248976707e-05,0,4.0,10.0,817.0,
predict,onxonnxruntime1,,100,20,True,100,1,6.859004497528076e-05,9.240396320819855e-05,7.10110180079937e-05,7.801409810781479e-05,7.212115451693535e-05,6.859004497528076e-05,7.676337971002919e-05,100,7.170741446316242e-05,0,4.0,10.0,817.0,
predict_proba,skl,1.0,100,20,True,100,1,5.960976704955101e-05,0.00013583991676568985,5.983607843518257e-05,7.024873048067093e-05,6.173842120915651e-05,5.960976704955101e-05,7.706060039828276e-05,100,6.030453369021416e-05,0,,,,
predict_proba,onxpython,,100,20,True,100,1,0.0003381911665201187,0.00042315199971199036,0.00034003425389528275,0.0004072687588632107,0.00035189543850719927,0.0003381911665201187,0.00038195323001760575,100,0.00034614233300089836,0,4.0,10.0,817.0,
predict_proba,onxonnxruntime1,,100,20,True,100,1,0.00010965391993522644,0.00017058337107300758,0.00011100107803940773,0.00013461429625749588,0.0001158576738089323,0.00010965391993522644,0.00013455256346958,100,0.00011200294829905033,0,4.0,10.0,817.0,
predict,py,,100,20,True,100,1,1.0599847882986069e-05,2.6360154151916504e-05,1.0632909834384918e-05,1.8852297216653824e-05,1.125868409872055e-05,1.0599847882986069e-05,1.5673790738482797e-05,100,1.0811490938067436e-05,0,,,,
predict_proba,py,,100,20,True,100,1,3.6603305488824844e-05,5.5606942623853683e-05,3.6685261875391006e-05,5.2924733608961105e-05,3.860583994537592e-05,3.6603305488824844e-05,4.6855170991291734e-05,100,3.7161633372306824e-05,0,,,,
predict,skl,1.0,1000,20,True,100,1,5.9643760323524475e-05,0.0001851813867688179,6.067194044589996e-05,0.0001250072382390499,6.627000402659178e-05,5.9643760323524475e-05,9.64206518268014e-05,100,6.295321509242058e-05,0,,,,
predict,onxpython,,1000,20,True,100,1,0.00016464805230498314,0.0002212999388575554,0.00016554491594433784,0.00017666025087237358,0.0001679558912292123,0.00016464805230498314,0.00017961729125288934,100,0.00016672001220285892,0,4.0,10.0,817.0,
predict,onxonnxruntime1,,1000,20,True,100,1,0.00046468107029795647,0.0007362980395555496,0.0004651644267141819,0.0004855962470173836,0.00047105421777814626,0.00046468107029795647,0.0005238873173653095,100,0.0004672640934586525,0,4.0,10.0,817.0,
predict_proba,skl,1.0,1000,20,True,100,1,9.457021951675415e-05,0.00016865599900484085,9.468896314501762e-05,0.00013717496767640114,9.922527708113194e-05,9.457021951675415e-05,0.00011967225349983824,100,9.672646410763264e-05,0,,,,
predict_proba,onxpython,,1000,20,True,100,1,0.002861019689589739,0.0031508938409388065,0.0028721867129206657,0.003136289771646261,0.002970759025774896,0.002861019689589739,0.003134747670626127,100,0.002946186112239957,0,4.0,10.0,817.0,
predict_proba,onxonnxruntime1,,1000,20,True,100,1,0.000818339642137289,0.0009799660183489323,0.0008306186646223068,0.000913750845938921,0.0008509760117158294,0.000818339642137289,0.0008941568408281809,100,0.000846178038045764,0,4.0,10.0,817.0,
predict,py,,1000,20,True,100,1,2.2079795598983765e-05,8.041178807616234e-05,2.221902832388878e-05,5.7363882660865784e-05,2.519523724913597e-05,2.2079795598983765e-05,4.2385628091863846e-05,100,2.3371772840619087e-05,0,,,,
predict_proba,py,,1000,20,True,100,1,8.811568841338158e-05,0.00043755117803812027,8.837832137942314e-05,0.00011745607480406761,9.426997508853674e-05,8.811568841338158e-05,0.00016268930271215297,100,8.969567716121674e-05,0,,,,
predict,skl,1.0,10000,20,True,100,1,0.00016232719644904137,0.00033213524147868156,0.0001632310450077057,0.0002511679194867611,0.00017463542986661195,0.00016232719644904137,0.00022761609117948105,100,0.00016606366261839867,0,,,,
predict,onxpython,,10000,20,True,100,1,0.0008560097776353359,0.0010564769618213177,0.0008568232879042625,0.0008982261642813683,0.0008670754591003061,0.0008560097776353359,0.0009098450985933243,100,0.0008619730360805988,0,4.0,10.0,817.0,
predict,onxonnxruntime1,,10000,20,True,100,1,0.004075183998793364,0.004678403027355671,0.004079545382410288,0.004398434888571501,0.004214510661549866,0.004075183998793364,0.0044371553605861685,100,0.004160857060924172,0,4.0,10.0,817.0,
predict_proba,skl,1.0,10000,20,True,100,1,0.0003722407855093479,0.0005093282088637352,0.00037343520671129227,0.000493485014885664,0.00041584699880331755,0.0003722407855093479,0.00046028376747493335,100,0.0004196788650006056,0,,,,
predict_proba,onxpython,,10000,20,True,100,1,0.02928211586549878,0.030728743877261877,0.029352493584156036,0.03039382118731737,0.029948244956322013,0.029360982693673356,0.03053550721897067,100,0.03000961453653872,0,4.0,10.0,817.0,
predict_proba,onxonnxruntime1,,10000,20,True,100,1,0.0078910649754107,0.00898656016215682,0.007927205879241228,0.008464415092021227,0.008037088364362717,0.0078910649754107,0.008325961593207361,100,0.008004499599337578,0,4.0,10.0,817.0,
predict,py,,10000,20,True,100,1,0.0001035681925714016,0.0002468591555953026,0.00010395189747214317,0.00019023707136511803,0.00011633248999714851,0.0001035681925714016,0.00015653385372472315,100,0.00010793213732540607,0,,,,
predict_proba,py,,10000,20,True,100,1,0.0005942601710557938,0.0006876857951283455,0.0005956781096756458,0.0006161951459944248,0.0006018467340618372,0.0005942601710557938,0.0006213378037868536,100,0.0005998474080115557,0,,,,
predict,skl,1.0,1,50,True,100,1,4.4552143663167953e-05,0.005290989298373461,4.458194598555565e-05,5.089305341243744e-05,9.784556459635496e-05,4.4552143663167953e-05,0.0011208457306305577,100,4.494423046708107e-05,0,,,,
predict,onxpython,,1,50,True,100,1,5.536619573831558e-05,9.605102241039276e-05,5.5522192269563675e-05,6.435718387365341e-05,5.675339139997959e-05,5.536619573831558e-05,6.504205038714884e-05,100,5.5958982557058334e-05,0,4.0,10.0,1117.0,
predict,onxonnxruntime1,,1,50,True,100,1,2.801092341542244e-05,8.158804848790169e-05,2.8036069124937057e-05,3.4135300666093826e-05,2.9059662483632565e-05,2.801092341542244e-05,3.955811756101223e-05,100,2.8341542929410934e-05,0,4.0,10.0,1117.0,
predict_proba,skl,1.0,1,50,True,100,1,5.9781596064567566e-05,8.597364649176598e-05,5.9827230870723724e-05,6.659096106886864e-05,6.0902461409568784e-05,5.9781596064567566e-05,6.66208569559154e-05,100,6.021629087626934e-05,0,,,,
predict_proba,onxpython,,1,50,True,100,1,6.742216646671295e-05,9.328918531537056e-05,6.761541590094566e-05,7.63116404414177e-05,6.881911773234605e-05,6.742216646671295e-05,7.47028402026126e-05,100,6.810901686549187e-05,0,4.0,10.0,1117.0,
predict_proba,onxonnxruntime1,,1,50,True,100,1,3.168173134326935e-05,4.653818905353546e-05,3.177206963300705e-05,3.6487821489572525e-05,3.239163663238287e-05,3.168173134326935e-05,3.561306606528378e-05,100,3.207428380846977e-05,0,4.0,10.0,1117.0,
predict,py,,1,50,True,100,1,9.748619049787521e-06,2.4818815290927887e-05,9.802170097827911e-06,1.3044103980064392e-05,1.036232803016901e-05,9.748619049787521e-06,1.3834212504069774e-05,100,1.0079005733132362e-05,0,,,,
predict_proba,py,,1,50,True,100,1,3.259815275669098e-05,5.108397454023361e-05,3.2665207982063293e-05,3.4188851714134216e-05,3.3217365853488445e-05,3.259815275669098e-05,3.6803934553877976e-05,100,3.3010030165314674e-05,0,,,,
predict,skl,1.0,10,50,True,100,1,4.233513027429581e-05,6.633903831243515e-05,4.24492172896862e-05,5.0599221140146255e-05,4.3300320394337175e-05,4.233513027429581e-05,4.912747029832803e-05,100,4.2730942368507385e-05,0,,,,
predict,onxpython,,10,50,True,100,1,5.8448873460292816e-05,8.246768265962601e-05,5.849078297615051e-05,6.505893543362617e-05,5.9606465511024e-05,5.8448873460292816e-05,6.484246745811729e-05,100,5.9042125940322876e-05,0,4.0,10.0,1117.0,
predict,onxonnxruntime1,,10,50,True,100,1,3.248685970902443e-05,5.777599290013313e-05,3.300327807664871e-05,3.713415935635567e-05,3.3737095072865486e-05,3.248685970902443e-05,3.941070203181151e-05,100,3.32794152200222e-05,0,4.0,10.0,1117.0,
predict_proba,skl,1.0,10,50,True,100,1,5.662906914949417e-05,7.395679131150246e-05,5.67813403904438e-05,6.404798477888107e-05,5.770854651927948e-05,5.662906914949417e-05,6.204388833926809e-05,100,5.712825804948807e-05,0,,,,
predict_proba,onxpython,,10,50,True,100,1,9.503215551376343e-05,0.0001163599081337452,9.536836296319962e-05,0.00010323198512196541,9.675932582467795e-05,9.503215551376343e-05,0.00010192184096102616,100,9.608105756342411e-05,0,4.0,10.0,1117.0,
predict_proba,onxonnxruntime1,,10,50,True,100,1,3.9638951420783997e-05,5.2385032176971436e-05,3.971997648477554e-05,4.450604319572449e-05,4.042193293571472e-05,3.9638951420783997e-05,4.3387534389693544e-05,100,4.010298289358616e-05,0,4.0,10.0,1117.0,
predict,py,,10,50,True,100,1,9.640119969844818e-06,1.784786581993103e-05,9.703915566205978e-06,1.1538155376911163e-05,1.010725274682045e-05,9.640119969844818e-06,1.221928301866179e-05,100,9.943963959813118e-06,0,,,,
predict_proba,py,,10,50,True,100,1,3.153691068291664e-05,4.125107079744339e-05,3.163423389196396e-05,3.305496647953987e-05,3.206546884030104e-05,3.153691068291664e-05,3.3992198818871254e-05,100,3.19196842610836e-05,0,,,,
predict,skl,1.0,100,50,True,100,1,4.4836197048425674e-05,8.527562022209167e-05,4.4901855289936066e-05,5.160598084330559e-05,4.611327778548002e-05,4.4836197048425674e-05,5.4337836556798414e-05,100,4.5343535020947456e-05,0,,,,
predict,onxpython,,100,50,True,100,1,7.088715210556984e-05,0.00010289717465639114,7.105711847543716e-05,7.865810766816139e-05,7.231423631310464e-05,7.088715210556984e-05,7.904282529487539e-05,100,7.155933417379856e-05,0,4.0,10.0,1117.0,
predict,onxonnxruntime1,,100,50,True,100,1,7.716892287135124e-05,0.0001169140450656414,7.884996011853218e-05,8.634384721517563e-05,8.043162059038877e-05,7.716892287135124e-05,8.937793920858221e-05,100,7.958291098475456e-05,0,4.0,10.0,1117.0,
predict_proba,skl,1.0,100,50,True,100,1,6.0888007283210754e-05,9.322911500930786e-05,6.099790334701538e-05,6.87791034579277e-05,6.244556047022343e-05,6.0888007283210754e-05,6.927102120801638e-05,100,6.164051592350006e-05,0,,,,
predict_proba,onxpython,,100,50,True,100,1,0.00034182704985141754,0.00037911999970674515,0.0003451579250395298,0.0003604539670050144,0.00035022686701267956,0.00034182704985141754,0.0003592330158333308,100,0.00034936191514134407,0,4.0,10.0,1117.0,
predict_proba,onxonnxruntime1,,100,50,True,100,1,0.00011658109724521637,0.0001463061198592186,0.00011882418766617775,0.0001415703445672989,0.00012080221436917782,0.00011658109724521637,0.00012982339933331874,100,0.00011974968947470188,0,4.0,10.0,1117.0,
predict,py,,100,50,True,100,1,1.1659227311611176e-05,2.2137071937322617e-05,1.1768657714128494e-05,1.3357028365135193e-05,1.2349914759397507e-05,1.1659227311611176e-05,1.4423878597830166e-05,100,1.2177973985671997e-05,0,,,,
predict_proba,py,,100,50,True,100,1,3.7733931094408035e-05,6.265612319111824e-05,3.795092925429344e-05,4.1513703763484955e-05,3.9019873365759847e-05,3.7733931094408035e-05,4.491730258233676e-05,100,3.849598579108715e-05,0,,,,
predict,skl,1.0,1000,50,True,100,1,7.138121873140335e-05,0.00020853104069828987,7.170485332608223e-05,9.943824261426926e-05,7.745008450001479e-05,7.138121873140335e-05,0.00010572925527997559,100,7.343152537941933e-05,1,,,,ERROR: Dim (1000 )-(1000 ) - discrepencies between 'skl' and 'onxpython' for '(45  'predict')'.
predict,onxpython,,1000,50,True,100,1,0.0002170349471271038,0.00027650874108076096,0.00021758722141385078,0.00022843899205327034,0.00022034141700714828,0.0002170349471271038,0.00023215233456139523,100,0.00021941890008747578,1,4.0,10.0,1117.0,ERROR: Dim (1000 )-(1000 ) - discrepencies between 'skl' and 'onxpython' for '(45  'predict')'.
predict,onxonnxruntime1,,1000,50,True,100,1,0.0005503552965819836,0.0007413793355226517,0.0005509736947715282,0.0005699219182133675,0.0005564519204199314,0.0005503552965819836,0.0005936941626525237,100,0.0005532850045710802,1,4.0,10.0,1117.0,ERROR: Dim (1000 )-(1000 ) - discrepencies between 'skl' and 'onxpython' for '(45  'predict')'.
predict_proba,skl,1.0,1000,50,True,100,1,0.00010627182200551033,0.00017807213589549065,0.00010636216029524803,0.00011724373325705528,0.00010985758155584335,0.00010627182200551033,0.00012586484913572742,100,0.00010829092934727669,1,,,,ERROR: Dim (1000 )-(1000 ) - discrepencies between 'skl' and 'onxpython' for '(45  'predict')'.
predict_proba,onxpython,,1000,50,True,100,1,0.002849401906132698,0.003207823261618614,0.002858364023268223,0.0031459531746804714,0.002975176745094359,0.002849401906132698,0.0031535907694273967,100,0.002936604432761669,1,4.0,10.0,1117.0,ERROR: Dim (1000 )-(1000 ) - discrepencies between 'skl' and 'onxpython' for '(45  'predict')'.
predict_proba,onxonnxruntime1,,1000,50,True,100,1,0.0008962829597294331,0.0010239970870316029,0.0008968301117420197,0.0009307721629738808,0.0009037325344979763,0.0008962829597294331,0.0009318126834675717,100,0.0008993963710963726,1,4.0,10.0,1117.0,ERROR: Dim (1000 )-(1000 ) - discrepencies between 'skl' and 'onxpython' for '(45  'predict')'.
predict,py,,1000,50,True,100,1,3.373017534613609e-05,9.59029421210289e-05,3.3942051231861115e-05,4.423782229423523e-05,3.669035155326128e-05,3.373017534613609e-05,4.893900426569507e-05,100,3.578467294573784e-05,1,,,,ERROR: Dim (1000 )-(1000 ) - discrepencies between 'skl' and 'onxpython' for '(45  'predict')'.
predict_proba,py,,1000,50,True,100,1,9.941309690475464e-05,0.00018058111891150475,0.00010044081136584282,0.00013044802471995354,0.00010345304384827614,9.941309690475464e-05,0.00012144554518936556,100,0.00010163243860006332,1,,,,ERROR: Dim (1000 )-(1000 ) - discrepencies between 'skl' and 'onxpython' for '(45  'predict')'.
predict,skl,1.0,10000,50,True,100,1,0.00028667598962783813,0.0055205631069839,0.0002895081415772438,0.0004116976633667946,0.00039548948407173155,0.00028667598962783813,0.001637303006131803,100,0.0003005741164088249,1,,,,ERROR: Dim (10000 )-(10000 ) - discrepencies between 'skl' and 'onxonnxruntime1' for '(61  'predict')'.
predict,onxpython,,10000,50,True,100,1,0.0011898078955709934,0.0016118423081934452,0.0011916779913008213,0.0013820459134876728,0.0012463531736284495,0.0011898078955709934,0.0013986631937751176,100,0.001205706736072898,1,4.0,10.0,1117.0,ERROR: Dim (10000 )-(10000 ) - discrepencies between 'skl' and 'onxonnxruntime1' for '(61  'predict')'.
predict,onxonnxruntime1,,10000,50,True,100,1,0.005112512968480587,0.005668256897479296,0.005148908123373985,0.005539899691939354,0.00527448643464595,0.005112512968480587,0.005503345934118179,100,0.005227890098467469,1,4.0,10.0,1117.0,ERROR: Dim (10000 )-(10000 ) - discrepencies between 'skl' and 'onxonnxruntime1' for '(61  'predict')'.
predict_proba,skl,1.0,10000,50,True,100,1,0.0004780297167599201,0.0006267521530389786,0.00047918688505887985,0.0005928650498390198,0.0004973547952249646,0.0004780297167599201,0.0005525731122935973,100,0.0004878947511315346,1,,,,ERROR: Dim (10000 )-(10000 ) - discrepencies between 'skl' and 'onxonnxruntime1' for '(61  'predict')'.
predict_proba,onxpython,,10000,50,True,100,1,0.02958092698827386,0.031131820753216743,0.029747513122856617,0.030856169294565916,0.030326994466595352,0.02979617694077573,0.030857811992414975,100,0.030338713666424155,1,4.0,10.0,1117.0,ERROR: Dim (10000 )-(10000 ) - discrepencies between 'skl' and 'onxonnxruntime1' for '(61  'predict')'.
predict_proba,onxonnxruntime1,,10000,50,True,100,1,0.008956248871982098,0.009539918974041939,0.00898706167936325,0.009512364864349365,0.009094175356440247,0.008956248871982098,0.009316804321614965,100,0.00906808883883059,1,4.0,10.0,1117.0,ERROR: Dim (10000 )-(10000 ) - discrepencies between 'skl' and 'onxonnxruntime1' for '(61  'predict')'.
predict,py,,10000,50,True,100,1,0.00020765699446201324,0.00040620891377329826,0.00020934874191880226,0.0003056628629565239,0.00021955895237624646,0.00020765699446201324,0.0002725774055581596,100,0.00021266797557473183,1,,,,ERROR: Dim (10000 )-(10000 ) - discrepencies between 'skl' and 'onxonnxruntime1' for '(61  'predict')'.
predict_proba,py,,10000,50,True,100,1,0.0006581149064004421,0.0009698951616883278,0.0006980840116739273,0.000882948748767376,0.0007137186964973807,0.0006581149064004421,0.0007963524969507667,100,0.00070614879950881,1,,,,ERROR: Dim (10000 )-(10000 ) - discrepencies between 'skl' and 'onxonnxruntime1' for '(61  'predict')'.
predict,skl,1.0,1,100,True,100,1,4.454515874385834e-05,0.012550377752631903,4.471326246857643e-05,0.00015823077410459518,0.00018398508429527284,4.454515874385834e-05,0.002632064184277394,100,4.514399915933609e-05,0,,,,
predict,onxpython,,1,100,True,100,1,5.567306652665138e-05,0.00010718777775764465,5.580810829997063e-05,6.382213905453682e-05,5.7191108353435994e-05,5.567306652665138e-05,6.74742048268262e-05,100,5.622417666018009e-05,0,4.0,10.0,1617.0,
predict,onxonnxruntime1,,1,100,True,100,1,2.783583477139473e-05,9.737303480505943e-05,2.7935020625591278e-05,4.940014332532883e-05,2.972517628222704e-05,2.783583477139473e-05,4.5485370455836636e-05,100,2.825213596224785e-05,0,4.0,10.0,1617.0,
predict_proba,skl,1.0,1,100,True,100,1,6.011687219142914e-05,0.00010042311623692513,6.019696593284607e-05,7.032183930277824e-05,6.168346386402846e-05,6.011687219142914e-05,7.14697427168191e-05,100,6.0538994148373604e-05,0,,,,
predict_proba,onxpython,,1,100,True,100,1,6.785895675420761e-05,9.767711162567139e-05,6.790319457650185e-05,7.625110447406769e-05,6.915516220033168e-05,6.785895675420761e-05,7.589025281682595e-05,100,6.833253428339958e-05,0,4.0,10.0,1617.0,
predict_proba,onxonnxruntime1,,1,100,True,100,1,3.167940303683281e-05,0.00012063607573509216,3.183633089065552e-05,3.7014950066804886e-05,3.344981465488672e-05,3.167940303683281e-05,5.177528048342236e-05,100,3.2081035897135735e-05,0,4.0,10.0,1617.0,
predict,py,,1,100,True,100,1,1.0061077773571014e-05,2.1270010620355606e-05,1.012999564409256e-05,1.0864343494176865e-05,1.0502943769097329e-05,1.0061077773571014e-05,1.2661682049562864e-05,100,1.0367250069975853e-05,0,,,,
predict_proba,py,,1,100,True,100,1,3.248313441872597e-05,5.379877984523773e-05,3.271503373980522e-05,3.5845208913087845e-05,3.3348975703120234e-05,3.248313441872597e-05,3.7629708626764325e-05,100,3.301515243947506e-05,0,,,,
predict,skl,1.0,10,100,True,100,1,4.242779687047005e-05,8.39056447148323e-05,4.2499974370002747e-05,6.811413913965225e-05,4.77817514911294e-05,4.242779687047005e-05,6.460699403424367e-05,100,4.307040944695473e-05,0,,,,
predict,onxpython,,10,100,True,100,1,5.974806845188141e-05,9.899493306875229e-05,5.982769653201103e-05,8.800020441412926e-05,6.332975346595048e-05,5.974806845188141e-05,7.864140278608375e-05,100,6.039603613317013e-05,0,4.0,10.0,1617.0,
predict,onxonnxruntime1,,10,100,True,100,1,3.410317003726959e-05,7.409695535898209e-05,3.4561846405267715e-05,5.4040923714637756e-05,3.584275953471661e-05,3.410317003726959e-05,4.5458583968726475e-05,100,3.4953001886606216e-05,0,4.0,10.0,1617.0,
predict_proba,skl,1.0,10,100,True,100,1,5.6768301874399185e-05,9.822798892855644e-05,5.697878077626228e-05,8.737621828913689e-05,6.145241670310497e-05,5.6768301874399185e-05,7.869293176068514e-05,100,5.746097303926945e-05,0,,,,
predict_proba,onxpython,,10,100,True,100,1,9.577907621860504e-05,0.00012018298730254173,9.616371244192123e-05,0.00011078082025051117,9.825206361711026e-05,9.577907621860504e-05,0.00010615721538427742,100,9.67842061072588e-05,0,4.0,10.0,1617.0,
predict_proba,onxonnxruntime1,,10,100,True,100,1,4.077097401022911e-05,5.508912727236748e-05,4.092324525117874e-05,4.642782732844353e-05,4.167447797954082e-05,4.077097401022911e-05,4.4866482922171016e-05,100,4.1330233216285706e-05,0,4.0,10.0,1617.0,
predict,py,,10,100,True,100,1,9.876210242509842e-06,2.8118956834077835e-05,9.941868484020233e-06,1.8759164959192276e-05,1.0839407332241536e-05,9.876210242509842e-06,1.6036158697324125e-05,100,1.0214745998382568e-05,0,,,,
predict_proba,py,,10,100,True,100,1,3.169802948832512e-05,4.8209913074970245e-05,3.1833071261644363e-05,4.045991227030754e-05,3.259807825088501e-05,3.169802948832512e-05,3.721627619064014e-05,100,3.2144831493496895e-05,0,,,,
predict,skl,1.0,100,100,True,100,1,4.944484680891037e-05,0.00016553513705730438,4.995008930563927e-05,0.00011112680658698082,5.530422553420067e-05,4.944484680891037e-05,8.334564862244813e-05,100,5.254941061139107e-05,0,,,,
predict,onxpython,,100,100,True,100,1,8.622417226433754e-05,0.00013758381828665733,8.699018508195877e-05,9.562494233250618e-05,8.870054967701436e-05,8.622417226433754e-05,9.88623838117631e-05,100,8.78248829394579e-05,0,4.0,10.0,1617.0,
predict,onxonnxruntime1,,100,100,True,100,1,9.666290134191513e-05,0.00016899686306715012,9.960494935512543e-05,0.00010989699512720108,0.00010193172842264175,9.666290134191513e-05,0.00011582106191438111,100,0.00010083639062941074,0,4.0,10.0,1617.0,
predict_proba,skl,1.0,100,100,True,100,1,6.773509085178375e-05,0.0002514920197427273,6.79786317050457e-05,0.0001004580408334732,7.287537213414908e-05,6.773509085178375e-05,0.00011072426805245303,100,6.963033229112625e-05,0,,,,
predict_proba,onxpython,,100,100,True,100,1,0.00037326477468013763,0.0004444108344614506,0.0003739530220627785,0.0003940439783036709,0.0003815388074144721,0.00037326477468013763,0.00039655437857037223,100,0.0003809959162026644,0,4.0,10.0,1617.0,
predict_proba,onxonnxruntime1,,100,100,True,100,1,0.0001393500715494156,0.00020946376025676727,0.00014146417379379272,0.0001514088362455368,0.0001436381647363305,0.0001393500715494156,0.00015718277750247474,100,0.00014255824498832226,0,4.0,10.0,1617.0,
predict,py,,100,100,True,100,1,1.3628043234348297e-05,2.7912668883800507e-05,1.4009885489940643e-05,2.1443236619234085e-05,1.5675625763833523e-05,1.3628043234348297e-05,1.9278615824973373e-05,100,1.5397323295474052e-05,0,,,,
predict_proba,py,,100,100,True,100,1,4.159891977906227e-05,0.00011086184531450272,4.192395135760307e-05,4.826812073588371e-05,4.47213975712657e-05,4.159891977906227e-05,5.8894038119830354e-05,100,4.343339242041111e-05,0,,,,
predict,skl,1.0,1000,100,True,100,1,8.876202628016472e-05,0.0003448743373155594,8.9254230260849e-05,0.0002201758325099945,9.941600728780031e-05,8.876202628016472e-05,0.00016370618603722676,100,9.112036786973476e-05,0,,,,
predict,onxpython,,1000,100,True,100,1,0.0003022211603820324,0.00036466028541326523,0.00030360184609889984,0.0003185216337442398,0.0003078578086569905,0.0003022211603820324,0.0003209319505414851,100,0.000306157860904932,0,4.0,10.0,1617.0,
predict,onxonnxruntime1,,1000,100,True,100,1,0.000674552284181118,0.0009674890898168087,0.000675475224852562,0.0007373038679361343,0.0006986072612926364,0.000674552284181118,0.000755637039761546,100,0.0006964672356843948,0,4.0,10.0,1617.0,
predict_proba,skl,1.0,1000,100,True,100,1,0.00012948783114552498,0.0002537621185183525,0.0001298319548368454,0.00016606319695711136,0.00013889230322092772,0.00012948783114552498,0.00016611446992844205,100,0.00013600685633718967,0,,,,
predict_proba,onxpython,,1000,100,True,100,1,0.0029486077837646008,0.003291888628154993,0.002979801967740059,0.003268373664468527,0.003101637689396739,0.0029486077837646008,0.0032714743771784217,100,0.003074242966249585,0,4.0,10.0,1617.0,
predict_proba,onxonnxruntime1,,1000,100,True,100,1,0.0010314290411770344,0.0012889159843325615,0.0010331310331821442,0.0010991026647388935,0.001067762253805995,0.0010314290411770344,0.001123826327803905,100,0.001062694936990738,0,4.0,10.0,1617.0,
predict,py,,1000,100,True,100,1,5.222996696829796e-05,0.00011173821985721588,5.248980596661568e-05,6.20339997112751e-05,5.629612132906914e-05,5.222996696829796e-05,6.804170867268878e-05,100,5.537574179470539e-05,0,,,,
predict_proba,py,,1000,100,True,100,1,0.00011886795982718468,0.008066159207373857,0.00011947937309741974,0.00021438300609588623,0.0002503546932712197,0.00011886795982718468,0.002038714963906887,100,0.00012208358384668827,0,,,,
predict,skl,1.0,10000,100,True,100,1,0.0005201469175517559,0.0007107178680598736,0.0005234130658209324,0.0006346376612782478,0.0005499178916215896,0.0005201469175517559,0.0006049256822996948,100,0.0005413701292127371,0,,,,
predict,onxpython,,10000,100,True,100,1,0.0022469181567430496,0.0025787800550460815,0.0022561498917639256,0.0024669826962053776,0.0023287554038688542,0.0022469181567430496,0.0024466955927231757,100,0.0023111288901418447,0,4.0,10.0,1617.0,
predict,onxonnxruntime1,,10000,100,True,100,1,0.007076788228005171,0.00750738987699151,0.007091723848134279,0.007494737859815359,0.007238223645836115,0.007076788228005171,0.007460310606959196,100,0.007200370309874415,0,4.0,10.0,1617.0,
predict_proba,skl,1.0,10000,100,True,100,1,0.000750408973544836,0.0012196549214422703,0.0007598730735480785,0.0009041503071784973,0.0007968722842633724,0.000750408973544836,0.0009008245895791361,100,0.0007820548489689827,0,,,,
predict_proba,onxpython,,10000,100,True,100,1,0.030875727999955416,0.06688214326277375,0.031101176980882883,0.06451911805197597,0.03544062476605177,0.030875727999955416,0.053427449628350956,100,0.03175865299999714,0,4.0,10.0,1617.0,
predict_proba,onxonnxruntime1,,10000,100,True,100,1,0.010754121001809835,0.011618994642049074,0.010836155153810978,0.011569810565561056,0.011167128230445087,0.01080681560307707,0.011527440857813103,100,0.011159866349771619,0,4.0,10.0,1617.0,
predict,py,,10000,100,True,100,1,0.0004500807262957096,0.0007536141201853752,0.00045301998034119606,0.0005505816079676151,0.00047697271686047315,0.0004500807262957096,0.0005452666820355665,100,0.00046891882084310055,0,,,,
predict_proba,py,,10000,100,True,100,1,0.0009005861356854439,0.0009992029517889023,0.0009055780246853828,0.0009789057075977325,0.0009207614371553063,0.0009005861356854439,0.000950731979686934,100,0.0009169275872409344,0,,,,
predict,skl,1.0,1,150,True,100,1,4.479940980672836e-05,0.00021840399131178856,4.4936779886484146e-05,5.749659612774849e-05,4.892150405794382e-05,4.479940980672836e-05,8.728073303053513e-05,100,4.534237086772919e-05,0,,,,
predict,onxpython,,1,150,True,100,1,5.591614171862602e-05,0.00015377113595604897,5.609123036265373e-05,6.889086216688156e-05,5.901816301047802e-05,5.591614171862602e-05,8.063070815647075e-05,100,5.650566890835762e-05,0,4.0,10.0,2118.0,
predict,onxonnxruntime1,,1,150,True,100,1,2.8280075639486313e-05,9.402818977832794e-05,2.8352253139019012e-05,3.770412877202034e-05,2.9872185550630092e-05,2.8280075639486313e-05,4.299568099490056e-05,100,2.8666574507951736e-05,0,4.0,10.0,2118.0,
predict_proba,skl,1.0,1,150,True,100,1,5.983607843518257e-05,8.736085146665573e-05,5.987612530589104e-05,7.043266668915749e-05,6.172464229166508e-05,5.983607843518257e-05,6.91726920910695e-05,100,6.038765422999859e-05,0,,,,
predict_proba,onxpython,,1,150,True,100,1,6.80689699947834e-05,0.0001513659954071045,6.833486258983612e-05,8.3905179053545e-05,7.12886918336153e-05,6.80689699947834e-05,8.911654316473542e-05,100,6.891484372317791e-05,0,4.0,10.0,2118.0,
predict_proba,onxonnxruntime1,,1,150,True,100,1,3.211619332432747e-05,0.00011273566633462906,3.228103742003441e-05,4.409719258546829e-05,3.420073539018631e-05,3.211619332432747e-05,5.145601935356483e-05,100,3.255740739405155e-05,0,4.0,10.0,2118.0,
predict,py,,1,150,True,100,1,1.0011252015829086e-05,3.169337287545204e-05,1.0061077773571014e-05,1.3636890798807144e-05,1.0651028715074062e-05,1.0011252015829086e-05,1.527135376735603e-05,100,1.0284129530191422e-05,0,,,,
predict_proba,py,,1,150,True,100,1,3.2724346965551376e-05,5.8478210121393204e-05,3.283005207777023e-05,4.49460931122303e-05,3.404353279620409e-05,3.2724346965551376e-05,4.128320288158169e-05,100,3.312109038233757e-05,0,,,,
predict,skl,1.0,10,150,True,100,1,4.2762141674757004e-05,0.00010548299178481102,4.2932573705911636e-05,6.418395787477493e-05,4.4919410720467566e-05,4.2762141674757004e-05,6.132493655119005e-05,100,4.3288106098771095e-05,0,,,,
predict,onxpython,,10,150,True,100,1,6.05899840593338e-05,0.00012876000255346298,6.0832127928733826e-05,9.430805221199989e-05,6.338790990412235e-05,6.05899840593338e-05,8.085280423578739e-05,100,6.133876740932465e-05,0,4.0,10.0,2118.0,
predict,onxonnxruntime1,,10,150,True,100,1,3.529386594891548e-05,9.185215458273888e-05,3.552529960870743e-05,4.519615322351456e-05,3.711713943630457e-05,3.529386594891548e-05,4.8859653135526146e-05,100,3.594416193664074e-05,0,4.0,10.0,2118.0,
predict_proba,skl,1.0,10,150,True,100,1,5.7227909564971924e-05,0.00012490618973970413,5.736434832215309e-05,8.262507617473602e-05,5.9430082328617575e-05,5.7227909564971924e-05,7.493142197537389e-05,100,5.775061435997486e-05,0,,,,
predict_proba,onxpython,,10,150,True,100,1,9.723659604787827e-05,0.00016170507296919823,9.770970791578293e-05,0.0001233164221048355,0.00010060040280222893,9.723659604787827e-05,0.00011612281060486261,100,9.851064532995224e-05,0,4.0,10.0,2118.0,
predict_proba,onxonnxruntime1,,10,150,True,100,1,4.182802513241768e-05,0.00011018430814146996,4.209531471133232e-05,5.656387656927109e-05,4.3757068924605845e-05,4.182802513241768e-05,5.791211613000855e-05,100,4.2568426579236984e-05,0,4.0,10.0,2118.0,
predict,py,,10,150,True,100,1,1.016305759549141e-05,3.563240170478821e-05,1.0197050869464874e-05,1.0969117283821106e-05,1.0694279335439206e-05,1.016305759549141e-05,1.5628385933114002e-05,100,1.041637733578682e-05,0,,,,
predict_proba,py,,10,150,True,100,1,3.1847041100263596e-05,9.696092456579208e-05,3.2063107937574387e-05,5.0265807658433914e-05,3.3690794371068474e-05,3.1847041100263596e-05,4.7616338871374706e-05,100,3.238441422581673e-05,0,,,,
predict,skl,1.0,100,150,True,100,1,5.294894799590111e-05,0.00017224624752998352,5.373777821660042e-05,0.00012575695291161537,6.047649774700403e-05,5.294894799590111e-05,9.334693297574379e-05,100,5.672033876180649e-05,0,,,,
predict,onxpython,,100,150,True,100,1,9.704520925879478e-05,0.00015049008652567863,9.757606312632561e-05,0.00010494980961084366,9.937971364706755e-05,9.704520925879478e-05,0.00010993572663025841,100,9.845290333032608e-05,0,4.0,10.0,2118.0,
predict,onxonnxruntime1,,100,150,True,100,1,0.00011045904830098152,0.00018618721514940262,0.00011340714991092682,0.00012563494965434074,0.00011597107164561749,0.00011045904830098152,0.0001304092805436795,100,0.00011484511196613312,0,4.0,10.0,2118.0,
predict_proba,skl,1.0,100,150,True,100,1,6.815791130065918e-05,0.0001398990862071514,6.851181387901306e-05,9.426474571228027e-05,7.304813247174025e-05,6.815791130065918e-05,9.140055506053361e-05,100,7.06980936229229e-05,0,,,,
predict_proba,onxpython,,100,150,True,100,1,0.0003839912824332714,0.0004486776888370514,0.0003855237737298012,0.0004054228775203228,0.00039234630297869445,0.0003839912824332714,0.0004068913734875027,100,0.00039124954491853714,0,4.0,10.0,2118.0,
predict_proba,onxonnxruntime1,,100,150,True,100,1,0.0001530391164124012,0.0002170279622077942,0.00015425262972712517,0.0001680268906056881,0.00015770376194268465,0.0001530391164124012,0.00017027957387852192,100,0.0001566852442920208,0,4.0,10.0,2118.0,
predict,py,,100,150,True,100,1,1.488998532295227e-05,3.290921449661255e-05,1.5339814126491547e-05,2.179061993956566e-05,1.7772316932678224e-05,1.488998532295227e-05,2.1857732306632012e-05,100,1.7607584595680237e-05,0,,,,
predict_proba,py,,100,150,True,100,1,4.318077117204666e-05,0.000117539893835783,4.380987957119942e-05,6.10710121691227e-05,4.685137886554003e-05,4.318077117204666e-05,6.260739997897372e-05,100,4.528765566647053e-05,0,,,,
predict,skl,1.0,1000,150,True,100,1,0.0001063719391822815,0.0002629179507493973,0.00010662665590643883,0.0002040741965174675,0.00011642817407846451,0.0001063719391822815,0.00016249710573912254,100,0.00010879896581172943,0,,,,
predict,onxpython,,1000,150,True,100,1,0.0002764025703072548,0.00036912504583597183,0.0002774926833808422,0.0003447472117841244,0.0002851886162534356,0.0002764025703072548,0.00031341087524632314,100,0.00028070807456970215,0,4.0,10.0,2118.0,
predict,onxonnxruntime1,,1000,150,True,100,1,0.0008220672607421875,0.0010292069055140018,0.0008236309513449669,0.0008506570011377335,0.0008302959520369768,0.0008220672607421875,0.0008718049286223567,100,0.0008262910414487123,0,4.0,10.0,2118.0,
predict_proba,skl,1.0,1000,150,True,100,1,0.00014202482998371124,0.0005775759927928448,0.00014240900054574013,0.00021434202790260315,0.00015290229115635156,0.00014202482998371124,0.00024112460185345038,100,0.00014459644444286823,0,,,,
predict_proba,onxpython,,1000,150,True,100,1,0.00309164309874177,0.012230413034558296,0.003110125195235014,0.004993670154362917,0.0033111025393009184,0.00309164309874177,0.00521090642339925,100,0.003169748466461897,0,4.0,10.0,2118.0,
predict_proba,onxonnxruntime1,,1000,150,True,100,1,0.0011528278701007366,0.0013620341196656227,0.0011550062336027622,0.001337622758001089,0.0012136538326740264,0.0011528278701007366,0.0012868834172390577,100,0.0012239438947290182,0,4.0,10.0,2118.0,
predict,py,,1000,150,True,100,1,6.93020410835743e-05,0.00016326503828167915,6.946595385670662e-05,8.714012801647186e-05,7.449166383594275e-05,6.93020410835743e-05,9.581613257993219e-05,100,7.15975183993578e-05,0,,,,
predict_proba,py,,1000,150,True,100,1,0.00013545295223593712,0.0002237618900835514,0.0001361621543765068,0.0001662401482462883,0.00014024465810507535,0.00013545295223593712,0.0001629601136526991,100,0.00013794912956655025,0,,,,
predict,skl,1.0,10000,150,True,100,1,0.0006212778389453888,0.0008927709423005581,0.0006295512430369854,0.0007914840243756771,0.0006647784216329456,0.0006212778389453888,0.00074663801116359,100,0.0006475490517914295,0,,,,
predict,onxpython,,10000,150,True,100,1,0.0027019097469747066,0.003615946974605322,0.0027130339294672012,0.003360065631568432,0.002811186760663986,0.0027019097469747066,0.0030951431219888846,100,0.002762295538559556,0,4.0,10.0,2118.0,
predict,onxonnxruntime1,,10000,150,True,100,1,0.008453468792140484,0.009136951062828302,0.008488940075039864,0.009061233140528202,0.008748106532730162,0.008453468792140484,0.009078599148680127,100,0.008717834949493408,0,4.0,10.0,2118.0,
predict_proba,skl,1.0,10000,150,True,100,1,0.0008281208574771881,0.0014873570762574673,0.0008346177637577057,0.0012360778637230396,0.0008935611881315708,0.0008281208574771881,0.0010922704986767312,100,0.0008569173514842987,0,,,,
predict_proba,onxpython,,10000,150,True,100,1,0.031411325093358755,0.03335629403591156,0.031612259335815907,0.03267304599285126,0.03209819952491671,0.0315250497091262,0.032671349340707215,100,0.03206517966464162,0,4.0,10.0,2118.0,
predict_proba,onxonnxruntime1,,10000,150,True,100,1,0.0122269238345325,0.01288826297968626,0.012316578067839146,0.012870790902525187,0.012502023000270129,0.012231569223014055,0.012772476777526203,100,0.012480025179684162,0,4.0,10.0,2118.0,
predict,py,,10000,150,True,100,1,0.0005690469406545162,0.0009613730944693089,0.0005706809461116791,0.0008439021185040474,0.0006054731737822294,0.0005690469406545162,0.0007246815627375168,100,0.0005881658289581537,0,,,,
predict_proba,py,,10000,150,True,100,1,0.0010103732347488403,0.001431997399777174,0.0010174447670578957,0.0012047886848449707,0.0010518416995182634,0.0010103732347488403,0.0011619218608655997,100,0.001028499100357294,0,,,,
