N,count,dim,lib,lower,max,max3,max_depth,mean,median,method,min,min3,n_estimators,ort_nodes,ort_size,repeat,skl_nb_nase_estimators,skl_rf_nodes,upper
1,10,1,skl,0.0008670749375596642,0.001312265987507999,0.0008903910638764501,2,0.0009222424821928143,0.0008813379681669176,predict,0.0008670749375596642,0.0008754989830777049,1,,,10,11.0,70.0,0.0011775940735714795
1,10,1,ort,2.5736982934176922e-05,0.0003164439694955945,2.8672046028077602e-05,2,5.6334200780838725e-05,2.6285997591912746e-05,predict,2.5736982934176922e-05,2.5807996280491352e-05,1,3.0,3352.0,10,,,0.00022636717359561466
1,10,1,skl,0.0008329759584739804,0.000927044078707695,0.0008656999561935663,2,0.0008581859059631824,0.0008448635344393551,predict_proba,0.0008329759584739804,0.0008426300482824445,1,,,10,11.0,70.0,0.0009141257810077784
1,10,1,ort,2.7613015845417976e-05,5.763303488492966e-05,2.955901436507702e-05,2,3.238440258428455e-05,2.8018956072628498e-05,predict_proba,2.7613015845417976e-05,2.7826987206935883e-05,1,3.0,3352.0,10,,,5.059043779983345e-05
10,10,1,skl,0.0008812600281089544,0.0009403270669281483,0.0009002210572361946,2,0.0008956422097980976,0.0008905549766495824,predict,0.0008812600281089544,0.0008875800995156169,1,,,10,11.0,70.0,0.0009272004294342586
10,10,1,ort,3.236497286707163e-05,5.452008917927742e-05,3.8319965824484825e-05,2,3.653179155662656e-05,3.3298972994089127e-05,predict,3.236497286707163e-05,3.2869051210582256e-05,1,3.0,3352.0,10,,,4.930918801164617e-05
10,10,1,skl,0.0008617700077593327,0.0009073329856619239,0.0008869749726727605,2,0.0008783377008512617,0.0008741925121285021,predict_proba,0.0008617700077593327,0.0008732900023460388,1,,,10,11.0,70.0,0.0009048179593392827
10,10,1,ort,3.835395909845829e-05,6.225798279047012e-05,4.458997864276171e-05,2,4.341808380559087e-05,4.042452201247215e-05,predict_proba,3.835395909845829e-05,3.9602979086339474e-05,1,3.0,3352.0,10,,,5.6898358571759426e-05
1,10,1,skl,0.0008328509284183383,0.0010395849822089076,0.0008873139740899205,2,0.000879168591927737,0.0008570150239393115,predict,0.0008328509284183383,0.0008544129086658359,10,,,10,11.0,70.0,0.000989884225443702
1,10,1,ort,2.597400452941656e-05,8.383800741285086e-05,2.837704960256815e-05,2,3.3042102586477995e-05,2.6771449483931065e-05,predict,2.597400452941656e-05,2.6238965801894665e-05,10,3.0,3352.0,10,,,6.645914958924005e-05
1,10,1,skl,0.0008376949699595571,0.0008775760652497411,0.0008656569989398122,2,0.0008553390158340335,0.0008512830245308578,predict_proba,0.0008376949699595571,0.000847409013658762,10,,,10,11.0,70.0,0.0008775760652497411
1,10,1,ort,2.8279959224164486e-05,4.947604611515999e-05,3.0855066142976284e-05,2,3.163751680403948e-05,2.921104896813631e-05,predict_proba,2.8279959224164486e-05,2.9077986255288124e-05,10,3.0,3352.0,10,,,4.3642620769034416e-05
10,10,1,skl,0.0008614039979875088,0.0010666170855984092,0.0009108729427680373,2,0.0009099060203880072,0.0008921580738388002,predict,0.0008614039979875088,0.0008844860130921006,10,,,10,11.0,70.0,0.0010177469972649583
10,10,1,ort,3.2664043828845024e-05,7.457705214619637e-05,4.245492164045572e-05,2,4.0674791671335696e-05,3.638199996203184e-05,predict,3.2664043828845024e-05,3.2976968213915825e-05,10,3.0,3352.0,10,,,6.431023322240535e-05
10,10,1,skl,0.0008525910088792443,0.0008951539639383554,0.0008906059665605426,2,0.0008766107843257487,0.0008731274865567684,predict_proba,0.0008525910088792443,0.0008689189562574029,10,,,10,11.0,70.0,0.0008951539639383554
10,10,1,ort,3.8016936741769314e-05,6.15749740973115e-05,4.0997983887791634e-05,2,4.1706685442477466e-05,3.8974510971456766e-05,predict_proba,3.8016936741769314e-05,3.849295899271965e-05,10,3.0,3352.0,10,,,5.508567069462056e-05
1,10,1,skl,0.0008323349757120013,0.0010438919998705387,0.0008715150179341435,2,0.000878257502336055,0.0008652969845570624,predict,0.0008323349757120013,0.0008561620488762856,100,,,10,11.0,70.0,0.0009889303905617004
1,10,1,ort,2.6004971005022526e-05,7.715902756899595e-05,2.853991463780403e-05,2,3.233109600841999e-05,2.641748869791627e-05,predict,2.6004971005022526e-05,2.6326044462621212e-05,100,3.0,3352.0,10,,,6.186593604891426e-05
1,10,1,skl,0.0008233790285885334,0.0008793449960649014,0.0008552809013053775,2,0.0008470455184578895,0.0008438410586677492,predict_proba,0.0008233790285885334,0.0008411640301346779,100,,,10,11.0,70.0,0.0008780879951338035
1,10,1,ort,2.7931062504649162e-05,5.74970617890358e-05,3.065995406359434e-05,2,3.284141421318054e-05,2.848752774298191e-05,predict_proba,2.7931062504649162e-05,2.818100620061159e-05,100,3.0,3352.0,10,,,5.069459820814979e-05
10,10,1,skl,0.0008660850580781698,0.0009683279786258936,0.0008905439171940088,2,0.0008893963997252286,0.0008794780005700886,predict,0.0008660850580781698,0.0008767469553276896,100,,,10,11.0,70.0,0.0009453912113386462
10,10,1,ort,3.217894118279219e-05,5.7796016335487366e-05,3.383809234946966e-05,2,3.571059787645936e-05,3.263796679675579e-05,predict,3.217894118279219e-05,3.2550073228776455e-05,100,3.0,3352.0,10,,,5.043563154923383e-05
10,10,1,skl,0.0008502119453623891,0.0008943260181695223,0.0008804249810054898,2,0.0008730253088288009,0.0008698170422576368,predict_proba,0.0008502119453623891,0.0008684149943292141,100,,,10,11.0,70.0,0.0008943260181695223
10,10,1,ort,3.8519036024808884e-05,5.870894528925419e-05,4.1462015360593796e-05,2,4.1666708420962094e-05,3.891653614118695e-05,predict_proba,3.8519036024808884e-05,3.873801324516535e-05,100,3.0,3352.0,10,,,5.332326215081758e-05
1,10,1,skl,0.000850768992677331,0.0010559670627117157,0.0008728599641472101,5,0.0008822376024909317,0.0008567090262658894,predict,0.000850768992677331,0.000853676931001246,1,,,10,11.0,468.0,0.0009995864873278714
1,10,1,ort,2.6618014089763165e-05,7.833191193640232e-05,2.8555048629641533e-05,5,3.306978615000844e-05,2.7411500923335552e-05,predict,2.6618014089763165e-05,2.688402310013771e-05,1,3.0,17884.0,10,,,6.294226992803318e-05
1,10,1,skl,0.0008381960215047002,0.0009249169379472733,0.0008510500192642212,5,0.0008535359054803848,0.0008452740148641169,predict_proba,0.0008381960215047002,0.0008436830248683691,1,,,10,11.0,468.0,0.0009009283228987078
1,10,1,ort,2.8447015210986137e-05,4.8795947805047035e-05,3.058405127376318e-05,5,3.152319695800543e-05,2.9104994609951973e-05,predict_proba,2.8447015210986137e-05,2.8940034098923206e-05,1,3.0,17884.0,10,,,4.315310888805129e-05
10,10,1,skl,0.0008782990043982863,0.0009548229863867164,0.0008884789422154427,5,0.00089353839866817,0.0008848330471664667,predict,0.0008782990043982863,0.0008831869345158339,1,,,10,11.0,468.0,0.0009366624441363963
10,10,1,ort,3.428407944738865e-05,5.873595364391804e-05,4.3020001612603664e-05,5,3.939520101994276e-05,3.568746615201235e-05,predict,3.428407944738865e-05,3.4705037251114845e-05,1,3.0,17884.0,10,,,5.358617112894956e-05
10,10,1,skl,0.0008662359323352575,0.0009355159709230065,0.0009042510064318776,5,0.0008882755064405501,0.0008796770707704127,predict_proba,0.0008662359323352575,0.0008764349622651935,1,,,10,11.0,468.0,0.0009291476242818509
10,10,1,ort,4.025001544505358e-05,6.197707261890173e-05,4.99519519507885e-05,5,4.5573001261800525e-05,4.227150930091739e-05,predict_proba,4.025001544505358e-05,4.089903086423874e-05,1,3.0,17884.0,10,,,5.8633087720427824e-05
1,10,1,skl,0.0008571399375796318,0.0010537240887060761,0.000875213067047298,5,0.000893820624332875,0.0008694670395925641,predict,0.0008571399375796318,0.0008628949290141463,10,,,10,11.0,438.0,0.0010120855192936853
1,10,1,ort,2.6653055101633072e-05,7.86270247772336e-05,3.559596370905638e-05,5,3.506542416289449e-05,2.8647540602833033e-05,predict,2.6653055101633072e-05,2.759508788585663e-05,10,3.0,16789.0,10,,,6.431131879011268e-05
1,10,1,skl,0.0008234259439632297,0.0008999879937618971,0.0008777789771556854,5,0.0008558783680200577,0.000849685980938375,predict_proba,0.0008234259439632297,0.0008461639517918229,10,,,10,11.0,438.0,0.0008981160223277512
1,10,1,ort,2.841197419911623e-05,4.995602648705244e-05,3.106798976659775e-05,5,3.1657703220844266e-05,2.9180955607444048e-05,predict_proba,2.841197419911623e-05,2.874503843486309e-05,10,3.0,16789.0,10,,,4.3965209625308706e-05
10,10,1,skl,0.000865790992975235,0.0009948910446837544,0.0009026980260387063,5,0.000897566310595721,0.0008864194969646633,predict,0.000865790992975235,0.0008829300059005618,10,,,10,11.0,438.0,0.0009646884297405041
10,10,1,ort,3.439595457166433e-05,6.033899262547493e-05,4.401104524731636e-05,5,4.055647877976298e-05,3.7228979635983706e-05,predict,3.439595457166433e-05,3.56319360435009e-05,10,3.0,16789.0,10,,,5.551850218323393e-05
10,10,1,skl,0.0008683890337124467,0.0009128641104325652,0.000896496931090951,5,0.0008849674137309194,0.0008785745012573898,predict_proba,0.0008683890337124467,0.000877414015121758,10,,,10,11.0,438.0,0.0009123680105421055
10,10,1,ort,4.0173064917325974e-05,5.9531070291996e-05,4.979700315743685e-05,5,4.5336305629462006e-05,4.241947317495942e-05,predict_proba,4.0173064917325974e-05,4.082603845745325e-05,10,3.0,16789.0,10,,,5.707303826655118e-05
1,10,1,skl,0.0008319600019603968,0.0010555980261415243,0.0008751839632168412,5,0.0008737394120544196,0.0008509685285389423,predict,0.0008319600019603968,0.0008505349978804588,100,,,10,11.0,510.0,0.000995524379887445
1,10,1,ort,2.6814057491719723e-05,0.00010551302693784237,3.568199463188648e-05,5,3.735022619366646e-05,2.744403900578618e-05,predict,2.6814057491719723e-05,2.7390080504119396e-05,100,3.0,19417.0,10,,,8.257460338236618e-05
1,10,1,skl,0.0008228860097005963,0.0008809930877760053,0.0008600099245086312,5,0.0008485065074637533,0.0008439425146207213,predict_proba,0.0008228860097005963,0.0008436710340902209,100,,,10,11.0,510.0,0.0008790021780754948
1,10,1,ort,2.85289715975523e-05,4.8159039579331875e-05,3.063003532588482e-05,5,3.142320783808827e-05,2.8985494282096624e-05,predict_proba,2.85289715975523e-05,2.8791953809559345e-05,100,3.0,19417.0,10,,,4.264377191296759e-05
10,10,1,skl,0.0008719469187781215,0.0009601600468158722,0.0009027529740706086,5,0.0008999834768474102,0.0008912839693948627,predict,0.0008719469187781215,0.0008880159584805369,100,,,10,11.0,510.0,0.0009465163333829396
10,10,1,ort,3.5217031836509705e-05,6.31590373814106e-05,3.8672005757689476e-05,5,3.961619222536683e-05,3.641098737716675e-05,predict,3.5217031836509705e-05,3.581889905035496e-05,100,3.0,19417.0,10,,,5.54060084233597e-05
10,10,1,skl,0.0008759509073570371,0.0009414969244971871,0.0009049189975485206,5,0.0008970838971436024,0.0008902125409804285,predict_proba,0.0008759509073570371,0.0008847230346873403,100,,,10,11.0,510.0,0.0009337502676696978
10,10,1,ort,4.162592813372612e-05,6.652099546045065e-05,4.522502422332764e-05,5,4.5613187830895184e-05,4.2778963688760996e-05,predict_proba,4.162592813372612e-05,4.2334082536399364e-05,100,3.0,19417.0,10,,,5.9666946828730024e-05
1,10,1,skl,0.000836679944768548,0.0010672849602997303,0.0008656040299683809,10,0.00087845828384161,0.0008575349929742515,predict,0.000836679944768548,0.0008561299182474613,1,,,10,11.0,2960.0,0.0010030262070737732
1,10,1,ort,2.8969021514058113e-05,9.907502681016922e-05,3.124098293483257e-05,10,3.746392903849483e-05,3.009452484548092e-05,predict,2.8969021514058113e-05,2.9567978344857693e-05,1,3.0,113084.0,10,,,7.791896233619257e-05
1,10,1,skl,0.000824876013211906,0.0008817559573799372,0.000858873943798244,10,0.0008497744798660279,0.0008448184235021472,predict_proba,0.000824876013211906,0.0008430490270256996,1,,,10,11.0,2960.0,0.000879377659745227
1,10,1,ort,3.1266012229025364e-05,6.848806515336037e-05,4.941900260746479e-05,10,4.4149195309728385e-05,4.214647924527526e-05,predict_proba,3.1266012229025364e-05,4.0933024138212204e-05,1,3.0,113084.0,10,,,6.450044981578084e-05
10,10,1,skl,0.0008948129834607244,0.001026623067446053,0.0009348229505121708,10,0.0009253414813429117,0.000918285921216011,predict,0.0008948129834607244,0.0008983550360426307,1,,,10,11.0,2960.0,0.0009992646100621648
10,10,1,ort,4.00240533053875e-05,7.087609264999628e-05,4.398799501359463e-05,10,4.562189569696784e-05,4.23934543505311e-05,predict,4.00240533053875e-05,4.158297087997198e-05,1,3.0,113084.0,10,,,6.288187563686422e-05
10,10,1,skl,0.0008751290151849389,0.00105898710899055,0.0009322880068793893,10,0.000921994005329907,0.0009004395105876029,predict_proba,0.0008751290151849389,0.000891392002813518,1,,,10,11.0,2960.0,0.0010247729725752284
10,10,1,ort,4.556705243885517e-05,6.902602035552263e-05,5.527096800506115e-05,10,5.199930164963007e-05,4.9111025873571634e-05,predict_proba,4.556705243885517e-05,4.754401743412018e-05,1,3.0,113084.0,10,,,6.498787186886579e-05
1,10,1,skl,0.0008324390510097146,0.0010765270562842488,0.0009059050353243947,10,0.0008898862171918154,0.0008596465340815485,predict,0.0008324390510097146,0.0008557210676372051,10,,,10,11.0,3232.0,0.0010243156217522307
1,10,1,ort,2.8991024009883404e-05,8.732895366847515e-05,4.586705472320318e-05,10,4.052087897434831e-05,2.9889983125030994e-05,predict,2.8991024009883404e-05,2.950197085738182e-05,10,3.0,123680.0,10,,,7.541064026884341e-05
1,10,1,skl,0.0008260660106316209,0.000944737927056849,0.0008753750007599592,10,0.0008622248889878393,0.0008547689649276435,predict_proba,0.0008260660106316209,0.0008470219327136874,10,,,10,11.0,3232.0,0.0009257778947805342
1,10,1,ort,3.035005647689104e-05,5.378096830099821e-05,3.559200558811426e-05,10,3.489629598334432e-05,3.167253453284502e-05,predict_proba,3.035005647689104e-05,3.120093606412411e-05,10,3.0,123680.0,10,,,4.836922113999275e-05
10,10,1,skl,0.0008887558942660689,0.0009683979442343116,0.000910863047465682,10,0.0009123589028604328,0.0008997095283120871,predict,0.0008887558942660689,0.0008964550215750933,10,,,10,11.0,3232.0,0.0009656049419160343
10,10,1,ort,4.264106974005699e-05,7.14639900252223e-05,5.05190109834075e-05,10,5.008078878745437e-05,4.848395474255085e-05,predict,4.264106974005699e-05,4.554691258817911e-05,10,3.0,123680.0,10,,,6.642681784472078e-05
10,10,1,skl,0.0008715260773897171,0.0009324109414592385,0.0009094430133700371,10,0.0008966622990556061,0.0008908649906516075,predict_proba,0.0008715260773897171,0.000888909911736846,10,,,10,11.0,3232.0,0.0009324109414592385
10,10,1,ort,4.682305734604597e-05,6.960704922676086e-05,5.7299970649182796e-05,10,5.270843394100666e-05,4.98970621265471e-05,predict_proba,4.682305734604597e-05,4.788197111338377e-05,10,3.0,123680.0,10,,,6.619217233177588e-05
1,10,1,skl,0.000860045081935823,0.0011294870637357235,0.000897696940228343,10,0.000907025404740125,0.0008803060045465827,predict,0.000860045081935823,0.000877337995916605,100,,,10,11.0,3324.0,0.0010540198237375955
1,10,1,ort,2.867903094738722e-05,9.70569672062993e-05,3.133900463581085e-05,10,3.6734272725880146e-05,2.9004469979554415e-05,predict,2.867903094738722e-05,2.8908951207995415e-05,100,3.0,127263.0,10,,,7.638114757617574e-05
1,10,1,skl,0.0008629929507151246,0.0009217830374836922,0.0008829490980133414,10,0.0008757779141888022,0.0008681124891154468,predict_proba,0.0008629929507151246,0.0008675799472257495,100,,,10,11.0,3324.0,0.0009084477951572887
1,10,1,ort,2.9338989406824112e-05,5.208398215472698e-05,3.1489995308220387e-05,10,3.277808427810669e-05,3.0284456443041563e-05,predict_proba,2.9338989406824112e-05,2.988905180245638e-05,100,3.0,127263.0,10,,,4.570466828973053e-05
10,10,1,skl,0.0008749950211495161,0.0009694739710539579,0.0009161500493064523,10,0.0009070267318747937,0.000899631530046463,predict,0.0008749950211495161,0.0008930010953918099,100,,,10,11.0,3324.0,0.0009586475594530459
10,10,1,ort,3.840599674731493e-05,6.862706504762173e-05,4.364107735455036e-05,10,4.452171269804239e-05,4.038598854094744e-05,predict,3.840599674731493e-05,3.970495890825987e-05,100,3.0,127263.0,10,,,6.223859255881901e-05
10,10,1,skl,0.0008684899657964706,0.0009822249412536621,0.0009000350255519152,10,0.0009004311752505601,0.0008901129476726055,predict_proba,0.0008684899657964706,0.000888476031832397,100,,,10,11.0,3324.0,0.0009583531400137079
10,10,1,ort,4.4979038648307323e-05,6.953603588044643e-05,5.4594012908637524e-05,10,5.114760715514421e-05,4.742899909615517e-05,predict_proba,4.4979038648307323e-05,4.6520959585905075e-05,100,3.0,127263.0,10,,,6.616681680098602e-05
1,10,5,skl,0.0008346980903297663,0.0010996549390256405,0.0008585769683122635,2,0.0008804426062852145,0.0008543464937247336,predict,0.0008346980903297663,0.0008515730733051896,1,,,10,11.0,68.0,0.001026610444192869
1,10,5,ort,2.669903915375471e-05,7.968198042362928e-05,2.905796281993389e-05,2,3.322870470583439e-05,2.7286005206406116e-05,predict,2.669903915375471e-05,2.7062022127211094e-05,1,3.0,3279.0,10,,,6.380514266426597e-05
1,10,5,skl,0.0008330519776791334,0.0009627509862184525,0.0008677390869706869,2,0.0008630273048765957,0.0008492509950883687,predict_proba,0.0008330519776791334,0.0008468519663438201,1,,,10,11.0,68.0,0.0009345647268412768
1,10,5,ort,2.7652946300804615e-05,5.0715054385364056e-05,2.967403270304203e-05,2,3.092848928645253e-05,2.8109527193009853e-05,predict_proba,2.7652946300804615e-05,2.7870992198586464e-05,1,3.0,3279.0,10,,,4.421892798465637e-05
10,10,5,skl,0.0008559999987483025,0.000954682007431984,0.0008993439842015505,2,0.0008884099894203246,0.0008814474567770958,predict,0.0008559999987483025,0.0008757630130276084,1,,,10,11.0,68.0,0.0009404391920983889
10,10,5,ort,3.276299685239792e-05,6.143702194094658e-05,4.7683948650956154e-05,2,4.088928690180182e-05,3.6039447877556086e-05,predict,3.276299685239792e-05,3.449700307101011e-05,1,3.0,3279.0,10,,,5.83073114797049e-05
10,10,5,skl,0.0008545329328626394,0.0009126259246841073,0.0008901780238375068,2,0.000878094881772995,0.0008695139549672604,predict_proba,0.0008545329328626394,0.0008686559740453959,1,,,10,11.0,68.0,0.0009105138743193731
10,10,5,ort,3.87741019949317e-05,6.118405144661665e-05,4.4544925913214684e-05,2,4.3377210386097434e-05,3.995094448328018e-05,predict_proba,3.87741019949317e-05,3.929599188268185e-05,1,3.0,3279.0,10,,,5.704112398179325e-05
1,10,5,skl,0.0008438910590484738,0.0010542860254645348,0.0008722370257601142,2,0.0008777130162343383,0.0008560034912079573,predict,0.0008438910590484738,0.0008538180263713002,10,,,10,11.0,68.0,0.0009950557948553292
1,10,5,ort,2.6755034923553467e-05,7.681990973651409e-05,2.9067974537611008e-05,2,3.2884487882256505e-05,2.7279485948383808e-05,predict,2.6755034923553467e-05,2.7033034712076187e-05,10,3.0,3279.0,10,,,6.182069207513483e-05
1,10,5,skl,0.0008270039688795805,0.0008810010040178895,0.0008538980036973953,2,0.0008501164033077657,0.0008464375277981162,predict_proba,0.0008270039688795805,0.0008445320418104529,10,,,10,11.0,68.0,0.0008810010040178895
1,10,5,ort,2.8048059903085232e-05,5.7447003200650215e-05,3.0849012546241283e-05,2,3.218238707631826e-05,2.8812442906200886e-05,predict_proba,2.8048059903085232e-05,2.8485897928476334e-05,10,3.0,3279.0,10,,,4.89623893229991e-05
10,10,5,skl,0.0008697189623489976,0.000991217908449471,0.0009010100038722157,2,0.0008939970983192324,0.0008790009887889028,predict,0.0008697189623489976,0.0008779290365055203,10,,,10,11.0,68.0,0.0009613069146222778
10,10,5,ort,3.270397428423166e-05,5.80900814384222e-05,4.20459546148777e-05,2,3.840578719973564e-05,3.4867029171437025e-05,predict,3.270397428423166e-05,3.3709919080138206e-05,10,3.0,3279.0,10,,,5.287940129990566e-05
10,10,5,skl,0.0008618240244686604,0.0009082390461117029,0.0008858819492161274,2,0.0008780465112067759,0.0008705640793778002,predict_proba,0.0008618240244686604,0.0008696130244061351,10,,,10,11.0,68.0,0.000906942103437542
10,10,5,ort,3.9846054278314114e-05,6.184808444231749e-05,4.802201874554157e-05,2,4.652033094316721e-05,4.278402775526047e-05,predict_proba,3.9846054278314114e-05,4.16050897911191e-05,10,3.0,3279.0,10,,,6.146822244622813e-05
1,10,5,skl,0.000832388992421329,0.0010749449720606208,0.0008640189189463854,2,0.0008802250842563808,0.0008602014859206975,predict,0.000832388992421329,0.0008576089749112725,100,,,10,11.0,70.0,0.0010093321387958064
1,10,5,ort,2.6420922949910164e-05,7.683399599045515e-05,2.901395782828331e-05,2,3.267618594691157e-05,2.6892463210970163e-05,predict,2.6420922949910164e-05,2.670101821422577e-05,100,3.0,3352.0,10,,,6.179246763394496e-05
1,10,5,skl,0.0008423510007560253,0.0008867260767146945,0.0008676439756527543,2,0.0008554878877475858,0.0008478580275550485,predict_proba,0.0008423510007560253,0.00084594392683357,100,,,10,11.0,70.0,0.0008846080538430954
1,10,5,ort,2.8220005333423615e-05,5.156500265002251e-05,3.063597250729799e-05,2,3.1719799153506756e-05,2.8912501875311136e-05,predict_proba,2.8220005333423615e-05,2.866610884666443e-05,100,3.0,3352.0,10,,,4.5055734359383614e-05
10,10,5,skl,0.0008614310063421726,0.0009577589808031917,0.0009146899683400989,2,0.0008920533233322203,0.0008803355740383267,predict,0.0008614310063421726,0.0008777250768616796,100,,,10,11.0,70.0,0.0009464894273418978
10,10,5,ort,3.266904968768358e-05,6.813392974436283e-05,3.508699592202902e-05,2,3.741900436580181e-05,3.33139905706048e-05,predict,3.266904968768358e-05,3.327801823616028e-05,100,3.0,3352.0,10,,,5.773372115388411e-05
10,10,5,skl,0.0008574890671297908,0.000920534017495811,0.0008783289231359959,2,0.0008785677142441273,0.0008735835435800254,predict_proba,0.0008574890671297908,0.0008715749718248844,100,,,10,11.0,70.0,0.0009123459542611405
10,10,5,ort,3.89530323445797e-05,6.87349820509553e-05,4.072592128068209e-05,2,4.372539697214961e-05,3.936351276934147e-05,predict_proba,3.89530323445797e-05,3.9245933294296265e-05,100,3.0,3352.0,10,,,6.180121024921748e-05
1,10,5,skl,0.0008354580495506525,0.0010452340357005596,0.0008957750396803021,5,0.0008822028175927699,0.0008579890127293766,predict,0.0008354580495506525,0.0008547069737687707,1,,,10,11.0,500.0,0.00099623596912149
1,10,5,ort,2.793793100863695e-05,7.855298463255167e-05,3.0487077310681343e-05,5,3.426631446927786e-05,2.854154445230961e-05,predict,2.793793100863695e-05,2.8358888812363148e-05,1,3.0,19052.0,10,,,6.344070874419666e-05
1,10,5,skl,0.0008251459803432226,0.0008908959571272135,0.0008820990333333611,5,0.0008545414777472616,0.0008452609763480723,predict_proba,0.0008251459803432226,0.0008434959454461932,1,,,10,11.0,500.0,0.0008908959571272135
1,10,5,ort,2.8582988306879997e-05,4.8236921429634094e-05,3.369804471731186e-05,5,3.248390275985002e-05,2.978701377287507e-05,predict_proba,2.8582988306879997e-05,2.9064947739243507e-05,1,3.0,19052.0,10,,,4.395430643505892e-05
10,10,5,skl,0.0008754279697313905,0.0009494839468970895,0.0008890259778127074,5,0.0008925994858145714,0.0008858254877850413,predict,0.0008754279697313905,0.0008832380408421159,1,,,10,11.0,500.0,0.0009344029477837034
10,10,5,ort,3.5288045182824135e-05,6.1001977883279324e-05,4.466890823096037e-05,5,4.110530717298389e-05,3.73370130546391e-05,predict,3.5288045182824135e-05,3.633194137364626e-05,1,3.0,19052.0,10,,,5.5927251064189304e-05
10,10,5,skl,0.0008568359771743417,0.0009127779630944133,0.0008944929577410221,5,0.0008827756857499481,0.0008792594890110195,predict_proba,0.0008568359771743417,0.0008761610370129347,1,,,10,11.0,500.0,0.0009119184298705049
10,10,5,ort,4.15419926866889e-05,6.377894897013903e-05,4.768592771142721e-05,5,4.605449503287673e-05,4.337652353569865e-05,predict_proba,4.15419926866889e-05,4.278100095689297e-05,1,3.0,19052.0,10,,,5.873293337093872e-05
1,10,5,skl,0.000835709972307086,0.0010619269451126456,0.0008828600402921438,5,0.0008805914199911058,0.0008599105640314519,predict,0.000835709972307086,0.0008557690307497978,10,,,10,11.0,490.0,0.0010028687260601535
1,10,5,ort,2.7445959858596325e-05,7.805193308740854e-05,2.971698995679617e-05,5,3.3710571005940435e-05,2.7982459869235754e-05,predict,2.7445959858596325e-05,2.7586007490754128e-05,10,3.0,18687.0,10,,,6.294203211244279e-05
1,10,5,skl,0.0008331389399245381,0.0008719750912860036,0.0008654530392959714,5,0.0008510874933563173,0.0008466069702990353,predict_proba,0.0008331389399245381,0.0008406650740653276,10,,,10,11.0,490.0,0.0008719750912860036
1,10,5,ort,2.8949929401278496e-05,5.0012022256851196e-05,3.732007462531328e-05,5,3.373841755092144e-05,3.0538998544216156e-05,predict_proba,2.8949929401278496e-05,2.9699993319809437e-05,10,3.0,18687.0,10,,,4.593301490904221e-05
10,10,5,skl,0.0008832820458337665,0.0009929550578817725,0.0009084310149773955,5,0.0009068790008313954,0.0008956135134212673,predict,0.0008832820458337665,0.0008899300592020154,10,,,10,11.0,490.0,0.0009684081075425139
10,10,5,ort,3.56950331479311e-05,6.550399120897055e-05,3.877701237797737e-05,5,4.051612922921777e-05,3.7244055420160294e-05,predict,3.56950331479311e-05,3.683008253574371e-05,10,3.0,18687.0,10,,,5.731948148567804e-05
10,10,5,skl,0.0008684140630066395,0.0009086459176614881,0.0008986610919237137,5,0.0008887995034456253,0.0008844434632919729,predict_proba,0.0008684140630066395,0.0008817100897431374,10,,,10,11.0,490.0,0.0009086459176614881
10,10,5,ort,4.262791480869055e-05,6.445299368351698e-05,5.100097041577101e-05,5,4.782138857990503e-05,4.47805505245924e-05,predict_proba,4.262791480869055e-05,4.372198600322008e-05,10,3.0,18687.0,10,,,6.0322562106736736e-05
1,10,5,skl,0.000849749892950058,0.0010581209789961576,0.0008726599626243114,5,0.0008824014803394675,0.0008661655010655522,predict,0.000849749892950058,0.0008591850055381656,100,,,10,11.0,556.0,0.0009985124535975142
1,10,5,ort,2.736796159297228e-05,7.824599742889404e-05,3.0003953725099564e-05,5,3.37436911650002e-05,2.8147478587925434e-05,predict,2.736796159297228e-05,2.7847010642290115e-05,100,3.0,21096.0,10,,,6.305723050736766e-05
1,10,5,skl,0.0008352979784831405,0.000912990071810782,0.0008616230916231871,5,0.0008543294039554894,0.0008480904507450759,predict_proba,0.0008352979784831405,0.0008421479724347591,100,,,10,11.0,556.0,0.0008959788190949491
1,10,5,ort,2.883095294237137e-05,5.0492933951318264e-05,3.070698585361242e-05,5,3.181489882990718e-05,2.9339513275772333e-05,predict_proba,2.883095294237137e-05,2.9002083465456963e-05,100,3.0,21096.0,10,,,4.426699164773062e-05
10,10,5,skl,0.0008664419874548912,0.0010194799397140741,0.0009197909384965897,5,0.0009142046794295311,0.0008974134689196944,predict,0.0008664419874548912,0.0008879200322553515,100,,,10,11.0,556.0,0.0009991081271894515
10,10,5,ort,3.599200863391161e-05,6.617698818445206e-05,3.864895552396774e-05,5,4.011080600321293e-05,3.655202453956008e-05,predict,3.599200863391161e-05,3.6398996599018574e-05,100,3.0,21096.0,10,,,5.745607826794127e-05
10,10,5,skl,0.0008672160329297185,0.0009702399838715792,0.0008879019878804684,5,0.0008896286017261446,0.0008818200440146029,predict_proba,0.0008672160329297185,0.0008810020517557859,100,,,10,11.0,556.0,0.0009445604296905665
10,10,5,ort,4.204700235277414e-05,6.565696094185114e-05,4.483398515731096e-05,5,4.566491115838289e-05,4.284654278308153e-05,predict_proba,4.204700235277414e-05,4.257005639374256e-05,100,3.0,21096.0,10,,,5.914206567632135e-05
1,10,5,skl,0.0008419039659202099,0.001107466989196837,0.0008733250433579087,10,0.000885530503001064,0.0008609344367869198,predict,0.0008419039659202099,0.0008566860342398286,1,,,10,11.0,4446.0,0.0010320435430225265
1,10,5,ort,2.8447015210986137e-05,8.931406773626804e-05,3.195903263986111e-05,10,3.661750815808773e-05,3.0128518119454384e-05,predict,2.8447015210986137e-05,2.9579969123005867e-05,1,3.0,171026.0,10,,,7.13084062396465e-05
1,10,5,skl,0.0008269490208476782,0.0008811530424281955,0.0008578540291637182,10,0.0008497587172314524,0.0008475944632664323,predict_proba,0.0008269490208476782,0.0008464499842375517,1,,,10,11.0,4446.0,0.0008795567701496782
1,10,5,ort,3.011501394212246e-05,6.0620950534939766e-05,3.261107485741377e-05,10,3.5440304782241586e-05,3.134552389383316e-05,predict_proba,3.011501394212246e-05,3.0810944736003876e-05,1,3.0,171026.0,10,,,5.368536911520309e-05
10,10,5,skl,0.0008881050162017345,0.0009873410454019904,0.0009199379710480571,10,0.0009113837033510209,0.0009011339861899614,predict,0.0008881050162017345,0.0008979690028354526,1,,,10,11.0,4446.0,0.000965498381620947
10,10,5,ort,4.268891643732786e-05,7.292197551578283e-05,5.5773998610675335e-05,10,5.011529428884387e-05,4.536856431514025e-05,predict,4.268891643732786e-05,4.47490019723773e-05,1,3.0,171026.0,10,,,6.786426665039297e-05
10,10,5,skl,0.0008845760021358728,0.000928753986954689,0.0009068199433386326,10,0.0009009229950606823,0.0008962114807218313,predict_proba,0.0008845760021358728,0.0008941189153119922,1,,,10,11.0,4446.0,0.0009264208897184924
10,10,5,ort,4.898908082395792e-05,7.187505252659321e-05,5.101901479065418e-05,10,5.262622144073248e-05,5.037052324041724e-05,predict_proba,4.898908082395792e-05,5.01010799780488e-05,1,3.0,171026.0,10,,,6.541427600717275e-05
1,10,5,skl,0.0008465120336040854,0.0010983269894495606,0.0008794260211288929,10,0.0008884006994776428,0.0008690840331837535,predict,0.0008465120336040854,0.0008585209725424647,10,,,10,11.0,4544.0,0.001027529502145491
1,10,5,ort,3.0069961212575436e-05,9.060092270374298e-05,3.950390964746475e-05,10,4.048328846693039e-05,3.2957002986222506e-05,predict,3.0069961212575436e-05,3.127101808786392e-05,10,3.0,174851.0,10,,,7.475791045174988e-05
1,10,5,skl,0.0008294623535936476,0.0008718209573999047,0.0008644729387015104,10,0.0008539326838217676,0.0008534444496035576,predict_proba,0.0008279470494017005,0.0008476339280605316,10,,,10,11.0,4544.0,0.0008718209573999047
1,10,5,ort,3.0791969038546085e-05,5.239096935838461e-05,3.320001997053623e-05,10,3.422850277274847e-05,3.1844014301896095e-05,predict_proba,3.0791969038546085e-05,3.147497773170471e-05,10,3.0,174851.0,10,,,4.6468936327715004e-05
10,10,5,skl,0.0008941750274971128,0.001013502012938261,0.0009269959991797805,10,0.0009202732006087899,0.0009109869715757668,predict,0.0008941750274971128,0.0009035400580614805,10,,,10,11.0,4544.0,0.0009853794332316957
10,10,5,ort,4.4335960410535336e-05,8.125999011099339e-05,4.9366033636033535e-05,10,5.142999580129981e-05,4.793598782271147e-05,predict,4.4335960410535336e-05,4.753295797854662e-05,10,3.0,174851.0,10,,,7.165453263492281e-05
10,10,5,skl,0.0008932830533012748,0.000958598917350173,0.0009014550596475601,10,0.0009062997065484524,0.0009002140141092241,predict_proba,0.0008932830533012748,0.0008956539677456021,10,,,10,11.0,4544.0,0.0009439296168814292
10,10,5,ort,5.0080008804798126e-05,7.538602221757174e-05,6.008101627230644e-05,10,5.659760208800435e-05,5.331449210643768e-05,predict_proba,5.0080008804798126e-05,5.276699084788561e-05,10,3.0,174851.0,10,,,7.054838756173623e-05
1,10,5,skl,0.0008358299965038896,0.0011426249984651804,0.0008797209011390805,10,0.0008915102807804942,0.0008656139834783971,predict,0.0008358299965038896,0.0008584009483456612,100,,,10,11.0,5176.0,0.0010576029445809106
1,10,5,ort,2.949591726064682e-05,9.219697676599026e-05,3.259198274463415e-05,10,3.746799193322658e-05,3.0846043955534697e-05,predict,2.949591726064682e-05,3.062398172914982e-05,100,3.0,199500.0,10,,,7.344356756173483e-05
1,10,5,skl,0.0008261179318651557,0.001010996988043189,0.0008698340971022844,10,0.00086664620321244,0.0008496155496686697,predict_proba,0.0008261179318651557,0.0008432479808107018,100,,,10,11.0,5176.0,0.0009647824443276959
1,10,5,ort,3.050500527024269e-05,5.068792961537838e-05,3.33680072799325e-05,10,3.35868913680315e-05,3.1167990528047085e-05,predict_proba,3.050500527024269e-05,3.0942028388381004e-05,100,3.0,199500.0,10,,,4.509523679329101e-05
10,10,5,skl,0.0008814090397208929,0.0009858330013230443,0.0009121970506384969,10,0.0009099073125980794,0.0008992155781015754,predict,0.0008814090397208929,0.0008986589964479208,100,,,10,11.0,5176.0,0.0009637450602615836
10,10,5,ort,4.463805817067623e-05,7.705297321081161e-05,5.238305311650038e-05,10,5.168140633031726e-05,4.836003063246608e-05,predict,4.463805817067623e-05,4.724995233118534e-05,100,3.0,199500.0,10,,,6.931983143284315e-05
10,10,5,skl,0.0008755730232223868,0.0009266770211979747,0.0009005919564515352,10,0.0008989218855276704,0.0008964344742707908,predict_proba,0.0008755730232223868,0.0008939190302044153,100,,,10,11.0,5176.0,0.0009244736314583736
10,10,5,ort,4.972098395228386e-05,7.114594336599112e-05,5.3574913181364536e-05,10,5.4107385221868756e-05,5.168101051822305e-05,predict_proba,4.972098395228386e-05,5.104497540742159e-05,100,3.0,199500.0,10,,,6.595849444766851e-05
1,10,10,skl,0.0008515249937772751,0.0011097050737589598,0.0008912399644032121,2,0.0008992425049655139,0.0008779920171946287,predict,0.0008515249937772751,0.0008676090510562062,1,,,10,11.0,68.0,0.0010406180688204883
1,10,10,ort,2.6170979253947735e-05,8.582393638789654e-05,2.8521986678242683e-05,2,3.331757616251707e-05,2.6802008505910635e-05,predict,2.6170979253947735e-05,2.629798837006092e-05,1,3.0,3279.0,10,,,6.782864261679203e-05
1,10,10,skl,0.000841944944113493,0.0009095759596675634,0.0008580869762226939,2,0.0008588855853304267,0.0008478875388391316,predict_proba,0.000841944944113493,0.0008446169085800648,1,,,10,11.0,68.0,0.0009061475487361659
1,10,10,ort,2.818298526108265e-05,0.0001087050186470151,4.440499469637871e-05,2,4.1593099012970924e-05,3.1236966606229544e-05,predict_proba,2.818298526108265e-05,2.8681010007858276e-05,1,3.0,3279.0,10,,,8.742778895280896e-05
10,10,10,skl,0.0008661659667268395,0.0009489509975537658,0.0008995350217446685,2,0.000892665097489953,0.0008802219526842237,predict,0.0008661659667268395,0.0008779260097071528,1,,,10,11.0,68.0,0.000945750916951437
10,10,10,ort,3.276299685239792e-05,6.820796988904476e-05,3.5433913581073284e-05,2,3.7519470788538455e-05,3.3424992579966784e-05,predict,3.276299685239792e-05,3.320397809147835e-05,1,3.0,3279.0,10,,,5.789030501370429e-05
10,10,10,skl,0.0008696930017322302,0.0009280089288949966,0.0009114870335906744,2,0.0008938355953432619,0.0008863660041242838,predict_proba,0.0008696930017322302,0.0008844980038702488,1,,,10,11.0,68.0,0.0009280089288949966
10,10,10,ort,3.9439997635781765e-05,6.265996489673853e-05,5.123298615217209e-05,2,4.4548290316015485e-05,4.015146987512708e-05,predict_proba,3.9439997635781765e-05,3.982905764132738e-05,1,3.0,3279.0,10,,,5.964785563871607e-05
1,10,10,skl,0.0008459350792691112,0.0010553180472925305,0.0008760750060901046,2,0.0008820722228847444,0.0008609144715592265,predict,0.0008459350792691112,0.0008524050936102867,10,,,10,11.0,70.0,0.00099892013384392
1,10,10,ort,2.693000715225935e-05,7.770501542836428e-05,2.883200068026781e-05,2,3.313891356810927e-05,2.753903390839696e-05,predict,2.693000715225935e-05,2.7365051209926605e-05,10,3.0,3352.0,10,,,6.248959166531275e-05
1,10,10,skl,0.0008265450596809387,0.000879582017660141,0.0008580690482631326,2,0.0008506887126713992,0.0008469995227642357,predict_proba,0.0008265450596809387,0.0008452360052615404,10,,,10,11.0,70.0,0.000879582017660141
1,10,10,ort,2.816098276525736e-05,4.714110400527716e-05,3.708992153406143e-05,2,3.297931980341673e-05,3.0198541935533285e-05,predict_proba,2.816098276525736e-05,2.936495002359152e-05,10,3.0,3352.0,10,,,4.43395541049925e-05
10,10,10,skl,0.0008612429955974221,0.0009576460579410195,0.0009103310294449329,2,0.0008947217953391373,0.0008840359514579177,predict,0.0008612429955974221,0.0008785439422354102,10,,,10,11.0,70.0,0.0009465024045542099
10,10,10,ort,3.315904177725315e-05,6.0779042541980743e-05,3.544706851243973e-05,2,3.701323876157403e-05,3.3827556762844324e-05,predict,3.315904177725315e-05,3.350991755723953e-05,10,3.0,3352.0,10,,,5.288022703776257e-05
10,10,10,skl,0.0008524899603798985,0.001534553011879325,0.0008944900473579764,2,0.0009433179977349937,0.0008762084762565792,predict_proba,0.0008524899603798985,0.0008740050252526999,10,,,10,11.0,70.0,0.0013303953484350033
10,10,10,ort,3.930798266083002e-05,7.097190245985985e-05,4.1291932575404644e-05,2,4.343704786151648e-05,3.9906997699290514e-05,predict_proba,3.930798266083002e-05,3.9760954678058624e-05,10,3.0,3352.0,10,,,6.162903717415192e-05
1,10,10,skl,0.0008395710028707981,0.0010799888987094164,0.0008746839594095945,2,0.0008829450700432063,0.0008640394662506878,predict,0.0008395710028707981,0.0008543509757146239,100,,,10,11.0,70.0,0.0010135012734948407
1,10,10,ort,2.663908526301384e-05,9.572505950927734e-05,2.8731999918818474e-05,2,3.469870425760746e-05,2.7238507755100727e-05,predict,2.663908526301384e-05,2.6966910809278488e-05,100,3.0,3352.0,10,,,7.472775583350404e-05
1,10,10,skl,0.0008288780227303505,0.0008747170213609934,0.0008494299836456776,2,0.0008476451970636844,0.0008449614397250116,predict_proba,0.0008288780227303505,0.0008415339980274439,100,,,10,11.0,70.0,0.000871711879145459
1,10,10,ort,2.8159935027360916e-05,4.544900730252266e-05,2.9771937988698483e-05,2,3.082926850765944e-05,2.8675480280071497e-05,predict_proba,2.8159935027360916e-05,2.8543989174067974e-05,100,3.0,3352.0,10,,,4.072997533137518e-05
10,10,10,skl,0.0008586629992350936,0.0009691459126770496,0.0008904749993234873,2,0.0008894405676983297,0.0008792619919404387,predict,0.0008586629992350936,0.0008761410135775805,100,,,10,11.0,70.0,0.0009465293095495812
10,10,10,ort,3.309908788651228e-05,5.715107545256615e-05,3.5331002436578274e-05,2,3.662212984636426e-05,3.375357482582331e-05,predict,3.309908788651228e-05,3.362097777426243e-05,100,3.0,3352.0,10,,,5.03968717392275e-05
10,10,10,skl,0.0008530800696462393,0.000913323019631207,0.000895654084160924,2,0.000878075510263443,0.0008705169893801212,predict_proba,0.0008530800696462393,0.0008691760012879968,100,,,10,11.0,70.0,0.000913323019631207
10,10,10,ort,3.932393155992031e-05,5.811895243823528e-05,4.150101449340582e-05,2,4.235869273543358e-05,4.000146873295307e-05,predict_proba,3.932393155992031e-05,3.95940151065588e-05,100,3.0,3352.0,10,,,5.328337626120699e-05
1,10,10,skl,0.0008341619977727532,0.0010573170147836208,0.0008736429736018181,5,0.0008777164039202034,0.0008576115360483527,predict,0.0008341619977727532,0.0008525369921699166,1,,,10,11.0,476.0,0.0009976063989303424
1,10,10,ort,2.6857014745473862e-05,8.015800267457962e-05,3.575300797820091e-05,5,3.5242410376667976e-05,2.9162969440221786e-05,predict,2.6857014745473862e-05,2.750800922513008e-05,1,3.0,18176.0,10,,,6.534709515639277e-05
1,10,10,skl,0.0008235800778493285,0.0008810439612716436,0.0008531799539923668,5,0.0008479072013869882,0.0008424535626545548,predict_proba,0.0008235800778493285,0.0008408209541812539,1,,,10,11.0,476.0,0.0008791338998215046
1,10,10,ort,2.8345966711640358e-05,4.743598401546478e-05,3.096298314630985e-05,5,3.1445303466171024e-05,2.9062503017485142e-05,predict_proba,2.8345966711640358e-05,2.874806523323059e-05,1,3.0,18176.0,10,,,4.2270622000253075e-05
10,10,10,skl,0.000869124080054462,0.000955205992795527,0.0008948120521381497,5,0.0008927613031119108,0.000887075497303158,predict,0.000869124080054462,0.0008836719207465649,1,,,10,11.0,476.0,0.0009369248599969668
10,10,10,ort,3.52680217474699e-05,6.252096500247717e-05,3.827305044978857e-05,5,3.921709721907973e-05,3.607146209105849e-05,predict,3.52680217474699e-05,3.5702018067240715e-05,1,3.0,18176.0,10,,,5.4790855780082305e-05
10,10,10,skl,0.0008607860654592514,0.0009168419055640697,0.000887315021827817,5,0.0008838589303195477,0.0008807175909169018,predict_proba,0.0008607860654592514,0.0008802830707281828,1,,,10,11.0,476.0,0.0009099400241360689
10,10,10,ort,4.140404053032398e-05,6.04529632255435e-05,4.426401574164629e-05,5,4.4616195373237134e-05,4.247698234394193e-05,predict_proba,4.140404053032398e-05,4.189298488199711e-05,1,3.0,18176.0,10,,,5.533795547742074e-05
1,10,10,skl,0.0008686430519446731,0.0010843129130080342,0.0008982160361483693,5,0.000903506192844361,0.0008839229703880847,predict,0.0008686430519446731,0.0008775580208748579,10,,,10,11.0,548.0,0.0010236269267985525
1,10,10,ort,2.788403071463108e-05,9.241304360330105e-05,3.165495581924915e-05,5,3.6001496482640505e-05,2.87584844045341e-05,predict,2.788403071463108e-05,2.8389040380716324e-05,10,3.0,20804.0,10,,,7.313264607962554e-05
1,10,10,skl,0.0008605050388723612,0.0009205540409311652,0.0008794600144028664,5,0.0008781690266914666,0.000870522519107908,predict_proba,0.0008605050388723612,0.0008691940456628799,10,,,10,11.0,548.0,0.0009135283470141809
1,10,10,ort,2.9167975299060345e-05,5.021702963858843e-05,4.090799484401941e-05,5,3.420801367610693e-05,2.9823975637555122e-05,predict_proba,2.9167975299060345e-05,2.9611983336508274e-05,10,3.0,20804.0,10,,,4.844422502197644e-05
10,10,10,skl,0.0009049830259755254,0.0339016099460423,0.0009945089695975184,5,0.004244619212113321,0.0009299705270677805,predict,0.0009049830259755254,0.0009214640595018864,10,,,10,11.0,548.0,0.023620725541319384
10,10,10,ort,3.7242076359689236e-05,0.00011435803025960922,4.237191751599312e-05,5,4.6862487215548755e-05,3.8437952753156424e-05,predict,3.7242076359689236e-05,3.7913909181952477e-05,10,3.0,20804.0,10,,,9.123882242479062e-05
10,10,10,skl,0.0008894109632819891,0.0009380700066685677,0.0009309150045737624,5,0.0009134924970567226,0.000908015004824847,predict_proba,0.0008894109632819891,0.0009051129454746842,10,,,10,11.0,548.0,0.0009380700066685677
10,10,10,ort,4.316610284149647e-05,6.66370615363121e-05,5.25530194863677e-05,5,4.8780522774904966e-05,4.594301572069526e-05,predict_proba,4.316610284149647e-05,4.5020016841590405e-05,10,3.0,20804.0,10,,,6.216953833733087e-05
1,10,10,skl,0.0008448109729215503,0.0010681719286367297,0.0008683339692652225,5,0.0008823220967315137,0.0008613184909336269,predict,0.0008448109729215503,0.0008578760316595435,100,,,10,11.0,548.0,0.0010049473932842571
1,10,10,ort,2.740207128226757e-05,8.221494499593973e-05,3.489595837891102e-05,5,3.514790441840887e-05,2.8412032406777143e-05,predict,2.740207128226757e-05,2.8353999368846416e-05,100,3.0,20804.0,10,,,6.646354855012765e-05
1,10,10,skl,0.0008312510326504707,0.0008827080018818378,0.000853045959956944,5,0.0008504764875397087,0.0008453240152448416,predict_proba,0.0008312510326504707,0.0008448639418929815,100,,,10,11.0,548.0,0.0008786398076688849
1,10,10,ort,2.8766924515366554e-05,4.786602221429348e-05,3.070093225687742e-05,5,3.162057837471366e-05,2.9142480343580246e-05,predict_proba,2.8766924515366554e-05,2.8882990591228008e-05,100,3.0,20804.0,10,,,4.265707744887238e-05
10,10,10,skl,0.0008779310155659914,0.0009606970706954598,0.0009031150257214904,5,0.000898318609688431,0.000889613467734307,predict,0.0008779310155659914,0.0008862080285325646,100,,,10,11.0,548.0,0.0009427852641959958
10,10,10,ort,3.510201349854469e-05,6.415706593543291e-05,3.752298653125763e-05,5,3.948549274355173e-05,3.673549508675933e-05,predict,3.510201349854469e-05,3.6016921512782574e-05,100,3.0,20804.0,10,,,5.586524555824198e-05
10,10,10,skl,0.0008770439308136702,0.0009502889588475227,0.0009263070533052087,5,0.0009023695951327681,0.0008907394367270172,predict_proba,0.0008770439308136702,0.000886233989149332,100,,,10,11.0,548.0,0.000949944317507166
10,10,10,ort,4.204700235277414e-05,7.154606282711029e-05,4.4665997847914696e-05,5,4.654271760955453e-05,4.3646025005728006e-05,predict_proba,4.204700235277414e-05,4.3023028410971165e-05,100,3.0,20804.0,10,,,6.319389869935039e-05
1,10,10,skl,0.0008682329207658768,0.0011224700137972832,0.0009017299162223935,10,0.0009174471837468445,0.0008949779439717531,predict,0.0008682329207658768,0.000888336100615561,1,,,10,11.0,4926.0,0.0010556315042961964
1,10,10,ort,3.07989539578557e-05,0.0001097250496968627,3.5844044759869576e-05,10,4.083479288965464e-05,3.198999911546707e-05,predict,3.07989539578557e-05,3.170594573020935e-05,1,3.0,189754.0,10,,,8.624918481388346e-05
1,10,10,skl,0.0008556119864806533,0.0009090399835258722,0.0008867459837347269,10,0.0008811817038804293,0.0008788715349510312,predict_proba,0.0008556119864806533,0.000877568032592535,1,,,10,11.0,4926.0,0.0009083675653799141
1,10,10,ort,3.144389484077692e-05,6.297905929386616e-05,3.558595199137926e-05,10,3.61007871106267e-05,3.2149022445082664e-05,predict_proba,3.144389484077692e-05,3.1832954846322536e-05,1,3.0,189754.0,10,,,5.4137512097608744e-05
10,10,10,skl,0.0009087510406970978,0.0011183180613443255,0.000945533043704927,10,0.0009499067207798361,0.0009300175588577986,predict,0.0009087510406970978,0.0009258870268240571,1,,,10,11.0,4926.0,0.0010622944299494262
10,10,10,ort,4.8546004109084606e-05,7.708009798079729e-05,6.051792297512293e-05,10,5.623508477583528e-05,5.223648622632027e-05,predict,4.8546004109084606e-05,5.131005309522152e-05,1,3.0,189754.0,10,,,7.31095579251244e-05
10,10,10,skl,0.0009010749636217952,0.0009518060833215714,0.0009437799453735352,10,0.0009238127968274057,0.000918722478672862,predict_proba,0.0009010749636217952,0.0009162649512290955,1,,,10,11.0,4926.0,0.0009518060833215714
10,10,10,ort,5.2360002882778645e-05,6.790098268538713e-05,5.517702084034681e-05,10,5.578948184847832e-05,5.406496347859502e-05,predict_proba,5.2360002882778645e-05,5.384592805057764e-05,1,3.0,189754.0,10,,,6.437292010945335e-05
1,10,10,skl,0.000836677965708077,0.0010758480057120323,0.0008747889660298824,10,0.0008806088007986546,0.0008585985633544624,predict,0.000836677965708077,0.0008570989593863487,10,,,10,11.0,5022.0,0.0010101937472025732
1,10,10,ort,2.8960988856852055e-05,8.003797847777605e-05,3.181200008839369e-05,10,3.535100258886814e-05,2.9608025215566158e-05,predict,2.8960988856852055e-05,2.921605482697487e-05,10,3.0,193489.0,10,,,6.477593687645316e-05
1,10,10,skl,0.0008343750378116965,0.0008822320960462093,0.0008514970541000366,10,0.0008490313426591456,0.0008440790115855634,predict_proba,0.0008343750378116965,0.0008374650496989489,10,,,10,11.0,5022.0,0.0008795756570906117
1,10,10,ort,3.080896567553282e-05,4.483701195567846e-05,4.068599082529545e-05,10,3.5035877954214814e-05,3.142346395179629e-05,predict_proba,3.080896567553282e-05,3.128999378532171e-05,10,3.0,193489.0,10,,,4.483701195567846e-05
10,10,10,skl,0.0008835500339046121,0.0009658139897510409,0.0009084379998967052,10,0.0009090111125260592,0.0009025144972838461,predict,0.0008835500339046121,0.0009003519080579281,10,,,10,11.0,5022.0,0.0009502855361322788
10,10,10,ort,4.43790340796113e-05,6.0715945437550545e-05,5.415198393166065e-05,10,4.9312296323478225e-05,4.591653123497963e-05,predict,4.43790340796113e-05,4.513689782470465e-05,10,3.0,193489.0,10,,,6.001860480665908e-05
10,10,10,skl,0.000871771015226841,0.0009555509313941002,0.0009099009912461042,10,0.0009011689922772348,0.0008924155263230205,predict_proba,0.000871771015226841,0.0008916149381548166,10,,,10,11.0,5022.0,0.0009433795859301837
10,10,10,ort,4.961004015058279e-05,7.240998093038797e-05,5.152798257768154e-05,10,5.326131358742714e-05,5.1039038226008415e-05,predict_proba,4.961004015058279e-05,5.035602953284979e-05,10,3.0,193489.0,10,,,6.621197815721566e-05
1,10,10,skl,0.0008435669587925076,0.0011161280563101172,0.000877115991897881,10,0.0008864024071954191,0.00085678999312222,predict,0.0008435669587925076,0.0008558690315112472,100,,,10,11.0,4974.0,0.0010385642873280629
1,10,10,ort,2.9426999390125275e-05,8.486397564411163e-05,3.814196679741144e-05,10,3.822750877588987e-05,3.2095995265990496e-05,predict,2.9426999390125275e-05,3.091897815465927e-05,100,3.0,191620.0,10,,,6.937906114312789e-05
1,10,10,skl,0.0008350469870492816,0.0009119169553741813,0.0008947550086304545,10,0.0008649055147543549,0.0008508475148119032,predict_proba,0.0008350469870492816,0.0008496970403939486,100,,,10,11.0,4974.0,0.0009119169553741813
1,10,10,ort,3.090791869908571e-05,4.8039015382528305e-05,3.64410225301981e-05,10,3.5030895378440616e-05,3.279949305579066e-05,predict_proba,3.090791869908571e-05,3.246509004384279e-05,100,3.0,191620.0,10,,,4.474038628158938e-05
10,10,10,skl,0.0008820090442895889,0.000970636960119009,0.0009331880137324333,10,0.0009159667999483645,0.0009159700130112469,predict,0.0008820090442895889,0.0008976010140031576,100,,,10,11.0,4974.0,0.0009640656537641119
10,10,10,ort,4.688999615609646e-05,6.364507135003805e-05,5.336105823516846e-05,10,5.035969661548734e-05,4.7681445721536875e-05,predict,4.688999615609646e-05,4.741095472127199e-05,100,3.0,191620.0,10,,,6.035396532045123e-05
10,10,10,skl,0.0008742299396544695,0.0009662070078775287,0.0009161470225080848,10,0.0009023571852594614,0.0008930659969337285,predict_proba,0.0008742299396544695,0.0008912959601730108,100,,,10,11.0,4974.0,0.0009531912416563642
10,10,10,ort,5.0798989832401276e-05,6.44569518044591e-05,6.057100836187601e-05,10,5.537199322134256e-05,5.2309478633105755e-05,predict_proba,5.0798989832401276e-05,5.220400635153055e-05,100,3.0,191620.0,10,,,6.44569518044591e-05
1,10,20,skl,0.0008414980256929994,0.0010483619989827275,0.0008861010428518057,2,0.000890320201870054,0.0008633260149508715,predict,0.0008414980256929994,0.0008511439664289355,1,,,10,11.0,70.0,0.0010155485932180713
1,10,20,ort,2.6702997274696827e-05,7.490103598684072e-05,2.917798701673746e-05,2,3.2855593599379065e-05,2.7499510906636715e-05,predict,2.6702997274696827e-05,2.7353991754353046e-05,1,3.0,3352.0,10,,,6.054906158454299e-05
1,10,20,skl,0.0008247379446402192,0.0008868969744071364,0.0008639689767733216,2,0.0008490032865665853,0.0008431699825450778,predict_proba,0.0008247379446402192,0.0008395879995077848,1,,,10,11.0,70.0,0.0008822394353439798
1,10,20,ort,2.787797711789608e-05,4.313001409173012e-05,3.0264025554060936e-05,2,3.0453503131866456e-05,2.8294511139392853e-05,predict_proba,2.787797711789608e-05,2.825399860739708e-05,1,3.0,3352.0,10,,,3.926435160077896e-05
10,10,20,skl,0.0008588379714637995,0.0009362299460917711,0.0009002430597320199,2,0.0008910122211091221,0.0008816910558380187,predict,0.0008588379714637995,0.0008772920118644834,1,,,10,11.0,70.0,0.0009362299460917711
10,10,20,ort,3.2954965718090534e-05,5.0075934268534184e-05,4.288391210138798e-05,2,3.778868122026324e-05,3.4863478504121304e-05,predict,3.2954965718090534e-05,3.336300142109394e-05,1,3.0,3352.0,10,,,4.880203298205704e-05
10,10,20,skl,0.0008524679578840733,0.0009102459298446774,0.0008965299930423498,2,0.000876932789105922,0.0008697459707036614,predict_proba,0.0008524679578840733,0.0008678850717842579,1,,,10,11.0,70.0,0.0009102459298446774
10,10,20,ort,3.9555015973746777e-05,5.339400377124548e-05,4.871899727731943e-05,2,4.3907715007662776e-05,4.156952491030097e-05,predict_proba,3.9555015973746777e-05,4.028307739645243e-05,1,3.0,3352.0,10,,,5.318558076716731e-05
1,10,20,skl,0.0008651380194351077,0.0010800700401887298,0.0009008700726553798,2,0.0009074924048036337,0.0008861894602887332,predict,0.0008651380194351077,0.000882719992659986,10,,,10,11.0,70.0,0.0010235080461753385
1,10,20,ort,2.731697168201208e-05,7.70429614931345e-05,2.9586022719740868e-05,2,3.369599580764771e-05,2.8032052796334028e-05,predict,2.731697168201208e-05,2.7820002287626266e-05,10,3.0,3352.0,10,,,6.23140387489777e-05
1,10,20,skl,0.0008407089626416564,0.000901630031876266,0.0008719540201127529,2,0.0008655314915813506,0.0008694904972799122,predict_proba,0.0008407089626416564,0.0008611809462308884,10,,,10,11.0,70.0,0.0009008300255696046
1,10,20,ort,2.783199306577444e-05,4.331197123974562e-05,2.979906275868416e-05,2,3.0498614069074393e-05,2.8611510060727596e-05,predict_proba,2.783199306577444e-05,2.839299850165844e-05,10,3.0,3352.0,10,,,3.92578249990317e-05
10,10,20,skl,0.0008620959706604481,0.0009328039595857263,0.0008851300226524472,2,0.0008851454011164605,0.0008828690042719245,predict,0.0008620959706604481,0.0008811270818114281,10,,,10,11.0,70.0,0.0009188110144985757
10,10,20,ort,3.289093729108572e-05,5.853304173797369e-05,3.547093365341425e-05,2,3.662589006125927e-05,3.3610500395298004e-05,predict,3.289093729108572e-05,3.331294283270836e-05,10,3.0,3352.0,10,,,5.1323443148970864e-05
10,10,20,skl,0.0008547829929739237,0.0009200579952448606,0.0009036670671775937,2,0.0008820588118396699,0.000876331003382802,predict_proba,0.0008547829929739237,0.0008735210867598653,10,,,10,11.0,70.0,0.0009200579952448606
10,10,20,ort,3.930798266083002e-05,7.175991777330637e-05,4.4027925468981266e-05,2,4.453959409147501e-05,4.041206557303667e-05,predict_proba,3.930798266083002e-05,3.9929989725351334e-05,10,3.0,3352.0,10,,,6.307648883710943e-05
1,10,20,skl,0.000845612958073616,0.00112561893183738,0.0008677550358697772,2,0.0008865277981385588,0.0008591125370003283,predict,0.000845612958073616,0.0008551659993827343,100,,,10,11.0,70.0,0.0010441545491039017
1,10,20,ort,2.6446068659424782e-05,0.00010050099808722734,2.90960306301713e-05,2,3.513250267133117e-05,2.6988505851477385e-05,predict,2.6446068659424782e-05,2.6848982088267803e-05,100,3.0,3352.0,10,,,7.80287108109723e-05
1,10,20,skl,0.0008408339926972985,0.0008893050253391266,0.0008493069326505065,2,0.0008507998776622116,0.0008447139407508075,predict_proba,0.0008408339926972985,0.0008428239962086082,100,,,10,11.0,70.0,0.0008792832169402034
1,10,20,ort,2.8512906283140182e-05,4.4928048737347126e-05,3.0701979994773865e-05,2,3.10619012452662e-05,2.9015529435127974e-05,predict_proba,2.8512906283140182e-05,2.8538983315229416e-05,100,3.0,3352.0,10,,,4.05400379885748e-05
10,10,20,skl,0.0008655500132590532,0.0009325299179181457,0.0009013869566842914,2,0.0008895840845070779,0.000883031461853534,predict,0.0008655500132590532,0.00087838398758322,100,,,10,11.0,70.0,0.0009250048735863723
10,10,20,ort,3.318197559565306e-05,5.366106051951647e-05,4.2455969378352165e-05,2,3.827670589089394e-05,3.478606231510639e-05,predict,3.318197559565306e-05,3.350095357745886e-05,100,3.0,3352.0,10,,,5.086284543896859e-05
10,10,20,skl,0.0008505809819325805,0.0009927969658747315,0.0009035670664161444,2,0.0008901083027012646,0.0008733184658922255,predict_proba,0.0008505809819325805,0.0008698119781911373,100,,,10,11.0,70.0,0.0009650162056344116
10,10,20,ort,3.930390812456608e-05,5.413300823420286e-05,4.9817957915365696e-05,2,4.352687392383814e-05,3.966048825532198e-05,predict_proba,3.930390812456608e-05,3.957096487283707e-05,100,3.0,3352.0,10,,,5.413300823420286e-05
1,10,20,skl,0.000838623964227736,0.001037487993016839,0.0008692180272191763,5,0.0008725473075173795,0.0008488410385325551,predict,0.000838623964227736,0.0008488079765811563,1,,,10,11.0,524.0,0.000982180209102067
1,10,20,ort,2.7613947167992592e-05,7.15979840606451e-05,3.6503071896731853e-05,5,3.5348988603800535e-05,3.0077993869781494e-05,predict,2.7613947167992592e-05,2.8916052542626858e-05,1,3.0,19928.0,10,,,5.989971706646389e-05
1,10,20,skl,0.0008436220232397318,0.0008785579120740294,0.0008691990515217185,5,0.0008550342870876193,0.000847724499180913,predict_proba,0.0008436220232397318,0.0008456669747829437,1,,,10,11.0,524.0,0.0008785579120740294
1,10,20,ort,2.8864946216344833e-05,4.370196256786585e-05,3.103399649262428e-05,5,3.127398667857051e-05,2.9493996407836676e-05,predict_proba,2.8864946216344833e-05,2.8976937755942345e-05,1,3.0,19928.0,10,,,3.9816962894376036e-05
10,10,20,skl,0.0008655589772388339,0.0009429929777979851,0.0008941319538280368,5,0.0008938379934988916,0.0008887290023267269,predict,0.0008655589772388339,0.0008844529511407018,1,,,10,11.0,524.0,0.0009333288560610532
10,10,20,ort,3.572006244212389e-05,6.206403486430645e-05,3.906502388417721e-05,5,4.11478104069829e-05,3.7409947253763676e-05,predict,3.572006244212389e-05,3.705802373588085e-05,1,3.0,19928.0,10,,,5.711696778574659e-05
10,10,20,skl,0.000867552007548511,0.0009394170483574271,0.0008942449931055307,5,0.0008873046026565135,0.000878907972946763,predict_proba,0.000867552007548511,0.0008767850231379271,1,,,10,11.0,524.0,0.0009274533401186818
10,10,20,ort,4.2067025788128376e-05,7.52229243516922e-05,4.4885906390845776e-05,5,4.71178675070405e-05,4.373845877125859e-05,predict_proba,4.2067025788128376e-05,4.345190245658159e-05,1,3.0,19928.0,10,,,6.56723163947781e-05
1,10,20,skl,0.0008875670609995723,0.001103813061490655,0.0009030950022861362,5,0.000919118314050138,0.0008986149914562702,predict,0.0008875670609995723,0.0008937950478866696,10,,,10,11.0,560.0,0.0010413138872406454
1,10,20,ort,2.9147020541131496e-05,7.87039753049612e-05,3.217998892068863e-05,5,3.567679086700082e-05,3.0196504667401314e-05,predict,2.9147020541131496e-05,2.9718037694692612e-05,10,3.0,21242.0,10,,,6.414690925065253e-05
1,10,20,skl,0.0008773200679570436,0.0009127979865297675,0.0008874279446899891,5,0.0008846989250741899,0.0008803664823062718,predict_proba,0.0008773200679570436,0.0008794610621407628,10,,,10,11.0,560.0,0.000904731072370987
1,10,20,ort,3.0822004191577435e-05,4.870002157986164e-05,3.316102083772421e-05,5,3.365991869941354e-05,3.137200837954879e-05,predict_proba,3.0822004191577435e-05,3.1211995519697666e-05,10,3.0,21242.0,10,,,4.3946228954004866e-05
10,10,20,skl,0.0009198590414598584,0.0010065690148621798,0.0009382260031998158,5,0.0009371793013997376,0.0009301049867644906,predict,0.0009198590414598584,0.0009256720077246428,10,,,10,11.0,560.0,0.0009842846395432838
10,10,20,ort,3.8473051972687244e-05,6.012106314301491e-05,4.176306538283825e-05,5,4.2472907807677984e-05,4.010245902463794e-05,predict,3.8473051972687244e-05,3.9897975511848927e-05,10,3.0,21242.0,10,,,5.4482064031431475e-05
10,10,20,skl,0.0009105710778385401,0.0009526270441710949,0.000922810984775424,5,0.0009200624423101545,0.0009154645376838744,predict_proba,0.0009105710778385401,0.0009137550368905067,10,,,10,11.0,560.0,0.0009429537350117901
10,10,20,ort,4.473002627491951e-05,6.089697126299143e-05,4.7569978050887585e-05,5,4.7788897063583136e-05,4.591600736603141e-05,predict_proba,4.473002627491951e-05,4.574796184897423e-05,10,3.0,21242.0,10,,,5.685505378670493e-05
1,10,20,skl,0.0008387189591303468,0.0010676169767975807,0.000897861085832119,5,0.0008823004784062505,0.0008540584822185338,predict,0.0008387189591303468,0.0008519010152667761,100,,,10,11.0,516.0,0.001008979022007605
1,10,20,ort,2.7592992410063744e-05,9.041093289852142e-05,2.982595469802618e-05,5,3.60989011824131e-05,2.867198782041669e-05,predict,2.7592992410063744e-05,2.7795089408755302e-05,100,3.0,19636.0,10,,,7.272960712000341e-05
1,10,20,skl,0.000826522009447217,0.0009638919727876782,0.0008723869686946273,5,0.0008608529926277698,0.0008463039994239807,predict_proba,0.000826522009447217,0.0008439009543508291,100,,,10,11.0,516.0,0.0009330806538334731
1,10,20,ort,2.8582988306879997e-05,4.390196409076452e-05,3.0995928682386875e-05,5,3.1050480902194974e-05,2.881651744246483e-05,predict_proba,2.8582988306879997e-05,2.8706970624625683e-05,100,3.0,19636.0,10,,,3.9989497911640296e-05
10,10,20,skl,0.00086509610991925,0.0009654109599068761,0.0008947509340941906,5,0.0008965857792645693,0.0008875179337337613,predict,0.00086509610991925,0.0008848720462992787,100,,,10,11.0,516.0,0.000948916260480078
10,10,20,ort,3.580597694963217e-05,5.5506941862404346e-05,3.893696703016758e-05,5,3.9255095180124046e-05,3.6652490962296724e-05,predict,3.580597694963217e-05,3.6395969800651073e-05,100,3.0,19636.0,10,,,5.060539022439354e-05
10,10,20,skl,0.0008701159385964274,0.0009166030213236809,0.0009114780696108937,5,0.0008932705270126462,0.0008902475237846375,predict_proba,0.0008701159385964274,0.0008839010260999203,100,,,10,11.0,516.0,0.0009166030213236809
10,10,20,ort,4.175503272563219e-05,5.660508759319782e-05,4.4628046452999115e-05,5,4.4514716137200594e-05,4.2720523197203875e-05,predict_proba,4.175503272563219e-05,4.24189493060112e-05,100,3.0,19636.0,10,,,5.304783768566734e-05
1,10,20,skl,0.0008856990607455373,0.0011060269316658378,0.0008970299968495965,10,0.0009157080901786685,0.0008908529998734593,predict,0.0008856990607455373,0.000890198047272861,1,,,10,11.0,5364.0,0.0010414164446774737
1,10,20,ort,3.055098932236433e-05,9.494007099419832e-05,3.961101174354553e-05,10,4.0148093830794096e-05,3.318249946460128e-05,predict,3.055098932236433e-05,3.2096984796226025e-05,1,3.0,206831.0,10,,,7.650045492594936e-05
1,10,20,skl,0.0008772789733484387,0.0009120620088651776,0.0008845200063660741,10,0.0008842529263347387,0.0008821360534057021,predict_proba,0.0008772789733484387,0.0008790900465101004,1,,,10,11.0,5364.0,0.0009032314656514136
1,10,20,ort,3.272003959864378e-05,4.839699249714613e-05,3.510899841785431e-05,10,3.54828080162406e-05,3.363698488101363e-05,predict_proba,3.272003959864378e-05,3.3383024856448174e-05,1,3.0,206831.0,10,,,4.43453810440326e-05
10,10,20,skl,0.0009343629935756326,0.0010111399460583925,0.0009567950619384646,10,0.0009517036960460246,0.0009418210247531533,predict,0.0009343629935756326,0.000937378965318203,1,,,10,11.0,5364.0,0.0009956360803590383
10,10,20,ort,5.228002555668354e-05,9.527802467346191e-05,6.066705100238323e-05,10,5.917451344430447e-05,5.4165953770279884e-05,predict,5.228002555668354e-05,5.3356983698904514e-05,1,3.0,206831.0,10,,,8.351420620217469e-05
10,10,20,skl,0.0009291250025853515,0.0009776540100574493,0.0009396420791745186,10,0.0009390964056365192,0.0009366570156998932,predict_proba,0.0009291250025853515,0.000931119080632925,1,,,10,11.0,5364.0,0.000965649920552109
10,10,20,ort,5.59450127184391e-05,7.296400144696236e-05,6.0011050663888454e-05,10,5.902142729610205e-05,5.674053682014346e-05,predict_proba,5.59450127184391e-05,5.6641059927642345e-05,1,3.0,206831.0,10,,,6.869264269337259e-05
1,10,20,skl,0.0008883639238774776,0.0011124099837616086,0.0008998550474643707,10,0.000914749875664711,0.0008898674859665334,predict,0.0008883639238774776,0.0008894900092855096,10,,,10,11.0,5112.0,0.0010442451804636896
1,10,20,ort,3.072107210755348e-05,8.889299351722002e-05,3.4541008062660694e-05,10,3.8179813418537376e-05,3.145897062495351e-05,predict,3.072107210755348e-05,3.121909685432911e-05,10,3.0,197002.0,10,,,7.163370318302516e-05
1,10,20,skl,0.0008768410189077258,0.0009274310432374477,0.000889593968167901,10,0.000887490005698055,0.0008812660234980285,predict_proba,0.0008768410189077258,0.0008806160185486078,10,,,10,11.0,5112.0,0.0009155891541758557
1,10,20,ort,3.2471027225255966e-05,4.812399856746197e-05,3.4593045711517334e-05,10,3.493810072541237e-05,3.286695573478937e-05,predict_proba,3.2471027225255966e-05,3.2817013561725616e-05,10,3.0,197002.0,10,,,4.3929753885546375e-05
10,10,20,skl,0.0009349680040031672,0.0009967830264940858,0.0009436151012778282,10,0.0009451997117139399,0.0009392510401085019,predict,0.0009349680040031672,0.0009357429808005691,10,,,10,11.0,5112.0,0.0009798218991437274
10,10,20,ort,4.8907939344644547e-05,8.599692955613136e-05,5.852396134287119e-05,10,5.74982725083828e-05,5.4751988500356674e-05,predict,4.8907939344644547e-05,5.299597978591919e-05,10,3.0,197002.0,10,,,7.735356430119831e-05
10,10,20,skl,0.0009261739905923605,0.0009924779878929257,0.0009368390310555696,10,0.0009379891911521554,0.00093444949015975,predict_proba,0.0009261739905923605,0.0009284500265493989,10,,,10,11.0,5112.0,0.0009745517970980055
10,10,20,ort,5.515397060662508e-05,7.218692917376757e-05,5.916506052017212e-05,10,5.883118137717247e-05,5.7258002925664186e-05,predict_proba,5.515397060662508e-05,5.659996531903744e-05,10,3.0,197002.0,10,,,6.814956053324965e-05
1,10,20,skl,0.0008591269142925739,0.001130361924879253,0.0008848109282553196,10,0.0009039398864842951,0.0008786764810793102,predict,0.0008591269142925739,0.000876770936883986,100,,,10,11.0,4936.0,0.0010530080442398592
1,10,20,ort,3.044505137950182e-05,8.611695375293493e-05,3.411201760172844e-05,10,3.777241799980402e-05,3.1879055313766e-05,predict,3.044505137950182e-05,3.1467992812395096e-05,100,3.0,190137.0,10,,,6.965117556015834e-05
1,10,20,skl,0.0008291830308735371,0.0008892960613593459,0.000848224968649447,10,0.0008501049247570336,0.0008451620233245194,predict_proba,0.0008291830308735371,0.0008431810420006514,100,,,10,11.0,4936.0,0.000884175726673577
1,10,20,ort,3.065005876123905e-05,4.546297714114189e-05,4.177098162472248e-05,10,3.486259374767542e-05,3.111147088930011e-05,predict_proba,3.065005876123905e-05,3.086100332438946e-05,100,3.0,190137.0,10,,,4.546297714114189e-05
10,10,20,skl,0.000881341053172946,0.0009453960228711367,0.0009256079792976379,10,0.0009097840986214579,0.0009050230146385729,predict,0.000881341053172946,0.000898364931344986,100,,,10,11.0,4936.0,0.0009453960228711367
10,10,20,ort,4.654203075915575e-05,6.518303416669369e-05,5.813094321638346e-05,10,5.224170163273811e-05,4.898005863651633e-05,predict,4.654203075915575e-05,4.7909910790622234e-05,100,3.0,190137.0,10,,,6.426206160824695e-05
10,10,20,skl,0.0008821689989417791,0.0009252569871023297,0.0008982629515230656,10,0.0008967813104391098,0.0008927665185183287,predict_proba,0.0008821689989417791,0.000891326111741364,100,,,10,11.0,4936.0,0.0009223922392255275
10,10,20,ort,5.2078976295888424e-05,6.611109711229801e-05,5.4819975048303604e-05,10,5.463850684463978e-05,5.31619880348444e-05,predict_proba,5.2078976295888424e-05,5.2353949286043644e-05,100,3.0,190137.0,10,,,6.259678743987286e-05
1,10,50,skl,0.0008458299562335014,0.0010785969207063317,0.0008693881100043654,2,0.0008816928952001035,0.0008570874342694879,predict,0.0008458299562335014,0.0008566000033169985,1,,,10,11.0,70.0,0.0010122143185416744
1,10,50,ort,2.6606954634189606e-05,7.838592864573002e-05,3.618805203586817e-05,2,3.5153503995388745e-05,2.8703012503683567e-05,predict,2.6606954634189606e-05,2.757902257144451e-05,1,3.0,3352.0,10,,,6.441280603135663e-05
1,10,50,skl,0.0008408100111410022,0.0008739309851080179,0.0008521460695192218,2,0.0008484067744575441,0.0008440699311904609,predict_proba,0.0008408100111410022,0.0008432379690930247,1,,,10,11.0,70.0,0.0008676445665402664
1,10,50,ort,2.8600916266441345e-05,4.372093826532364e-05,3.0529918149113655e-05,2,3.1037093140184877e-05,2.9197544790804386e-05,predict_proba,2.8600916266441345e-05,2.9028975404798985e-05,1,3.0,3352.0,10,,,3.973905817218506e-05
10,10,50,skl,0.0008613980608060956,0.0009472910314798355,0.0009260609513148665,2,0.0009002803009934724,0.0008917840314097703,predict,0.0008613980608060956,0.0008801399962976575,1,,,10,11.0,70.0,0.0009472910314798355
10,10,50,ort,3.529095556586981e-05,5.218700971454382e-05,3.897689748555422e-05,2,3.8469198625534776e-05,3.629497950896621e-05,predict,3.529095556586981e-05,3.566499799489975e-05,1,3.0,3352.0,10,,,4.812783309719481e-05
10,10,50,skl,0.0008535489905625582,0.0009102309122681618,0.0009008590131998062,2,0.0008842501090839505,0.0008807579870335758,predict_proba,0.0008535489905625582,0.0008742960635572672,1,,,10,11.0,70.0,0.0009102309122681618
10,10,50,ort,4.1674007661640644e-05,5.5484939366579056e-05,4.482304211705923e-05,2,4.436410963535309e-05,4.25014877691865e-05,predict_proba,4.1674007661640644e-05,4.208099562674761e-05,1,3.0,3352.0,10,,,5.23560653157781e-05
1,10,50,skl,0.0008495340589433908,0.001058981055393815,0.0008880500681698322,2,0.0008925104280933738,0.0008763410151004791,predict,0.0008495340589433908,0.0008751610293984413,10,,,10,11.0,70.0,0.0010038428779686756
1,10,50,ort,2.651102840900421e-05,7.235899101942778e-05,2.8699985705316067e-05,2,3.2335519790649414e-05,2.7147005312144756e-05,predict,2.651102840900421e-05,2.6909983716905117e-05,10,3.0,3352.0,10,,,5.8727087488282476e-05
1,10,50,skl,0.0008235309505835176,0.0008838500361889601,0.0008471519686281681,2,0.0008471962995827198,0.0008439215016551316,predict_proba,0.0008235309505835176,0.0008426510030403733,10,,,10,11.0,70.0,0.0008827082439301239
1,10,50,ort,2.845295239239931e-05,4.3298001401126385e-05,3.661296796053648e-05,2,3.245869884267449e-05,2.992496592923999e-05,predict_proba,2.845295239239931e-05,2.9277987778186798e-05,10,3.0,3352.0,10,,,4.171456770692367e-05
10,10,50,skl,0.0008735440205782652,0.000992238987237215,0.0009063120232895017,2,0.0009018141194246709,0.0008874685154296458,predict,0.0008735440205782652,0.0008827750571072102,10,,,10,11.0,70.0,0.0009697876581681973
10,10,50,ort,3.5106088034808636e-05,5.110190249979496e-05,4.064908716827631e-05,2,3.868890926241875e-05,3.6224431823939085e-05,predict,3.5106088034808636e-05,3.549701068550348e-05,10,3.0,3352.0,10,,,4.831787719838769e-05
10,10,50,skl,0.0008670720271766186,0.0008922679116949439,0.0008789050625637174,2,0.000874438788741827,0.000871544994879514,predict_proba,0.0008670720271766186,0.0008706200169399381,10,,,10,11.0,70.0,0.0008892505267502774
10,10,50,ort,4.130695015192032e-05,5.40389446541667e-05,4.328403156250715e-05,2,4.345148336142302e-05,4.175299545750022e-05,predict_proba,4.130695015192032e-05,4.147505387663841e-05,10,3.0,3352.0,10,,,5.091239628488591e-05
1,10,50,skl,0.0008353031007573009,0.001058705965988338,0.0008884069975465536,2,0.0008960025967098773,0.0008829604485072196,predict,0.0008353031007573009,0.0008807870326563716,100,,,10,11.0,70.0,0.00100699178774583
1,10,50,ort,2.721906639635563e-05,7.572700269520283e-05,2.95969657599926e-05,2,3.33585892803967e-05,2.7842994313687086e-05,predict,2.721906639635563e-05,2.759508788585663e-05,100,3.0,3352.0,10,,,6.132670169817766e-05
1,10,50,skl,0.0008351419819518924,0.0008726429659873247,0.000855098944157362,2,0.000848655088339001,0.0008444064878858626,predict_proba,0.0008351419819518924,0.0008416440105065703,100,,,10,11.0,70.0,0.0008723343355675958
1,10,50,ort,2.8062029741704464e-05,4.4005922973155975e-05,3.3795018680393696e-05,2,3.169581759721041e-05,2.874905476346612e-05,predict_proba,2.8062029741704464e-05,2.8635025955736637e-05,100,3.0,3352.0,10,,,4.152759984207229e-05
10,10,50,skl,0.0008599109714850783,0.0009540669852867723,0.0009034599643200636,2,0.000892911886330694,0.0008854179759509861,predict,0.0008599109714850783,0.0008781580254435539,100,,,10,11.0,70.0,0.0009413759390975696
10,10,50,ort,3.502797335386276e-05,5.1870010793209076e-05,3.8514030165970325e-05,2,3.835199167951941e-05,3.627693513408303e-05,predict,3.502797335386276e-05,3.600900527089834e-05,100,3.0,3352.0,10,,,4.7847847824967036e-05
10,10,50,skl,0.000855598016642034,0.0009018590208142996,0.0008960170671343803,2,0.0008792352979071439,0.0008746495004743338,predict_proba,0.000855598016642034,0.0008722060592845082,100,,,10,11.0,70.0,0.0009018590208142996
10,10,50,ort,4.1778082959353924e-05,5.610904190689325e-05,4.5138061977922916e-05,2,4.4733018148690463e-05,4.3068022932857275e-05,predict_proba,4.1778082959353924e-05,4.269997589290142e-05,100,3.0,3352.0,10,,,5.287125324759888e-05
1,10,50,skl,0.0008365340763702989,0.0010788609506562352,0.0008732859278097749,5,0.000880622211843729,0.0008577809785492718,predict,0.0008365340763702989,0.0008554880041629076,1,,,10,11.0,536.0,0.0010119763296971823
1,10,50,ort,2.766307443380356e-05,7.78840621933341e-05,3.135798033326864e-05,5,3.4212996251881125e-05,2.843246329575777e-05,predict,2.766307443380356e-05,2.828508149832487e-05,1,3.0,20366.0,10,,,6.305986283931902e-05
1,10,50,skl,0.0008282869821414351,0.0008692799601703882,0.000851440941914916,5,0.0008491723914630711,0.0008473055204376578,predict_proba,0.0008282869821414351,0.0008446469437330961,1,,,10,11.0,536.0,0.0008692799601703882
1,10,50,ort,2.919207327067852e-05,7.224606815725565e-05,3.3995951525866985e-05,5,3.6022323183715346e-05,3.059743903577328e-05,predict_proba,2.919207327067852e-05,2.9506045393645763e-05,1,3.0,20366.0,10,,,6.112285578434182e-05
10,10,50,skl,0.0008663740009069443,0.0009668919956311584,0.0009093919070437551,5,0.0008960230741649866,0.0008875549538061023,predict,0.0008663740009069443,0.0008847370045259595,1,,,10,11.0,536.0,0.0009489755622348306
10,10,50,ort,3.85800376534462e-05,5.705305375158787e-05,4.2511033825576305e-05,5,4.2546214535832406e-05,4.08500200137496e-05,predict,3.85800376534462e-05,3.985199145972729e-05,1,3.0,20366.0,10,,,5.293414685480588e-05
10,10,50,skl,0.0008610769873484969,0.0009070619707927108,0.0009001670405268669,5,0.0008844245225191116,0.0008818345377221704,predict_proba,0.0008610769873484969,0.0008807160193100572,1,,,10,11.0,536.0,0.0009070619707927108
10,10,50,ort,4.453293513506651e-05,6.21139770373702e-05,4.8273010179400444e-05,5,4.821697948500514e-05,4.6478991862386465e-05,predict_proba,4.453293513506651e-05,4.562397953122854e-05,1,3.0,20366.0,10,,,5.795873231826134e-05
1,10,50,skl,0.0008865140844136477,0.0011202270397916436,0.0009121850598603487,5,0.0009244962246157229,0.0008963160216808319,predict,0.0008865140844136477,0.0008914410136640072,10,,,10,11.0,514.0,0.0010584395837434516
1,10,50,ort,2.905307337641716e-05,8.682406041771173e-05,3.3020973205566406e-05,5,3.697898937389254e-05,3.073748666793108e-05,predict,2.905307337641716e-05,3.002502489835024e-05,10,3.0,19563.0,10,,,7.002406452366733e-05
1,10,50,skl,0.0008762150537222624,0.0010429630056023598,0.000898340018466115,5,0.000902280630543828,0.0008838185458444059,predict_proba,0.0008762150537222624,0.0008783870143815875,10,,,10,11.0,514.0,0.0009971673953327804
1,10,50,ort,3.073608968406916e-05,4.8279063776135445e-05,3.35050281137228e-05,5,3.377081593498587e-05,3.166351234540343e-05,predict_proba,3.073608968406916e-05,3.0889990739524364e-05,10,3.0,19563.0,10,,,4.3780496200723486e-05
10,10,50,skl,0.0009160439949482679,0.0009897950803861022,0.000926777021959424,5,0.0009284948115237057,0.0009215809986926615,predict,0.0009160439949482679,0.0009204960661008954,10,,,10,11.0,514.0,0.0009692736461338855
10,10,50,ort,3.948807716369629e-05,6.501702591776848e-05,4.217599052935839e-05,5,4.357710713520646e-05,4.061299841850996e-05,predict,3.948807716369629e-05,4.02349978685379e-05,10,3.0,19563.0,10,,,5.808026416113467e-05
10,10,50,skl,0.0009101270698010921,0.0009629550622776151,0.0009223490487784147,5,0.0009218532359227538,0.0009180509950965643,predict_proba,0.0009101270698010921,0.0009156990563496947,10,,,10,11.0,514.0,0.0009499538472280399
10,10,50,ort,4.6637956984341145e-05,6.350106559693813e-05,4.8961956053972244e-05,5,4.9448094796389344e-05,4.7170964535325766e-05,predict_proba,4.6637956984341145e-05,4.703702870756388e-05,10,3.0,19563.0,10,,,5.922316190823984e-05
1,10,50,skl,0.0008848579600453377,0.001083174953237176,0.0008982229046523571,5,0.0009113416890613735,0.0008927835151553154,predict,0.0008848579600453377,0.0008892579935491085,100,,,10,11.0,570.0,0.001024205411805928
1,10,50,ort,2.9294053092598915e-05,8.010899182409048e-05,3.156403545290232e-05,5,3.557062009349465e-05,2.985750325024128e-05,predict,2.9294053092598915e-05,2.955400850623846e-05,100,3.0,21607.0,10,,,6.493436523491669e-05
1,10,50,skl,0.0008736730087548494,0.000912953051738441,0.0008846010314300656,5,0.0008819231064990163,0.0008775859605520964,predict_proba,0.0008736730087548494,0.0008768760599195957,100,,,10,11.0,570.0,0.0009035175953052148
1,10,50,ort,3.1079049222171307e-05,4.621502012014389e-05,3.28670721501112e-05,5,3.342574927955866e-05,3.152259159833193e-05,predict_proba,3.1079049222171307e-05,3.115297295153141e-05,100,3.0,21607.0,10,,,4.217173753738547e-05
10,10,50,skl,0.000917772063985467,0.000976991024799645,0.0009312749607488513,5,0.0009297485230490565,0.0009246735135093331,predict,0.000917772063985467,0.0009224159875884652,100,,,10,11.0,570.0,0.0009619435187071737
10,10,50,ort,4.078308120369911e-05,5.8884965255856514e-05,4.451698623597622e-05,5,4.422027850523591e-05,4.168349551036954e-05,predict,4.078308120369911e-05,4.146096762269735e-05,100,3.0,21607.0,10,,,5.477568730739839e-05
10,10,50,skl,0.0009144119685515761,0.0009539530146867037,0.0009230140130966902,5,0.0009225043002516031,0.0009204029920510948,predict_proba,0.0009144119685515761,0.000917250057682395,100,,,10,11.0,570.0,0.0009439846907880473
10,10,50,ort,4.786404315382242e-05,6.287300493568182e-05,5.1490962505340576e-05,5,5.09629026055336e-05,4.897097824141383e-05,predict_proba,4.786404315382242e-05,4.840304609388113e-05,100,3.0,21607.0,10,,,5.9601512211403325e-05
1,10,50,skl,0.0008412639144808054,0.0011124820448458195,0.0009025650797411799,10,0.0009045890183188021,0.000880110019352287,predict,0.0008412639144808054,0.0008627560455352068,1,,,10,11.0,4750.0,0.001050331966541456
1,10,50,ort,2.9993942007422447e-05,8.608098141849041e-05,3.942393232136965e-05,10,3.9765483234077695e-05,3.55995143763721e-05,predict,2.9993942007422447e-05,3.125902730971575e-05,1,3.0,182881.0,10,,,7.09722145879575e-05
1,10,50,skl,0.0008338810876011848,0.0008831359446048737,0.0008759310003370047,10,0.000855094997677952,0.0008494670037180185,predict_proba,0.0008338810876011848,0.0008461140096187592,1,,,10,11.0,4750.0,0.0008831359446048737
1,10,50,ort,3.073399420827627e-05,4.604004789143801e-05,4.016794264316559e-05,10,3.5248300991952417e-05,3.249698784202337e-05,predict_proba,3.073399420827627e-05,3.1594070605933666e-05,1,3.0,182881.0,10,,,4.495399704869986e-05
10,10,50,skl,0.000892405048944056,0.0009612879948690534,0.0009174770675599575,10,0.0009109446196816862,0.0009041004814207554,predict,0.000892405048944056,0.0009023440070450306,1,,,10,11.0,4750.0,0.0009468156384125388
10,10,50,ort,4.822807386517525e-05,7.15089263394475e-05,6.079510785639286e-05,10,5.545951426029205e-05,5.2240968216210604e-05,predict,4.822807386517525e-05,5.026406142860651e-05,1,3.0,182881.0,10,,,6.946535650425422e-05
10,10,50,skl,0.0008878660155460238,0.0010641810949891806,0.0009412330109626055,10,0.0009279353893361985,0.0009026639745570719,predict_proba,0.0008878660155460238,0.0008979729609563947,1,,,10,11.0,4750.0,0.001030331861955303
10,10,50,ort,5.5620912462472916e-05,0.00012889597564935684,6.525800563395023e-05,10,6.813729414716363e-05,6.008596392348409e-05,predict_proba,5.5620912462472916e-05,5.8496021665632725e-05,1,3.0,182881.0,10,,,0.00010937198624602066
1,10,50,skl,0.0008337250910699368,0.0010877479799091816,0.0008618889842182398,10,0.000872125115711242,0.0008483100100420415,predict,0.0008337250910699368,0.0008415329502895474,10,,,10,11.0,5490.0,0.0010147026663931496
1,10,50,ort,2.926192246377468e-05,8.183601312339306e-05,3.1701987609267235e-05,10,3.616070607677102e-05,3.064953489229083e-05,predict,2.926192246377468e-05,3.0210008844733238e-05,10,3.0,211742.0,10,,,6.634012934192128e-05
1,10,50,skl,0.0008333548903465271,0.0008962119463831186,0.0008819339564070106,10,0.0008667673682793975,0.0008629149524495006,predict_proba,0.0008333548903465271,0.0008552370127290487,10,,,10,11.0,5490.0,0.0008962119463831186
1,10,50,ort,3.199197817593813e-05,5.344906821846962e-05,3.396999090909958e-05,10,3.5182200372219084e-05,3.2724987249821424e-05,predict_proba,3.199197817593813e-05,3.2656011171638966e-05,10,3.0,211742.0,10,,,4.747553382492445e-05
10,10,50,skl,0.0009354329667985439,0.0010783339384943247,0.0009729820303618908,10,0.0009655221016146243,0.0009463499882258475,predict,0.0009354329667985439,0.0009433520026504993,10,,,10,11.0,5490.0,0.0010484359444714886
10,10,50,ort,4.932598676532507e-05,0.00016120891086757183,5.878403317183256e-05,10,6.606148090213538e-05,5.5611482821404934e-05,predict,4.932598676532507e-05,5.355698522180319e-05,10,3.0,211742.0,10,,,0.0001288161154327304
10,10,50,skl,0.0008755669696256518,0.0009990540565922856,0.0009080549934878945,10,0.0009042549994774163,0.000904913991689682,predict_proba,0.0008755669696256518,0.0008798199705779552,10,,,10,11.0,5490.0,0.0009718831466012539
10,10,50,ort,5.3625903092324734e-05,7.013999857008457e-05,5.916506052017212e-05,10,5.781350191682577e-05,5.6569057051092386e-05,predict_proba,5.3625903092324734e-05,5.594699177891016e-05,10,3.0,211742.0,10,,,6.680962977809747e-05
1,10,50,skl,0.0008364920504391193,0.0011509220348671079,0.0008795859757810831,10,0.0008872463833540678,0.0008603259921073914,predict,0.0008364920504391193,0.0008565239841118455,100,,,10,11.0,5988.0,0.0010622325329749868
1,10,50,ort,3.0439929105341434e-05,9.410607162863016e-05,3.321003168821335e-05,10,3.845820901915431e-05,3.22295818477869e-05,predict,3.0439929105341434e-05,3.098708111792803e-05,100,3.0,231172.0,10,,,7.50337444035691e-05
1,10,50,skl,0.0008276710286736488,0.0009372199419885874,0.0008622129680588841,10,0.0008527813944965601,0.0008349415147677064,predict_proba,0.0008276710286736488,0.0008315449813380837,100,,,10,11.0,5988.0,0.0009178522719613644
1,10,50,ort,3.1254952773451805e-05,4.557403735816479e-05,3.315904177725315e-05,10,3.35747143253684e-05,3.1817995477467775e-05,predict_proba,3.1254952773451805e-05,3.156799357384443e-05,100,3.0,231172.0,10,,,4.181148947167848e-05
10,10,50,skl,0.0008845679694786668,0.0009531080722808838,0.0009040440199896693,10,0.0009026866988278926,0.0008935569785535336,predict,0.0008845679694786668,0.0008908469462767243,100,,,10,11.0,5988.0,0.0009456579242252889
10,10,50,ort,4.999700468033552e-05,7.025396917015314e-05,6.763299461454153e-05,10,5.809839349240065e-05,5.46314986422658e-05,predict,4.999700468033552e-05,5.333393346518278e-05,100,3.0,231172.0,10,,,7.025396917015314e-05
10,10,50,skl,0.0008766429964452982,0.0009887360502034426,0.0009040029253810644,10,0.0008961482904851437,0.0008813019376248121,predict_proba,0.0008766429964452982,0.0008784759556874633,100,,,10,11.0,5988.0,0.0009597638500150456
10,10,50,ort,5.46090304851532e-05,6.760796532034874e-05,5.804200191050768e-05,10,5.7526479940861465e-05,5.6100485380738974e-05,predict_proba,5.46090304851532e-05,5.537690594792366e-05,100,3.0,231172.0,10,,,6.481312199808255e-05
1,10,100,skl,0.0008413459872826934,0.001106207026168704,0.0008946399902924895,2,0.0008971459930762649,0.0008729874389246106,predict,0.0008413459872826934,0.0008627580245956779,1,,,10,11.0,70.0,0.001039439279394575
1,10,100,ort,2.73390905931592e-05,8.621800225228071e-05,3.692100290209055e-05,2,3.641531802713871e-05,2.9011513106524944e-05,predict,2.73390905931592e-05,2.7477974072098732e-05,1,3.0,3352.0,10,,,6.989021394421968e-05
1,10,100,skl,0.0008236540015786886,0.0008788739796727896,0.0008562320144847035,2,0.0008471731911413371,0.0008439715020358562,predict_proba,0.0008236540015786886,0.0008432789472863078,1,,,10,11.0,70.0,0.0008741543194093827
1,10,100,ort,2.8570997528731823e-05,4.6465080231428146e-05,3.126007504761219e-05,2,3.168970579281449e-05,2.9807037208229303e-05,predict_proba,2.8570997528731823e-05,2.9225950129330158e-05,1,3.0,3352.0,10,,,4.172817848080902e-05
10,10,100,skl,0.0008637650171294808,0.0010364180197939277,0.0009173380676656961,2,0.0009084231220185757,0.0008885340648703277,predict,0.0008637650171294808,0.0008833979954943061,1,,,10,11.0,70.0,0.0010011448000662082
10,10,100,ort,3.536604344844818e-05,5.732302088290453e-05,3.892392851412296e-05,2,3.9220601320266726e-05,3.657152410596609e-05,predict,3.536604344844818e-05,3.6142999306321144e-05,1,3.0,3352.0,10,,,5.165414130656343e-05
10,10,100,skl,0.0008703690255060792,0.0009193120058625937,0.0008951020427048206,2,0.0008845378179103136,0.0008771514985710382,predict_proba,0.0008703690255060792,0.0008762010838836432,1,,,10,11.0,70.0,0.0009154938923249329
10,10,100,ort,4.230800550431013e-05,5.878298543393612e-05,5.434802733361721e-05,2,4.7788803931325675e-05,4.395400173962116e-05,predict_proba,4.230800550431013e-05,4.298100247979164e-05,1,3.0,3352.0,10,,,5.878298543393612e-05
1,10,100,skl,0.0008322910871356726,0.0010916379978880286,0.0008913889760151505,2,0.0008839555084705353,0.0008530140039511025,predict,0.0008322910871356726,0.0008501600241288543,10,,,10,11.0,70.0,0.0010251972742201512
1,10,100,ort,2.7003930881619453e-05,0.00010502291843295097,2.9295915737748146e-05,2,3.6117690615355966e-05,2.8087059035897255e-05,predict,2.7003930881619453e-05,2.736796159297228e-05,10,3.0,3352.0,10,,,8.126484694275199e-05
1,10,100,skl,0.0008211320964619517,0.0008732889546081424,0.0008706719381734729,2,0.0008490982931107282,0.000844968541059643,predict_proba,0.0008211320964619517,0.0008428689325228333,10,,,10,11.0,70.0,0.0008732889546081424
1,10,100,ort,2.8416048735380173e-05,4.492991138249636e-05,3.295205533504486e-05,2,3.230650909245014e-05,2.9220012947916985e-05,predict_proba,2.8416048735380173e-05,2.8781010769307613e-05,10,3.0,3352.0,10,,,4.3670284318799976e-05
10,10,100,skl,0.0008693540003150702,0.0009297929937019944,0.0009100619936361909,2,0.0008925450034439564,0.0008853854960761964,predict,0.0008693540003150702,0.0008786770049482584,10,,,10,11.0,70.0,0.0009297929937019944
10,10,100,ort,3.56980599462986e-05,5.646795034408569e-05,4.094303585588932e-05,2,3.9878312963992355e-05,3.7099525798112154e-05,predict,3.56980599462986e-05,3.665697295218706e-05,10,3.0,3352.0,10,,,5.163135806741953e-05
10,10,100,skl,0.0008552689105272293,0.0009023250313475728,0.0008973650401458144,2,0.0008796732756309212,0.000874569988809526,predict_proba,0.0008552689105272293,0.0008734139846637845,10,,,10,11.0,70.0,0.0009023250313475728
10,10,100,ort,4.282000008970499e-05,5.634804256260395e-05,4.753610119223595e-05,2,4.644801374524832e-05,4.396500298753381e-05,predict_proba,4.282000008970499e-05,4.368904046714306e-05,10,3.0,3352.0,10,,,5.60250601929374e-05
1,10,100,skl,0.0008485680446028709,0.0011249660747125745,0.0008619630243629217,2,0.0008840896189212799,0.0008568100165575743,predict,0.0008485680446028709,0.0008541390998288989,100,,,10,11.0,70.0,0.001041924272607159
1,10,100,ort,2.6851892471313477e-05,9.430502541363239e-05,3.0208961106836796e-05,2,3.496577264741063e-05,2.7494505047798157e-05,predict,2.6851892471313477e-05,2.7203932404518127e-05,100,3.0,3352.0,10,,,7.394545121254472e-05
1,10,100,skl,0.0008273080457001925,0.0008923059795051813,0.0008888619486242533,2,0.00086499989265576,0.0008619534783065319,predict_proba,0.0008273080457001925,0.0008518090471625328,100,,,10,11.0,70.0,0.0008923059795051813
1,10,100,ort,2.8391019441187382e-05,6.284704431891441e-05,3.106100484728813e-05,2,3.28836147673428e-05,2.8958485927432775e-05,predict_proba,2.8391019441187382e-05,2.862804103642702e-05,100,3.0,3352.0,10,,,5.266376479747664e-05
10,10,100,skl,0.0008847860153764486,0.001102701062336564,0.001015214016661048,2,0.0009578513097949326,0.000936545489821583,predict,0.0008847860153764486,0.0009067669743672013,100,,,10,11.0,70.0,0.0010941943204976605
10,10,100,ort,3.752799239009619e-05,0.00011252996046096087,4.535296466201544e-05,2,4.723579622805119e-05,3.8518570363521576e-05,predict,3.752799239009619e-05,3.778201062232256e-05,100,3.0,3352.0,10,,,9.031320522212194e-05
10,10,100,skl,0.0008722429629415274,0.0009307999862357974,0.0009040359873324633,2,0.000890523986890912,0.0008768814732320607,predict_proba,0.0008722429629415274,0.0008765310049057007,100,,,10,11.0,70.0,0.0009307999862357974
10,10,100,ort,4.267692565917969e-05,6.855593528598547e-05,5.193892866373062e-05,2,4.8641185276210305e-05,4.570902092382312e-05,predict_proba,4.267692565917969e-05,4.443107172846794e-05,100,3.0,3352.0,10,,,6.331921307879375e-05
1,10,100,skl,0.0008502850541844964,0.001057481043972075,0.0008828960126265883,5,0.0008943467168137431,0.0008624889887869358,predict,0.0008502850541844964,0.0008586590411141515,1,,,10,11.0,506.0,0.001025568414391646
1,10,100,ort,2.7622911147773266e-05,7.789407391101122e-05,3.7381076253950596e-05,5,3.57181066647172e-05,2.9046495910733938e-05,predict,2.7622911147773266e-05,2.8194976039230824e-05,1,3.0,19271.0,10,,,6.428403124198052e-05
1,10,100,skl,0.0008289330871775746,0.0008770589483901858,0.0008585060713812709,5,0.000849223101977259,0.0008444399572908878,predict_proba,0.0008289330871775746,0.0008434529881924391,1,,,10,11.0,506.0,0.0008770589483901858
1,10,100,ort,2.9337010346353054e-05,4.3947016820311546e-05,3.130198456346989e-05,5,3.1801522709429264e-05,3.0134047847241163e-05,predict_proba,2.9337010346353054e-05,2.9664020985364914e-05,1,3.0,19271.0,10,,,4.010792292344903e-05
10,10,100,skl,0.0008840770460665226,0.0009771990589797497,0.0008990269852802157,5,0.0009027453837916255,0.00089452596148476,predict,0.0008840770460665226,0.0008932619821280241,1,,,10,11.0,506.0,0.0009523072200776942
10,10,100,ort,3.896001726388931e-05,5.421007517725229e-05,4.246796015650034e-05,5,4.2209704406559465e-05,4.06205072067678e-05,predict,3.896001726388931e-05,4.0106941014528275e-05,1,3.0,19271.0,10,,,5.062222052437172e-05
10,10,100,skl,0.0008663680637255311,0.0009288480505347252,0.0008944900473579764,5,0.0008904353249818087,0.0008890340104699135,predict_proba,0.0008663680637255311,0.000883733038790524,1,,,10,11.0,506.0,0.0009203899317815459
10,10,100,ort,4.492898005992174e-05,5.8055040426552296e-05,4.805903881788254e-05,5,4.7927012201398614e-05,4.676752723753452e-05,predict_proba,4.492898005992174e-05,4.5937951654195786e-05,1,3.0,19271.0,10,,,5.5057907066446746e-05
1,10,100,skl,0.0008339890046045184,0.001056498964317143,0.0008835650514811277,5,0.0008774184854701162,0.0008566104806959629,predict,0.0008339890046045184,0.0008544449228793383,10,,,10,11.0,554.0,0.00099879751105802
1,10,100,ort,2.7425005100667477e-05,7.802597247064114e-05,2.987496554851532e-05,5,3.3911573700606824e-05,2.845696872100234e-05,predict,2.7425005100667477e-05,2.7966918423771858e-05,10,3.0,21023.0,10,,,6.29618098900016e-05
1,10,100,skl,0.0008245119825005531,0.0008852130267769098,0.0008769900305196643,5,0.0008485052851028741,0.0008405279950238764,predict_proba,0.0008245119825005531,0.0008286099182441831,10,,,10,11.0,554.0,0.0008852130267769098
1,10,100,ort,2.927600871771574e-05,4.3613952584564686e-05,3.146298695355654e-05,5,3.177440958097577e-05,2.9849063139408827e-05,predict_proba,2.927600871771574e-05,2.9635033570230007e-05,10,3.0,21023.0,10,,,3.998280887922874e-05
10,10,100,skl,0.0008677749428898096,0.0009403160074725747,0.0008805959951132536,5,0.0008825513883493841,0.0008747664978727698,predict,0.0008677749428898096,0.0008713039569556713,10,,,10,11.0,554.0,0.0009232513190760641
10,10,100,ort,3.9555015973746777e-05,5.4631964303553104e-05,4.245794843882322e-05,5,4.249368794262409e-05,4.085554974153638e-05,predict,3.9555015973746777e-05,4.012999124825001e-05,10,3.0,21023.0,10,,,5.111496759252571e-05
10,10,100,skl,0.0008618120336905122,0.0009067669743672013,0.0008726289961487055,5,0.0008710562018677592,0.0008659425075165927,predict_proba,0.0008618120336905122,0.0008646430214866996,10,,,10,11.0,554.0,0.0008956663245612277
10,10,100,ort,4.547403659671545e-05,5.852500908076763e-05,4.858395550400019e-05,5,4.801440518349409e-05,4.6293484047055244e-05,predict_proba,4.547403659671545e-05,4.5742024667561054e-05,10,3.0,21023.0,10,,,5.560600373627893e-05
1,10,100,skl,0.0008362499065697193,0.0010610519675537944,0.0008793170563876629,5,0.000879029999487102,0.0008549660560674965,predict,0.0008362499065697193,0.0008544980082660913,100,,,10,11.0,516.0,0.0010015187475508648
1,10,100,ort,2.739601768553257e-05,8.11649952083826e-05,3.4263008274137974e-05,5,3.522682236507535e-05,2.9059534426778555e-05,predict,2.739601768553257e-05,2.8640031814575195e-05,100,3.0,19636.0,10,,,6.572298447888965e-05
1,10,100,skl,0.0008420309750363231,0.0008771090069785714,0.0008533420041203499,5,0.000853890914004296,0.0008513755165040493,predict_proba,0.0008420309750363231,0.0008508319733664393,100,,,10,11.0,516.0,0.000873269553205326
1,10,100,ort,2.9030023142695427e-05,4.351302050054073e-05,3.102794289588928e-05,5,3.130728146061301e-05,2.9561982955783606e-05,predict_proba,2.9030023142695427e-05,2.9257964342832565e-05,100,3.0,19636.0,10,,,3.9604567521744127e-05
10,10,100,skl,0.0008676779689267278,0.0009486670605838299,0.0009162880014628172,5,0.0009013690869323909,0.0008916880469769239,predict,0.0008676779689267278,0.0008884998969733715,100,,,10,11.0,516.0,0.0009470718326631885
10,10,100,ort,3.8585043512284756e-05,5.563604645431042e-05,4.349404480308294e-05,5,4.213890060782433e-05,3.963796189054847e-05,predict,3.8585043512284756e-05,3.932998515665531e-05,100,3.0,19636.0,10,,,5.199022134535243e-05
10,10,100,skl,0.0008776740869507194,0.0010189140448346734,0.0009028119966387749,5,0.0009050831082277,0.0008834854234009981,predict_proba,0.0008776740869507194,0.0008828070713207126,100,,,10,11.0,516.0,0.000988323716233103
10,10,100,ort,4.484003875404596e-05,5.787902045994997e-05,4.782492760568857e-05,5,4.740740405395627e-05,4.5671011321246624e-05,predict_proba,4.484003875404596e-05,4.530500154942274e-05,100,3.0,19636.0,10,,,5.486517150459501e-05
1,10,100,skl,0.0008364400127902627,0.0011173540260642767,0.0008826119592413306,10,0.000893039011862129,0.000876964011695236,predict,0.0008364400127902627,0.0008718359749764204,1,,,10,11.0,5330.0,0.0010425723192471407
1,10,100,ort,3.0339928343892097e-05,9.105296339839697e-05,3.428396303206682e-05,10,3.8191769272089e-05,3.177847247570753e-05,predict,3.0339928343892097e-05,3.09839379042387e-05,1,3.0,205500.0,10,,,7.306824831359741e-05
1,10,100,skl,0.0008363070664927363,0.0008841820526868105,0.000868413015268743,10,0.0008535567088983953,0.0008473779307678342,predict_proba,0.0008363070664927363,0.0008447380969300866,1,,,10,11.0,5330.0,0.0008838394491230266
1,10,100,ort,3.0790106393396854e-05,4.583701957017183e-05,3.291293978691101e-05,10,3.327422309666872e-05,3.127398667857051e-05,predict_proba,3.0790106393396854e-05,3.1088944524526596e-05,1,3.0,205500.0,10,,,4.1930397785016955e-05
10,10,100,skl,0.0008859919616952538,0.0009927869541570544,0.0009226989932358265,10,0.0009169223019853234,0.0009060234879143536,predict,0.0008859919616952538,0.0009051230736076832,1,,,10,11.0,5330.0,0.0009715791366422972
10,10,100,ort,4.945497494190931e-05,6.914709229022264e-05,5.705293733626604e-05,10,5.413489416241646e-05,5.140848224982619e-05,predict,4.945497494190931e-05,5.0832051783800125e-05,1,3.0,205500.0,10,,,6.558736559843967e-05
10,10,100,skl,0.0008996629621833563,0.000925722997635603,0.0009200259810313582,10,0.000912071589846164,0.000910741975530982,predict_proba,0.0008996629621833563,0.0009056180715560913,1,,,10,11.0,5330.0,0.000925722997635603
10,10,100,ort,5.385500844568014e-05,6.694102194160223e-05,6.45490363240242e-05,10,5.833951290696859e-05,5.4795003961771727e-05,predict_proba,5.385500844568014e-05,5.439098458737135e-05,1,3.0,205500.0,10,,,6.694102194160223e-05
1,10,100,skl,0.0008427449502050877,0.0010886619566008449,0.0008661110186949372,10,0.000881710893008858,0.0008594850078225136,predict,0.0008427449502050877,0.0008531929925084114,10,,,10,11.0,5960.0,0.0010181366143587017
1,10,100,ort,2.957298420369625e-05,8.895900100469589e-05,3.251503221690655e-05,10,3.713611513376236e-05,3.060104791074991e-05,predict,2.957298420369625e-05,2.981000579893589e-05,10,3.0,230067.0,10,,,7.132655760490809e-05
1,10,100,skl,0.0008275279542431235,0.0008767289109528065,0.0008540409617125988,10,0.0008437113952822983,0.0008326385286636651,predict_proba,0.0008275279542431235,0.0008293479913845658,10,,,10,11.0,5960.0,0.0008767289109528065
1,10,100,ort,3.10349278151989e-05,4.551699385046959e-05,3.2581971026957035e-05,10,3.32845957018435e-05,3.155902959406376e-05,predict_proba,3.10349278151989e-05,3.125995863229036e-05,10,3.0,230067.0,10,,,4.161763747502654e-05
10,10,100,skl,0.0008906060829758644,0.0009768690215423703,0.0009148170938715339,10,0.0009110252256505191,0.0008990155183710158,predict,0.0008906060829758644,0.0008952319622039795,10,,,10,11.0,5960.0,0.0009618774609223509
10,10,100,ort,4.9560912884771824e-05,7.034104783087969e-05,5.4759904742240906e-05,10,5.437297513708472e-05,5.241547478362918e-05,predict,4.9560912884771824e-05,5.0800968892872334e-05,10,3.0,230067.0,10,,,6.590175512704945e-05
10,10,100,skl,0.0008767970139160752,0.0010166249703615904,0.0009130060207098722,10,0.0009028224041685462,0.0008874170016497374,predict_proba,0.0008767970139160752,0.0008818890200927854,10,,,10,11.0,5960.0,0.0009815160788135074
10,10,100,ort,5.4545933380723e-05,6.797898095101118e-05,5.7108933106064796e-05,10,5.7213089894503356e-05,5.5707001592963934e-05,predict_proba,5.4545933380723e-05,5.515897646546364e-05,10,3.0,230067.0,10,,,6.493876990670166e-05
1,10,100,skl,0.0008522989228367805,0.0011431510793045163,0.0008631160017102957,10,0.0008875422994606197,0.0008603064343333244,predict,0.0008522989228367805,0.0008595800027251244,100,,,10,11.0,5594.0,0.0010547020912715583
1,10,100,ort,2.9913033358752728e-05,9.108195081353188e-05,3.406801261007786e-05,10,3.77897871658206e-05,3.110652323812246e-05,predict,2.9913033358752728e-05,3.056495916098356e-05,100,3.0,215798.0,10,,,7.287216596026174e-05
1,10,100,skl,0.0008293089922517538,0.0010500779608264565,0.0008738570613786578,10,0.000874099088832736,0.0008530644699931145,predict_proba,0.0008293089922517538,0.0008485759608447552,100,,,10,11.0,5594.0,0.0009924169849394968
1,10,100,ort,3.081001341342926e-05,4.514702595770359e-05,3.2806070521473885e-05,10,3.308102022856474e-05,3.10980249196291e-05,predict_proba,3.081001341342926e-05,3.09990718960762e-05,100,3.0,215798.0,10,,,4.141401230486728e-05
10,10,100,skl,0.0008903089910745621,0.0009591550333425403,0.0009291960159316659,10,0.0009185099042952061,0.0009115085122175515,predict,0.0008903089910745621,0.0009059109725058079,100,,,10,11.0,5594.0,0.0009580235155893246
10,10,100,ort,5.00919995829463e-05,7.000600453466177e-05,5.623302422463894e-05,10,5.444149719551206e-05,5.160697037354112e-05,predict,5.00919995829463e-05,5.1329960115253925e-05,100,3.0,215798.0,10,,,6.563611967349387e-05
10,10,100,skl,0.0008794439490884542,0.0009326309664174914,0.0009143019560724497,10,0.0009031468885950744,0.000898620521184057,predict_proba,0.0008794439490884542,0.0008971630595624447,100,,,10,11.0,5594.0,0.0009311630907814748
10,10,100,ort,5.465594585984945e-05,6.799609400331974e-05,6.381003186106682e-05,10,5.8923917822539804e-05,5.66430389881134e-05,predict_proba,5.465594585984945e-05,5.577993579208851e-05,100,3.0,215798.0,10,,,6.77531705788562e-05
