N,count,dim,lib,lower,max,max3,max_depth,mean,median,method,min,min3,ort_nodes,ort_size,repeat,skl_dt_nodes,skl_nb_nase_estimators,upper
1,10,1,skl,6.627407856285572e-05,0.0002421269891783595,8.118606638163328e-05,2,9.09418100491166e-05,7.584795821458101e-05,predict,6.627407856285572e-05,7.110706064850092e-05,,,10,7.0,1.0,0.00019046189171038652
1,10,1,ort,2.5546993128955364e-05,0.00012020906433463097,2.909102477133274e-05,2,3.674941835924983e-05,2.660095924511552e-05,predict,2.5546993128955364e-05,2.642301842570305e-05,3.0,1020.0,10,,,9.147682308832353e-05
1,10,1,skl,8.104601874947548e-05,0.00010572804603725672,8.810393046587706e-05,2,8.690719259902835e-05,8.45534959807992e-05,predict_proba,8.104601874947548e-05,8.258991874754429e-05,,,10,7.0,1.0,0.00010070124631905356
1,10,1,ort,2.7333036996424198e-05,4.310102667659521e-05,2.92870681732893e-05,2,3.001590957865119e-05,2.8282578568905592e-05,predict_proba,2.7333036996424198e-05,2.800789661705494e-05,3.0,1020.0,10,,,3.888979744565313e-05
10,10,1,skl,6.76220515742898e-05,8.806807454675436e-05,7.326598279178143e-05,2,7.310491055250168e-05,7.10270251147449e-05,predict,6.76220515742898e-05,7.094093598425388e-05,,,10,7.0,1.0,8.442197986771473e-05
10,10,1,ort,2.8598937205970287e-05,5.491694901138544e-05,3.1472998671233654e-05,2,3.261087695136666e-05,2.959748962894082e-05,predict,2.8598937205970287e-05,2.9481947422027588e-05,3.0,1020.0,10,,,4.7438561377584096e-05
10,10,1,skl,8.25320603325963e-05,9.629304986447096e-05,9.393796790391207e-05,2,8.882412221282721e-05,8.79740109667182e-05,predict_proba,8.25320603325963e-05,8.57870327308774e-05,,,10,7.0,1.0,9.629304986447096e-05
10,10,1,ort,3.461702726781368e-05,5.7311030104756355e-05,3.7011923268437386e-05,2,3.831840585917234e-05,3.6393466871231794e-05,predict_proba,3.461702726781368e-05,3.5368953831493855e-05,3.0,1020.0,10,,,5.101964281229643e-05
1,10,1,skl,6.640807259827852e-05,0.00013449299149215221,7.660896517336369e-05,5,7.829159731045365e-05,7.294100942090154e-05,predict,6.640807259827852e-05,6.897188723087311e-05,,,10,43.0,1.0,0.00011595791968024038
1,10,1,ort,2.5845016352832317e-05,6.97610666975379e-05,2.7457019314169884e-05,5,3.11502255499363e-05,2.619606675580144e-05,predict,2.5845016352832317e-05,2.5941990315914154e-05,3.0,2338.0,10,,,5.659239171234189e-05
1,10,1,skl,7.953599561005831e-05,0.00010589801240712404,8.97659920156002e-05,5,8.657186990603804e-05,8.298596367239952e-05,predict_proba,7.953599561005831e-05,8.122995495796204e-05,,,10,43.0,1.0,0.00010263377512574365
1,10,1,ort,2.766295801848173e-05,4.2621977627277374e-05,3.668596036732197e-05,5,3.166978713124991e-05,2.8484966605901718e-05,predict_proba,2.766295801848173e-05,2.7994043193757534e-05,3.0,2338.0,10,,,4.1555697370471494e-05
10,10,1,skl,6.762903649359941e-05,8.634303230792284e-05,8.346699178218842e-05,5,7.48047255910933e-05,7.281603757292032e-05,predict,6.762903649359941e-05,7.038400508463383e-05,,,10,43.0,1.0,8.634303230792284e-05
10,10,1,ort,2.9704999178647995e-05,4.860397893935442e-05,3.4970929846167564e-05,5,3.338360693305731e-05,3.051251405850053e-05,predict,2.9704999178647995e-05,3.0142022296786308e-05,3.0,2338.0,10,,,4.4555199979759006e-05
10,10,1,skl,8.431391324847937e-05,9.58290183916688e-05,9.09710070118308e-05,5,8.819019421935081e-05,8.681853068992496e-05,predict_proba,8.431391324847937e-05,8.582195732742548e-05,,,10,43.0,1.0,9.508133864120912e-05
10,10,1,ort,3.549596294760704e-05,4.930503200739622e-05,3.758003003895283e-05,5,3.789621405303478e-05,3.620499046519399e-05,predict_proba,3.549596294760704e-05,3.5754055716097355e-05,3.0,2338.0,10,,,4.5860046910551166e-05
1,10,1,skl,6.626592949032784e-05,0.00013669801410287619,7.471104618161917e-05,10,7.71707040257752e-05,7.003697101026773e-05,predict,6.626592949032784e-05,6.818503607064486e-05,,,10,319.0,1.0,0.00011681467968940411
1,10,1,ort,2.610997762531042e-05,7.852399721741676e-05,2.8016045689582825e-05,10,3.245939733460545e-05,2.670154208317399e-05,predict,2.610997762531042e-05,2.6401947252452374e-05,3.0,12900.0,10,,,6.277495357135979e-05
1,10,1,skl,8.143403101712465e-05,0.00010094500612467527,8.832302410155535e-05,10,8.70453892275691e-05,8.463003905490041e-05,predict_proba,8.143403101712465e-05,8.359493222087622e-05,,,10,319.0,1.0,9.941748819145712e-05
1,10,1,ort,2.7691014111042023e-05,5.3024967201054096e-05,3.081501927226782e-05,10,3.136360319331288e-05,2.853403566405177e-05,predict_proba,2.7691014111042023e-05,2.811301965266466e-05,3.0,12900.0,10,,,4.576460612158313e-05
10,10,1,skl,6.827898323535919e-05,0.00011430296581238508,7.780198939144611e-05,10,7.778109284117818e-05,7.243052823469043e-05,predict,6.827898323535919e-05,6.975291762501001e-05,,,10,319.0,1.0,0.00010445599180763048
10,10,1,ort,2.9086018912494183e-05,5.054404027760029e-05,3.1495001167058945e-05,10,3.25225992128253e-05,2.992700319737196e-05,predict,2.9086018912494183e-05,2.9685907065868378e-05,3.0,12900.0,10,,,4.4757602610492524e-05
10,10,1,skl,8.468399755656719e-05,0.00011809391435235739,9.085494093596935e-05,10,9.147047530859709e-05,8.867197902873158e-05,predict_proba,8.468399755656719e-05,8.734408766031265e-05,,,10,319.0,1.0,0.00010953501035184282
10,10,1,ort,3.59599944204092e-05,7.103302050381899e-05,3.7806108593940735e-05,10,4.037331091240048e-05,3.646401455625892e-05,predict_proba,3.59599944204092e-05,3.6315061151981354e-05,3.0,12900.0,10,,,6.058208562545029e-05
1,10,1,skl,6.635498721152544e-05,0.00014581403229385614,7.860490586608648e-05,20,7.970515871420502e-05,7.279147394001484e-05,predict,6.635498721152544e-05,6.914197001606226e-05,,,10,3155.0,1.0,0.00012383424844658874
1,10,1,ort,2.620008308440447e-05,7.360393647104502e-05,2.8679962269961834e-05,20,3.2028811983764174e-05,2.6573019567877054e-05,predict,2.620008308440447e-05,2.6519992388784885e-05,3.0,123511.0,10,,,5.943071021388388e-05
1,10,1,skl,8.173100650310516e-05,0.00011521996930241585,8.987903129309416e-05,20,8.929627947509288e-05,8.544744923710823e-05,predict_proba,8.173100650310516e-05,8.309097029268742e-05,,,10,3155.0,1.0,0.00010874631339042833
1,10,1,ort,2.7979956939816475e-05,6.093306001275778e-05,3.0162977054715157e-05,20,3.3017597161233425e-05,2.8385489713400602e-05,predict_proba,2.7979956939816475e-05,2.808996941894293e-05,3.0,123511.0,10,,,5.277580832754023e-05
10,10,1,skl,6.983010098338127e-05,8.622393943369389e-05,7.551093585789204e-05,20,7.410278776660561e-05,7.205648580566049e-05,predict,6.983010098338127e-05,7.163791451603174e-05,,,10,3155.0,1.0,8.32641904169024e-05
10,10,1,ort,3.10409814119339e-05,4.938396159559488e-05,4.266493488103151e-05,20,3.614128800109029e-05,3.2148032914847136e-05,predict,3.10409814119339e-05,3.1796982511878014e-05,3.0,123511.0,10,,,4.933186949350382e-05
10,10,1,skl,8.568400517106056e-05,9.765604045242071e-05,9.662902448326349e-05,20,9.167069802060724e-05,9.079748997464776e-05,predict_proba,8.568400517106056e-05,8.884002454578876e-05,,,10,3155.0,1.0,9.765604045242071e-05
10,10,1,ort,3.6970945075154305e-05,7.366097997874022e-05,4.043802618980408e-05,20,4.361630417406559e-05,3.77994729205966e-05,predict_proba,3.6970945075154305e-05,3.765407018363476e-05,3.0,123511.0,10,,,6.683516492177714e-05
1,10,5,skl,6.563798524439335e-05,0.00016250391490757465,8.616200648248196e-05,2,8.136689430102706e-05,6.928498623892665e-05,predict,6.563798524439335e-05,6.649503484368324e-05,,,10,7.0,1.0,0.00013645118935436
1,10,5,ort,2.6152003556489944e-05,9.391095954924822e-05,2.847507130354643e-05,2,3.4358073025941846e-05,2.6657013222575188e-05,predict,2.6152003556489944e-05,2.658891025930643e-05,3.0,1020.0,10,,,7.36029082017248e-05
1,10,5,skl,8.054403588175774e-05,0.00011462694965302944,9.03239706531167e-05,2,8.91233910806477e-05,8.394400356337428e-05,predict_proba,8.054403588175774e-05,8.217303548008204e-05,,,10,7.0,1.0,0.0001117330780593078
1,10,5,ort,2.769904676824808e-05,5.2853021770715714e-05,2.9591028578579426e-05,2,3.098752349615097e-05,2.7968024369329214e-05,predict_proba,2.769904676824808e-05,2.790906000882387e-05,3.0,1020.0,10,,,4.547313780614917e-05
10,10,5,skl,6.767502054572105e-05,8.441007230430841e-05,7.751910015940666e-05,2,7.514802273362875e-05,7.456651655957103e-05,predict,6.767502054572105e-05,7.277005352079868e-05,,,10,7.0,1.0,8.391464140798401e-05
10,10,5,ort,2.8735026717185974e-05,4.739395808428526e-05,3.11840558424592e-05,2,3.1779403798282146e-05,2.953753573819995e-05,predict,2.8735026717185974e-05,2.9120943509042263e-05,3.0,1020.0,10,,,4.2439915840431174e-05
10,10,5,skl,8.563906885683537e-05,9.703799150884151e-05,9.547302033752203e-05,2,9.071448585018516e-05,8.965248707681894e-05,predict_proba,8.563906885683537e-05,8.887099102139473e-05,,,10,7.0,1.0,9.703799150884151e-05
10,10,5,ort,3.610900603234768e-05,5.155499093234539e-05,3.838201519101858e-05,2,3.87091189622879e-05,3.6752026062458754e-05,predict_proba,3.610900603234768e-05,3.646593540906906e-05,3.0,1020.0,10,,,4.7513816459519016e-05
1,10,5,skl,6.71379966661334e-05,0.00013776798732578754,8.668098598718643e-05,5,8.132359944283963e-05,7.404148345813155e-05,predict,6.71379966661334e-05,7.077306509017944e-05,,,10,45.0,1.0,0.00012072463181886915
1,10,5,ort,2.646399661898613e-05,7.44540011510253e-05,2.868205774575472e-05,5,3.246641717851162e-05,2.6816444005817175e-05,predict,2.646399661898613e-05,2.671999391168356e-05,3.0,2411.0,10,,,6.0234155030773456e-05
1,10,5,skl,8.04410083219409e-05,0.00010806205682456493,8.622603490948677e-05,5,8.65363166667521e-05,8.287053788080812e-05,predict_proba,8.04410083219409e-05,8.19239066913724e-05,,,10,45.0,1.0,0.00010328209188642767
1,10,5,ort,2.7536996640264988e-05,4.302698653191328e-05,3.696500789374113e-05,5,3.199849743396044e-05,2.9520015232264996e-05,predict_proba,2.7536996640264988e-05,2.840894740074873e-05,3.0,2411.0,10,,,4.181708609287718e-05
10,10,5,skl,6.720493547618389e-05,9.414996020495892e-05,7.333396933972836e-05,5,7.294736569747328e-05,7.047201506793499e-05,predict,6.720493547618389e-05,6.960099563002586e-05,,,10,45.0,1.0,8.779728608889793e-05
10,10,5,ort,3.0200928449630737e-05,4.666205495595932e-05,3.4513999707996845e-05,5,3.3491803333163264e-05,3.080850001424551e-05,predict,3.0200928449630737e-05,3.060302697122097e-05,3.0,2411.0,10,,,4.345588952846762e-05
10,10,5,skl,8.243892807513475e-05,0.00010161509271711111,9.151699487119913e-05,5,8.860419038683175e-05,8.596002589911222e-05,predict_proba,8.243892807513475e-05,8.490891195833683e-05,,,10,45.0,1.0,0.00010015779662775656
10,10,5,ort,3.5436940379440784e-05,5.098199471831322e-05,3.7819030694663525e-05,5,3.8121000397950414e-05,3.630598075687885e-05,predict_proba,3.5436940379440784e-05,3.597501199692488e-05,3.0,2411.0,10,,,4.69811410685223e-05
1,10,5,skl,6.611703429371119e-05,0.0001320759765803814,7.779989391565323e-05,10,7.778368890285492e-05,7.070245919749141e-05,predict,6.611703429371119e-05,6.791902706027031e-05,,,10,561.0,1.0,0.000114905936771546
1,10,5,ort,2.6333960704505444e-05,7.059297058731318e-05,2.843700349330902e-05,10,3.188471309840679e-05,2.681801561266184e-05,predict,2.6333960704505444e-05,2.6769936084747314e-05,3.0,22341.0,10,,,5.744344588574232e-05
1,10,5,skl,8.072599302977324e-05,0.00011268595699220896,9.295996278524399e-05,10,8.816306944936514e-05,8.394347969442606e-05,predict_proba,8.072599302977324e-05,8.184800390154123e-05,,,10,561.0,1.0,0.00010729424671359197
1,10,5,ort,2.81559769064188e-05,4.1531980969011784e-05,3.638293128460646e-05,10,3.188949776813388e-05,2.9150513000786304e-05,predict_proba,2.81559769064188e-05,2.876704093068838e-05,3.0,22341.0,10,,,4.064462629924441e-05
10,10,5,skl,6.910297088325024e-05,9.723496623337269e-05,7.63959251344204e-05,10,7.626200094819069e-05,7.31150503270328e-05,predict,6.910297088325024e-05,7.190194446593523e-05,,,10,561.0,1.0,9.280675693332382e-05
10,10,5,ort,3.0342023819684982e-05,4.8151006922125816e-05,3.859703429043293e-05,10,3.469947259873152e-05,3.152596764266491e-05,predict,3.0342023819684982e-05,3.113294951617718e-05,3.0,22341.0,10,,,4.54225934398664e-05
10,10,5,skl,8.556491229683161e-05,9.939598385244608e-05,9.489792864769697e-05,10,9.193237638100981e-05,9.196496102958918e-05,predict_proba,8.556491229683161e-05,8.953397627919912e-05,,,10,561.0,1.0,9.939598385244608e-05
10,10,5,ort,3.646593540906906e-05,5.0546019338071346e-05,3.880204167217016e-05,10,3.89927183277905e-05,3.7261517718434334e-05,predict_proba,3.646593540906906e-05,3.6610057577490807e-05,3.0,22341.0,10,,,4.717026155561627e-05
1,10,5,skl,6.65709376335144e-05,0.00015284400433301926,7.91850034147501e-05,20,8.097148966044188e-05,7.197546074166894e-05,predict,6.65709376335144e-05,6.975210271775723e-05,,,10,6649.0,1.0,0.00012915273325260973
1,10,5,ort,2.6789959520101547e-05,7.723807357251644e-05,2.8425012715160847e-05,20,3.289768937975168e-05,2.7194444555789232e-05,predict,2.6789959520101547e-05,2.711603883653879e-05,3.0,259781.0,10,,,6.208231300347948e-05
1,10,5,skl,8.018198423087597e-05,0.00010452198330312967,9.466696064919233e-05,20,8.709070971235633e-05,8.292851271107793e-05,predict_proba,8.018198423087597e-05,8.11960780993104e-05,,,10,6649.0,1.0,0.00010276387407651389
1,10,5,ort,2.8113950975239277e-05,4.28719213232398e-05,3.2641924917697906e-05,20,3.146786475554109e-05,2.928241156041622e-05,predict_proba,2.8113950975239277e-05,2.898997627198696e-05,3.0,259781.0,10,,,4.0374020857720285e-05
10,10,5,skl,7.113104220479727e-05,9.083794429898262e-05,8.685991633683443e-05,20,7.828120142221451e-05,7.49389873817563e-05,predict,7.113104220479727e-05,7.373210974037647e-05,,,10,6649.0,1.0,9.083794429898262e-05
10,10,5,ort,3.297592047601938e-05,6.29679998382926e-05,4.285003524273634e-05,20,3.9999396540224554e-05,3.5884499084204435e-05,predict,3.297592047601938e-05,3.5316101275384426e-05,3.0,259781.0,10,,,5.663473913705144e-05
10,10,5,skl,8.749798871576786e-05,0.00011581904254853725,0.00010423792991787195,20,9.719410445541143e-05,9.439297718927264e-05,predict_proba,8.749798871576786e-05,9.266799315810204e-05,,,10,6649.0,1.0,0.00011364166985538228
10,10,5,ort,3.876490518450737e-05,5.392299499362707e-05,4.026200622320175e-05,20,4.133589100092649e-05,3.973150160163641e-05,predict_proba,3.876490518450737e-05,3.926700446754694e-05,3.0,259781.0,10,,,4.99439330426417e-05
1,10,10,skl,6.484996993094683e-05,0.00013645098078995943,7.554597686976194e-05,2,7.659858092665673e-05,7.022748468443751e-05,predict,6.484996993094683e-05,6.580492481589317e-05,,,10,7.0,1.0,0.00011669370357553734
1,10,10,ort,2.623000182211399e-05,7.133395411074162e-05,2.7996953576803207e-05,2,3.17466794513166e-05,2.6742462068796158e-05,predict,2.623000182211399e-05,2.636795397847891e-05,3.0,1020.0,10,,,5.784340475364253e-05
1,10,10,skl,8.044205605983734e-05,0.00010622898116707802,9.869097266346216e-05,2,8.916580118238926e-05,8.617801358923316e-05,predict_proba,8.044205605983734e-05,8.136499673128128e-05,,,10,7.0,1.0,0.00010622898116707802
1,10,10,ort,2.7295900508761406e-05,4.1591934859752655e-05,3.631098661571741e-05,2,3.1271984335035084e-05,2.8102018404752016e-05,predict_proba,2.7295900508761406e-05,2.743396908044815e-05,3.0,1020.0,10,,,4.1204435733356054e-05
10,10,10,skl,6.746198050677776e-05,8.4441970102489e-05,7.560907397419214e-05,2,7.289469940587878e-05,7.188547169789672e-05,predict,6.746198050677776e-05,6.930902600288391e-05,,,10,7.0,1.0,8.285308884628053e-05
10,10,10,ort,2.933794166892767e-05,4.6242959797382355e-05,3.843300510197878e-05,2,3.375267842784524e-05,3.043346805498004e-05,predict,2.933794166892767e-05,2.9615010134875774e-05,3.0,1020.0,10,,,4.46854731524001e-05
10,10,10,skl,8.485699072480202e-05,0.00010043999645859003,9.273900650441647e-05,2,8.990650530904531e-05,8.791603613644838e-05,predict_proba,8.485699072480202e-05,8.696503937244415e-05,,,10,7.0,1.0,9.92328682812714e-05
10,10,10,ort,3.5205972380936146e-05,4.936009645462036e-05,3.687501884996891e-05,2,3.7564709782600406e-05,3.585347440093756e-05,predict_proba,3.5205972380936146e-05,3.549398388713598e-05,3.0,1020.0,10,,,4.5782286139071425e-05
1,10,10,skl,6.565800867974758e-05,0.00013300299178808928,7.758697029203176e-05,5,7.90801947005093e-05,7.487699622288346e-05,predict,6.565800867974758e-05,7.1141985245049e-05,,,10,29.0,1.0,0.00011538320721669223
1,10,10,ort,2.6088091544806957e-05,7.068004924803972e-05,2.814503386616707e-05,5,3.153802827000618e-05,2.6434485334903002e-05,predict,2.6088091544806957e-05,2.625200431793928e-05,3.0,1826.0,10,,,5.735204849190064e-05
1,10,10,skl,7.976102642714977e-05,0.00011423102114349604,8.629902731627226e-05,5,8.653341792523861e-05,8.332746801897883e-05,predict_proba,7.976102642714977e-05,8.258898742496967e-05,,,10,29.0,1.0,0.00010543644446004758
1,10,10,ort,2.7725007385015488e-05,4.1899969801306725e-05,3.721693065017462e-05,5,3.1935982406139374e-05,2.8450507670640945e-05,predict_proba,2.7725007385015488e-05,2.818403299897909e-05,3.0,1826.0,10,,,4.1899969801306725e-05
10,10,10,skl,6.82600075379014e-05,8.520600385963917e-05,7.30869360268116e-05,5,7.25214253179729e-05,7.071305299177766e-05,predict,6.82600075379014e-05,6.989797111600637e-05,,,10,29.0,1.0,8.210009899147419e-05
10,10,10,ort,2.977205440402031e-05,6.164796650409698e-05,3.652600571513176e-05,5,3.497550496831536e-05,3.0140974558889866e-05,predict,2.977205440402031e-05,2.995401155203581e-05,3.0,1826.0,10,,,5.350598089490283e-05
10,10,10,skl,8.408492431044579e-05,0.0001029859995469451,9.122700430452824e-05,5,8.902139961719513e-05,8.635449921712279e-05,predict_proba,8.408492431044579e-05,8.533603977411985e-05,,,10,29.0,1.0,0.00010046944258186364
10,10,10,ort,3.55809461325407e-05,4.9202935770154e-05,3.730505704879761e-05,5,3.798078978434205e-05,3.638048656284809e-05,predict_proba,3.55809461325407e-05,3.6053010262548923e-05,3.0,1826.0,10,,,4.571789835857937e-05
1,10,10,skl,6.672402378171682e-05,0.00014302495401352644,7.443095091730356e-05,10,7.711529033258558e-05,6.835756357759237e-05,predict,6.672402378171682e-05,6.700993981212378e-05,,,10,703.0,1.0,0.00012077697275336521
1,10,10,ort,2.6514986529946327e-05,7.495109457522631e-05,2.848601434379816e-05,10,3.2370619010180235e-05,2.6929541490972042e-05,predict,2.6514986529946327e-05,2.680998295545578e-05,3.0,27879.0,10,,,6.0409651255338636e-05
1,10,10,skl,8.105102460831404e-05,9.748304728418589e-05,9.29129309952259e-05,10,8.751220302656293e-05,8.752901339903474e-05,predict_proba,8.105102460831404e-05,8.171098306775093e-05,,,10,703.0,1.0,9.748304728418589e-05
1,10,10,ort,2.7772970497608185e-05,4.125596024096012e-05,2.9250048100948334e-05,10,2.9892486054450274e-05,2.8112437576055527e-05,predict_proba,2.7772970497608185e-05,2.8021982870996e-05,3.0,27879.0,10,,,3.768188467281977e-05
10,10,10,skl,6.98319636285305e-05,9.301304817199707e-05,7.988594006747007e-05,10,7.688089972361923e-05,7.461948553100228e-05,predict,6.98319636285305e-05,7.256306707859039e-05,,,10,703.0,1.0,9.117121532483293e-05
10,10,10,ort,3.0542025342583656e-05,5.262601189315319e-05,3.961101174354553e-05,10,3.5823020152747634e-05,3.2170501071959734e-05,predict,3.0542025342583656e-05,3.1539006158709526e-05,3.0,27879.0,10,,,4.874414059796892e-05
10,10,10,skl,8.576200343668461e-05,0.0001081440132111311,9.109394159168005e-05,10,9.062349563464523e-05,8.842995157465339e-05,predict_proba,8.576200343668461e-05,8.785491809248924e-05,,,10,703.0,1.0,0.00010305059033728608
10,10,10,ort,3.6797020584344864e-05,6.0101039707660675e-05,3.859901335090399e-05,10,4.005200462415814e-05,3.7213030736893415e-05,predict_proba,3.6797020584344864e-05,3.711995668709278e-05,3.0,27879.0,10,,,5.346098963834126e-05
1,10,10,skl,6.656406912952662e-05,0.00014087604358792305,7.819302845746279e-05,20,7.985560223460198e-05,6.944051710888743e-05,predict,6.656406912952662e-05,6.842298898845911e-05,,,10,3415.0,1.0,0.00012338510055573081
1,10,10,ort,2.6231049560010433e-05,7.133895996958017e-05,2.779706846922636e-05,20,3.174829762428999e-05,2.6752939447760582e-05,predict,2.6231049560010433e-05,2.6643043383955956e-05,3.0,133655.0,10,,,5.77891383854456e-05
1,10,10,skl,8.059898391366005e-05,9.542296174913645e-05,9.095307905226946e-05,20,8.586167823523282e-05,8.440099190920591e-05,predict_proba,8.059898391366005e-05,8.15289095044136e-05,,,10,3415.0,1.0,9.542296174913645e-05
1,10,10,ort,2.789206337183714e-05,4.207098390907049e-05,2.9460061341524124e-05,20,3.0250195413827897e-05,2.8565467800945044e-05,predict_proba,2.789206337183714e-05,2.8373906388878822e-05,3.0,133655.0,10,,,3.82891245568316e-05
10,10,10,skl,7.17060174793005e-05,9.388301987200975e-05,8.747703395783901e-05,20,8.113312069326639e-05,8.038803935050964e-05,predict,7.17060174793005e-05,7.675506640225649e-05,,,10,3415.0,1.0,9.388301987200975e-05
10,10,10,ort,3.182794898748398e-05,4.8234942369163036e-05,3.383599687367678e-05,20,3.4518877509981397e-05,3.247795393690467e-05,predict,3.182794898748398e-05,3.2073003239929676e-05,3.0,133655.0,10,,,4.3986273609545565e-05
10,10,10,skl,8.743791840970516e-05,0.00011014100164175034,9.367801249027252e-05,20,9.285369887948036e-05,9.082502219825983e-05,predict_proba,8.743791840970516e-05,9.052304085344076e-05,,,10,3415.0,1.0,0.00010521211830789002
10,10,10,ort,3.779900725930929e-05,5.117896944284439e-05,4.005699884146452e-05,20,4.010209813714028e-05,3.8226949982345104e-05,predict_proba,3.779900725930929e-05,3.812799695879221e-05,3.0,133655.0,10,,,4.787619551456367e-05
1,10,20,skl,6.617105100303888e-05,0.0001599129755049944,9.506498463451862e-05,2,8.47082119435072e-05,7.145601557567716e-05,predict,6.617105100303888e-05,6.896199192851782e-05,,,10,7.0,1.0,0.00013807636302370186
1,10,20,ort,2.6389025151729584e-05,7.984100375324488e-05,3.5742996260523796e-05,2,3.481290768831968e-05,2.756103640422225e-05,predict,2.6389025151729584e-05,2.661207690834999e-05,3.0,1020.0,10,,,6.527448631811204e-05
1,10,20,skl,8.050294127315283e-05,9.892904199659824e-05,8.976401295512915e-05,2,8.658968145027756e-05,8.389848517253995e-05,predict_proba,8.050294127315283e-05,8.18819971755147e-05,,,10,7.0,1.0,9.892904199659824e-05
1,10,20,ort,2.7796952053904533e-05,4.22369921579957e-05,2.9401970095932484e-05,2,2.987639745697379e-05,2.799800131469965e-05,predict_proba,2.7796952053904533e-05,2.788903657346964e-05,3.0,1020.0,10,,,3.82383394724998e-05
10,10,20,skl,7.061904761940241e-05,8.533801883459091e-05,7.848208770155907e-05,2,7.69376172684133e-05,7.686251774430275e-05,predict,7.061904761940241e-05,7.46649457141757e-05,,,10,7.0,1.0,8.533801883459091e-05
10,10,20,ort,2.9201037250459194e-05,4.585005808621645e-05,3.1822011806070805e-05,2,3.2007519621402025e-05,2.9763032216578722e-05,predict,2.9201037250459194e-05,2.9586022719740868e-05,3.0,1020.0,10,,,4.157869176001311e-05
10,10,20,skl,8.398108184337616e-05,9.830296039581299e-05,9.635800961405039e-05,2,8.927930612117052e-05,8.623249595984817e-05,predict_proba,8.398108184337616e-05,8.503696881234646e-05,,,10,7.0,1.0,9.830296039581299e-05
10,10,20,ort,3.568804822862148e-05,4.912703298032284e-05,4.468602128326893e-05,2,3.978182794526219e-05,3.7353020161390305e-05,predict_proba,3.568804822862148e-05,3.616104368120432e-05,3.0,1020.0,10,,,4.881292132647764e-05
1,10,20,skl,6.658793427050114e-05,0.00014073599595576525,9.40440222620964e-05,5,8.483879501000046e-05,7.80214904807508e-05,predict,6.658793427050114e-05,7.091404404491186e-05,,,10,43.0,1.0,0.00012750411795068277
1,10,20,ort,2.6550027541816235e-05,7.697893306612968e-05,2.810009755194187e-05,5,3.285380080342293e-05,2.7112953830510378e-05,predict,2.6550027541816235e-05,2.69029987975955e-05,3.0,2338.0,10,,,6.205548552331303e-05
1,10,20,skl,8.060503751039505e-05,0.00010698405094444752,8.747703395783901e-05,5,8.731361012905836e-05,8.347851689904928e-05,predict_proba,8.060503751039505e-05,8.217501454055309e-05,,,10,43.0,1.0,0.00010428255268068121
1,10,20,ort,2.791895531117916e-05,4.174909554421902e-05,3.679108340293169e-05,5,3.1769787892699244e-05,2.9413960874080658e-05,predict_proba,2.791895531117916e-05,2.8135953471064568e-05,3.0,2338.0,10,,,4.095253576997782e-05
10,10,20,skl,6.978691089898348e-05,9.614601731300354e-05,8.090189658105373e-05,5,7.865357911214232e-05,7.68389436416328e-05,predict,6.978691089898348e-05,7.473595906049013e-05,,,10,43.0,1.0,9.370119194406756e-05
10,10,20,ort,2.9860995709896088e-05,4.7064037062227726e-05,4.09870408475399e-05,5,3.4329202026128766e-05,3.043800825253129e-05,predict,2.9860995709896088e-05,3.0049006454646587e-05,3.0,2338.0,10,,,4.69994679795945e-05
10,10,20,skl,8.487701416015625e-05,0.00010433001443743706,9.311002213507891e-05,5,9.08565241843462e-05,8.891004836186767e-05,predict_proba,8.487701416015625e-05,8.782697841525078e-05,,,10,43.0,1.0,0.00010218816886055327
10,10,20,ort,3.619911149144173e-05,4.936999175697565e-05,3.7834979593753815e-05,5,3.835050156340003e-05,3.648753045126796e-05,predict_proba,3.619911149144173e-05,3.6267912946641445e-05,3.0,2338.0,10,,,4.607109296058531e-05
1,10,20,skl,6.762100383639336e-05,0.0001296988921239972,8.739798795431852e-05,10,8.098279358819127e-05,7.335253758355975e-05,predict,6.762100383639336e-05,7.070100400596857e-05,,,10,249.0,1.0,0.00011632527466959305
1,10,20,ort,2.6362016797065735e-05,5.217897705733776e-05,2.882408443838358e-05,10,3.0232418794184923e-05,2.7447007596492767e-05,predict,2.6362016797065735e-05,2.6714988052845e-05,3.0,10172.0,10,,,4.496198654725615e-05
1,10,20,skl,8.075300138443708e-05,9.573600254952908e-05,8.977402467280626e-05,10,8.623660542070866e-05,8.435797644779086e-05,predict_proba,8.075300138443708e-05,8.231098763644695e-05,,,10,249.0,1.0,9.573600254952908e-05
1,10,20,ort,2.7713016606867313e-05,5.0961971282958984e-05,2.953200601041317e-05,10,3.0963693279772994e-05,2.827600110322237e-05,predict_proba,2.7713016606867313e-05,2.8067966923117638e-05,3.0,10172.0,10,,,4.4293484761848526e-05
10,10,20,skl,6.872706580907106e-05,8.534092921763659e-05,7.868593093007803e-05,10,7.532627787441016e-05,7.417448796331882e-05,predict,6.872706580907106e-05,7.243105210363865e-05,,,10,249.0,1.0,8.534092921763659e-05
10,10,20,ort,2.999801654368639e-05,4.663306754082441e-05,3.1554955057799816e-05,10,3.264539409428835e-05,3.066449426114559e-05,predict,2.999801654368639e-05,3.0338065698742867e-05,3.0,10172.0,10,,,4.220424492106685e-05
10,10,20,skl,8.552195504307747e-05,9.686604607850313e-05,9.487802162766457e-05,10,9.044939652085305e-05,8.980045095086098e-05,predict_proba,8.552195504307747e-05,8.724199142307043e-05,,,10,249.0,1.0,9.686604607850313e-05
10,10,20,ort,3.6436947993934155e-05,5.578401032835245e-05,4.930992145091295e-05,10,4.20875963754952e-05,3.7305522710084915e-05,predict_proba,3.6436947993934155e-05,3.6645098589360714e-05,3.0,10172.0,10,,,5.5705472368577985e-05
1,10,20,skl,6.969890091568232e-05,0.00016668695025146008,8.512695785611868e-05,20,8.895149221643806e-05,7.514003664255142e-05,predict,6.969890091568232e-05,7.246306631714106e-05,,,10,4249.0,1.0,0.0001471563422012989
1,10,20,ort,2.7097063139081e-05,8.136802352964878e-05,3.6334036849439144e-05,20,3.575071459636092e-05,2.896547084674239e-05,predict,2.7097063139081e-05,2.732500433921814e-05,3.0,166180.0,10,,,6.655134891744265e-05
1,10,20,skl,8.112099021673203e-05,9.904999751597643e-05,8.99449223652482e-05,20,8.699189638718962e-05,8.436403004452586e-05,predict_proba,8.112099021673203e-05,8.274300489574671e-05,,,10,4249.0,1.0,9.904999751597643e-05
1,10,20,ort,2.792198210954666e-05,5.4314034059643745e-05,3.0472991056740284e-05,20,3.184120869264007e-05,2.8888520319014788e-05,predict_proba,2.792198210954666e-05,2.854003105312586e-05,3.0,166180.0,10,,,4.684870776778248e-05
10,10,20,skl,7.15659698471427e-05,9.204901289194822e-05,8.377095218747854e-05,20,7.938629714772105e-05,7.995101623237133e-05,predict,7.15659698471427e-05,7.466902025043964e-05,,,10,4249.0,1.0,9.147837024785574e-05
10,10,20,ort,3.154599107801914e-05,4.9732974730432034e-05,3.5093980841338634e-05,20,3.482350148260593e-05,3.287050640210509e-05,predict,3.154599107801914e-05,3.243202809244394e-05,3.0,166180.0,10,,,4.5102917932466274e-05
10,10,20,skl,8.819298818707466e-05,0.0001113890903070569,9.491201490163803e-05,20,9.46992076933384e-05,9.112851694226265e-05,predict_proba,8.819298818707466e-05,9.020091965794563e-05,,,10,4249.0,1.0,0.0001100566829089243
10,10,20,ort,3.7288060411810875e-05,5.192693788558245e-05,5.051889456808567e-05,20,4.3165788520127534e-05,3.9251463022083044e-05,predict_proba,3.7288060411810875e-05,3.810599446296692e-05,3.0,166180.0,10,,,5.192693788558245e-05
1,10,50,skl,6.71660527586937e-05,0.00015630503185093403,7.9953926615417e-05,2,8.353667799383402e-05,7.739552529528737e-05,predict,6.71660527586937e-05,7.414293941110373e-05,,,10,7.0,1.0,0.0001324889671848114
1,10,50,ort,2.630101516842842e-05,8.214707486331463e-05,2.8782058507204056e-05,2,3.330062609165907e-05,2.6853522285819054e-05,predict,2.630101516842842e-05,2.6768073439598083e-05,3.0,1020.0,10,,,6.555741873543852e-05
1,10,50,skl,7.989595178514719e-05,0.00010602304246276617,9.74070280790329e-05,2,8.770860731601715e-05,8.323602378368378e-05,predict_proba,7.989595178514719e-05,8.160609286278486e-05,,,10,7.0,1.0,0.0001052446226312559
1,10,50,ort,2.767704427242279e-05,4.328601062297821e-05,3.701704554259777e-05,2,3.193581942468881e-05,2.876500366255641e-05,predict_proba,2.767704427242279e-05,2.8030015528202057e-05,3.0,1020.0,10,,,4.2270276630931405e-05
10,10,50,skl,6.865104660391808e-05,8.601904846727848e-05,7.541105151176453e-05,2,7.33484048396349e-05,7.183500565588474e-05,predict,6.865104660391808e-05,6.993196438997984e-05,,,10,7.0,1.0,8.350094322672834e-05
10,10,50,ort,3.1213974580168724e-05,5.713303107768297e-05,3.464298788458109e-05,2,3.616050817072392e-05,3.2187497708946466e-05,predict,3.1213974580168724e-05,3.17390076816082e-05,3.0,1020.0,10,,,5.223346203163386e-05
10,10,50,skl,8.551205974072218e-05,0.000105074024759233,9.391398634761572e-05,2,9.144513169303536e-05,8.987757610157132e-05,predict_proba,8.551205974072218e-05,8.762499783188105e-05,,,10,7.0,1.0,0.00010327297346676988
10,10,50,ort,3.7675024941563606e-05,4.968792200088501e-05,3.976200241595507e-05,2,3.9746519178152084e-05,3.8185506127774715e-05,predict_proba,3.7675024941563606e-05,3.7800054997205734e-05,3.0,1020.0,10,,,4.669836588873152e-05
1,10,50,skl,6.888201460242271e-05,0.00016400893218815327,7.56849767640233e-05,5,8.141089929267765e-05,7.091450970619917e-05,predict,6.888201460242271e-05,6.986199878156185e-05,,,10,45.0,1.0,0.0001359199536898056
1,10,50,ort,2.7194968424737453e-05,8.325011003762484e-05,2.9393937438726425e-05,5,3.397113177925348e-05,2.7725007385015488e-05,predict,2.7194968424737453e-05,2.754409797489643e-05,3.0,2411.0,10,,,6.63842038959536e-05
1,10,50,skl,8.310098201036453e-05,9.812507778406143e-05,9.13949916139245e-05,5,8.755231974646449e-05,8.562247967347503e-05,predict_proba,8.310098201036453e-05,8.478295058012009e-05,,,10,45.0,1.0,9.664766001487375e-05
1,10,50,ort,2.873095218092203e-05,4.337192513048649e-05,3.055902197957039e-05,5,3.105279756709933e-05,2.9183051083236933e-05,predict_proba,2.873095218092203e-05,2.902804408222437e-05,3.0,2411.0,10,,,3.9499413507366066e-05
10,10,50,skl,7.223803550004959e-05,9.018497075885534e-05,8.035707287490368e-05,5,7.754141697660088e-05,7.546553388237953e-05,predict,7.223803550004959e-05,7.400405593216419e-05,,,10,45.0,1.0,8.830452772222193e-05
10,10,50,ort,3.229605499655008e-05,4.834495484828949e-05,3.4124008379876614e-05,5,3.4876097925007346e-05,3.2824522349983454e-05,predict,3.229605499655008e-05,3.258301876485348e-05,3.0,2411.0,10,,,4.4184047531872084e-05
10,10,50,skl,8.842500392347574e-05,0.00010117399506270885,9.583297651261091e-05,5,9.308309527114033e-05,9.219301864504814e-05,predict_proba,8.842500392347574e-05,9.062292519956827e-05,,,10,45.0,1.0,0.0001004972733421779
10,10,50,ort,3.883393947035074e-05,5.1532057113945484e-05,4.040298517793417e-05,5,4.095700569450855e-05,3.938149893656373e-05,predict_proba,3.883393947035074e-05,3.929401282221079e-05,3.0,2411.0,10,,,4.8254368240405564e-05
1,10,50,skl,6.644392851740122e-05,0.00014203099999576807,7.76899978518486e-05,10,7.726150797680021e-05,6.840756395831704e-05,predict,6.644392851740122e-05,6.696500349789858e-05,,,10,785.0,1.0,0.00012038151992632917
1,10,50,ort,2.6613008230924606e-05,9.001698344945908e-05,2.844200935214758e-05,10,3.397169057279825e-05,2.7079018764197826e-05,predict,2.6613008230924606e-05,2.7006026357412338e-05,3.0,31077.0,10,,,7.074916119279226e-05
1,10,50,skl,8.087593596428633e-05,9.723496623337269e-05,9.058299474418163e-05,10,8.740879129618407e-05,8.734798757359385e-05,predict_proba,8.087593596428633e-05,8.43140296638012e-05,,,10,785.0,1.0,9.705023586665236e-05
1,10,50,ort,2.797599881887436e-05,4.154304042458534e-05,3.671098966151476e-05,10,3.207619301974774e-05,2.9165996238589287e-05,predict_proba,2.797599881887436e-05,2.9011047445237637e-05,3.0,31077.0,10,,,4.154304042458534e-05
10,10,50,skl,7.176399230957031e-05,0.0001799529418349266,9.110895916819572e-05,10,8.905221475288271e-05,7.669604383409023e-05,predict,7.176399230957031e-05,7.46480654925108e-05,,,10,785.0,1.0,0.0001502092958614696
10,10,50,ort,3.384496085345745e-05,0.00010699604172259569,4.3792068026959896e-05,10,4.467120161280036e-05,3.600999480113387e-05,predict,3.384496085345745e-05,3.4912023693323135e-05,3.0,31077.0,10,,,8.61130162185737e-05
10,10,50,skl,8.721800986677408e-05,0.00010520406067371368,9.641807992011309e-05,10,9.358871029689908e-05,9.251042502000928e-05,predict_proba,8.721800986677408e-05,9.039696305990219e-05,,,10,785.0,1.0,0.00010336725965612931
10,10,50,ort,3.9432081393897533e-05,5.519995465874672e-05,4.178006201982498e-05,10,4.225180018693209e-05,4.0923478081822395e-05,predict_proba,3.9432081393897533e-05,3.9738952182233334e-05,3.0,31077.0,10,,,5.1088485273359375e-05
1,10,50,skl,6.733194459229708e-05,0.0001642999704927206,8.018501102924347e-05,20,8.23170179501176e-05,7.158651715144515e-05,predict,6.733194459229708e-05,6.98950607329607e-05,,,10,5257.0,1.0,0.00013719947926484787
1,10,50,ort,2.723804209381342e-05,8.532300125807524e-05,2.9564020223915577e-05,20,3.445231122896075e-05,2.8253416530787945e-05,predict,2.723804209381342e-05,2.7665053494274616e-05,3.0,205493.0,10,,,6.79045007650035e-05
1,10,50,skl,8.136499673128128e-05,0.00011093111243098974,9.740504901856184e-05,20,9.006671607494354e-05,8.43810266815126e-05,predict_proba,8.136499673128128e-05,8.368794806301594e-05,,,10,5257.0,1.0,0.00011093111243098974
1,10,50,ort,2.8501031920313835e-05,6.371899507939816e-05,3.856897819787264e-05,20,3.508760128170252e-05,2.9897491913288832e-05,predict_proba,2.8501031920313835e-05,2.9115937650203705e-05,3.0,205493.0,10,,,5.5326409759553604e-05
10,10,50,skl,7.437996100634336e-05,9.941996540874243e-05,8.040003012865782e-05,20,7.955876644700765e-05,7.660844130441546e-05,predict,7.437996100634336e-05,7.63449352234602e-05,,,10,5257.0,1.0,9.365377171123291e-05
10,10,50,ort,3.637094050645828e-05,6.332795601338148e-05,4.004407674074173e-05,20,4.099208163097501e-05,3.782048588618636e-05,predict,3.637094050645828e-05,3.7479912862181664e-05,3.0,205493.0,10,,,5.620961233716494e-05
10,10,50,skl,8.897809311747551e-05,0.00011488294694572687,0.00010134500917047262,20,9.738641092553735e-05,9.62720368988812e-05,predict_proba,8.897809311747551e-05,9.356392547488213e-05,,,10,5257.0,1.0,0.00011206913693825872
10,10,50,ort,4.095106851309538e-05,5.342706572264433e-05,4.909094423055649e-05,20,4.4979294762015344e-05,4.2805972043424845e-05,predict_proba,4.095106851309538e-05,4.203000571578741e-05,3.0,205493.0,10,,,5.342706572264433e-05
1,10,100,skl,6.538897287100554e-05,0.0001701520523056388,7.475493475794792e-05,2,8.133196970447898e-05,7.190648466348648e-05,predict,6.538897287100554e-05,6.810401100665331e-05,,,10,7.0,1.0,0.0001401436143013465
1,10,100,ort,2.6745954528450966e-05,8.782802615314722e-05,2.8952956199645996e-05,2,3.405248280614614e-05,2.7403992135077715e-05,predict,2.6745954528450966e-05,2.7126981876790524e-05,3.0,1020.0,10,,,6.935480962377308e-05
1,10,100,skl,8.105498272925615e-05,0.00010648707393556833,9.66100487858057e-05,2,8.95185279659927e-05,8.798303315415978e-05,predict_proba,8.105498272925615e-05,8.403602987527847e-05,,,10,7.0,1.0,0.00010517545613204023
1,10,100,ort,2.8447015210986137e-05,4.7791050747036934e-05,3.0160066671669483e-05,2,3.123992355540395e-05,2.9073504265397787e-05,predict_proba,2.8447015210986137e-05,2.8807087801396847e-05,3.0,1020.0,10,,,4.229185916397474e-05
10,10,100,skl,7.00999516993761e-05,9.962997864931822e-05,7.670605555176735e-05,2,7.731178775429725e-05,7.308099884539843e-05,predict,7.00999516993761e-05,7.275294046849012e-05,,,10,7.0,1.0,9.476401702213284e-05
10,10,100,ort,3.21089755743742e-05,6.511900573968887e-05,4.2433966882526875e-05,2,3.885348560288549e-05,3.4927972592413425e-05,predict,3.21089755743742e-05,3.3025979064404964e-05,3.0,1020.0,10,,,5.7573416415494466e-05
10,10,100,skl,8.649600204080343e-05,0.00011927203740924597,0.00010617298539727926,2,9.780940599739552e-05,9.212351869791746e-05,predict_proba,8.649600204080343e-05,8.925097063183784e-05,,,10,7.0,1.0,0.00011927203740924597
10,10,100,ort,3.864907193928957e-05,0.0001174689969047904,4.505098331719637e-05,2,4.9429317004978654e-05,4.194153007119894e-05,predict_proba,3.864907193928957e-05,4.038389306515455e-05,3.0,1020.0,10,,,9.42142319577017e-05
1,10,100,skl,6.670597940683365e-05,0.00017940602265298367,8.15090024843812e-05,5,8.463050471618772e-05,6.970646791160107e-05,predict,6.670597940683365e-05,6.879109423607588e-05,,,10,47.0,1.0,0.00014866670047734303
1,10,100,ort,2.641801256686449e-05,9.749899618327618e-05,2.8401031158864498e-05,5,3.5608909092843534e-05,2.7041009161621332e-05,predict,2.641801256686449e-05,2.685096114873886e-05,3.0,2485.0,10,,,7.703583382475749e-05
1,10,100,skl,8.09959601610899e-05,9.562401100993156e-05,9.053503163158894e-05,5,8.617768762633204e-05,8.464348502457142e-05,predict_proba,8.09959601610899e-05,8.2204001955688e-05,,,10,47.0,1.0,9.562401100993156e-05
1,10,100,ort,2.785399556159973e-05,4.303990863263607e-05,2.9795104637742043e-05,5,3.027000930160284e-05,2.8473499696701765e-05,predict_proba,2.785399556159973e-05,2.807204145938158e-05,3.0,2485.0,10,,,3.896331131871424e-05
10,10,100,skl,7.100007496774197e-05,9.78180905804038e-05,8.802604861557484e-05,5,7.989952573552727e-05,7.561047095805407e-05,predict,7.100007496774197e-05,7.319310680031776e-05,,,10,47.0,1.0,9.78180905804038e-05
10,10,100,ort,3.23799904435873e-05,4.766404163092375e-05,3.407290205359459e-05,5,3.487608628347516e-05,3.296596696600318e-05,predict,3.23799904435873e-05,3.280199598520994e-05,3.0,2485.0,10,,,4.3626605293590266e-05
10,10,100,skl,8.60739964991808e-05,9.921297896653414e-05,9.175797458738089e-05,5,9.00577986612916e-05,8.913548663258553e-05,predict_proba,8.60739964991808e-05,8.816900663077831e-05,,,10,47.0,1.0,9.777191676463125e-05
10,10,100,ort,3.838702104985714e-05,5.136698018759489e-05,4.052708391100168e-05,5,4.067491972818971e-05,3.918755101040006e-05,predict_proba,3.838702104985714e-05,3.894406836479902e-05,3.0,2485.0,10,,,4.803139474150655e-05
1,10,100,skl,6.883102469146252e-05,0.000177453039214015,7.997301872819662e-05,10,8.619040017947555e-05,7.239548722282052e-05,predict,6.883102469146252e-05,7.136503700166941e-05,,,10,461.0,1.0,0.0001488006619805095
1,10,100,ort,2.670206595212221e-05,8.184905163943768e-05,2.9175076633691788e-05,10,3.371840575709939e-05,2.7355505153536797e-05,predict,2.670206595212221e-05,2.7045956812798977e-05,3.0,18440.0,10,,,6.554404214106083e-05
1,10,100,skl,8.070701733231544e-05,9.74489375948906e-05,9.109894745051861e-05,10,8.651401149109005e-05,8.537201210856438e-05,predict_proba,8.070701733231544e-05,8.153100498020649e-05,,,10,461.0,1.0,9.738062435634724e-05
1,10,100,ort,2.8187059797346592e-05,4.349800292402506e-05,3.044994082301855e-05,10,3.0721479561179876e-05,2.8905458748340607e-05,predict_proba,2.8187059797346592e-05,2.8364011086523533e-05,3.0,18440.0,10,,,3.950918513889188e-05
10,10,100,skl,7.135805208235979e-05,8.96319979801774e-05,8.72509554028511e-05,10,7.780941668897868e-05,7.356802234426141e-05,predict,7.135805208235979e-05,7.265293970704079e-05,,,10,461.0,1.0,8.96319979801774e-05
10,10,100,ort,3.282004036009312e-05,5.019293166697025e-05,4.236504901200533e-05,10,3.787531750276685e-05,3.578001633286476e-05,predict,3.282004036009312e-05,3.3739954233169556e-05,3.0,18440.0,10,,,4.8390628713024936e-05
10,10,100,skl,8.787796832621098e-05,9.938993025571108e-05,9.59089957177639e-05,10,9.26281907595694e-05,9.182258509099483e-05,predict_proba,8.787796832621098e-05,8.926389273256063e-05,,,10,461.0,1.0,9.938993025571108e-05
10,10,100,ort,3.899098373949528e-05,7.879501208662987e-05,4.208704922348261e-05,10,4.431341076269746e-05,3.993348218500614e-05,predict_proba,3.899098373949528e-05,3.94569942727685e-05,3.0,18440.0,10,,,6.708521431927213e-05
1,10,100,skl,6.84510450810194e-05,0.00016903202049434185,7.544807158410549e-05,20,8.214921690523625e-05,7.108651334419847e-05,predict,6.84510450810194e-05,6.989005487412214e-05,,,10,6825.0,1.0,0.00013965749383546363
1,10,100,ort,2.703105565160513e-05,8.58099665492773e-05,2.9858085326850414e-05,20,3.446888877078891e-05,2.7916976250708103e-05,predict,2.703105565160513e-05,2.7576927095651627e-05,3.0,266646.0,10,,,6.830985604613628e-05
1,10,100,skl,8.079991675913334e-05,0.00010268902406096458,9.329000022262335e-05,20,8.810521103441715e-05,8.579553104937077e-05,predict_proba,8.079991675913334e-05,8.324708323925734e-05,,,10,6825.0,1.0,0.00010190119295588236
1,10,100,ort,2.899195533245802e-05,4.491198342293501e-05,3.063504118472338e-05,20,3.137259045615792e-05,2.932449569925666e-05,predict_proba,2.899195533245802e-05,2.92870681732893e-05,3.0,266646.0,10,,,4.053628329424675e-05
10,10,100,skl,7.541500963270664e-05,0.00010037107858806849,8.56280094012618e-05,20,8.314630249515176e-05,8.043000707402825e-05,predict,7.541500963270664e-05,7.836602162569761e-05,,,10,6825.0,1.0,9.893375168680882e-05
10,10,100,ort,3.5359058529138565e-05,6.522296462208033e-05,4.708406049758196e-05,20,4.3289002496749164e-05,4.105950938537717e-05,predict,3.5359058529138565e-05,3.8149068132042885e-05,3.0,266646.0,10,,,5.9584724748399496e-05
10,10,100,skl,9.089300874620676e-05,0.00011993199586868286,0.00010945205576717854,20,0.00010163552360609174,9.736005449667573e-05,predict_proba,9.089300874620676e-05,9.560701437294483e-05,,,10,6825.0,1.0,0.00011973678752403755
10,10,100,ort,4.124699626117945e-05,5.5797980166971684e-05,4.41879965364933e-05,20,4.425868391990662e-05,4.279299173504114e-05,predict_proba,4.124699626117945e-05,4.250300116837025e-05,3.0,266646.0,10,,,5.2116828564047634e-05
1,10,200,skl,6.627303082495928e-05,0.00016705296002328396,7.716100662946701e-05,2,8.161818841472268e-05,7.232098141685128e-05,predict,6.627303082495928e-05,6.874499376863241e-05,,,10,7.0,1.0,0.00013830247475860074
1,10,200,ort,2.6739086024463177e-05,8.767703548073769e-05,2.8932001441717148e-05,2,3.3873727079480884e-05,2.7090543881058693e-05,predict,2.6739086024463177e-05,2.6927096769213676e-05,3.0,1021.0,10,,,6.921789085507178e-05
1,10,200,skl,8.075498044490814e-05,0.0001058399211615324,8.599506691098213e-05,2,8.689879905432463e-05,8.362694643437862e-05,predict_proba,8.075498044490814e-05,8.269096724689007e-05,,,10,7.0,1.0,0.00010241409438528745
1,10,200,ort,2.926995512098074e-05,4.232593346387148e-05,3.570609260350466e-05,2,3.275577910244465e-05,3.0165479984134436e-05,predict_proba,2.926995512098074e-05,2.990802749991417e-05,3.0,1021.0,10,,,4.135195134230423e-05
10,10,200,skl,7.213896606117487e-05,9.022699669003487e-05,8.059991523623466e-05,2,7.765879854559898e-05,7.662951247766614e-05,predict,7.213896606117487e-05,7.431395351886749e-05,,,10,7.0,1.0,8.801054702807912e-05
10,10,200,ort,3.3173942938447e-05,5.4916017688810825e-05,3.529002424329519e-05,2,3.6331103183329104e-05,3.3633492421358824e-05,predict,3.3173942938447e-05,3.344891592860222e-05,3.0,1021.0,10,,,4.88108841559343e-05
10,10,200,skl,8.851499296724796e-05,0.00010248296894133091,0.00010127190034836531,2,9.445109171792864e-05,9.259750368073583e-05,predict_proba,8.851499296724796e-05,8.951802738010883e-05,,,10,7.0,1.0,0.00010248296894133091
10,10,200,ort,3.960507456213236e-05,6.34239986538887e-05,4.941609222441912e-05,2,4.600301617756486e-05,4.187552258372307e-05,predict_proba,3.960507456213236e-05,4.13570087403059e-05,3.0,1021.0,10,,,6.136923722851724e-05
1,10,200,skl,6.922893226146698e-05,0.00015107099898159504,8.837203495204449e-05,5,8.414140902459621e-05,7.401552284136415e-05,predict,6.922893226146698e-05,7.201405242085457e-05,,,10,51.0,1.0,0.0001308684546796692
1,10,200,ort,2.7016038075089455e-05,7.602106779813766e-05,3.639410715550184e-05,5,3.525202628225088e-05,2.920045517385006e-05,predict,2.7016038075089455e-05,2.78460793197155e-05,3.0,2642.0,10,,,6.282332991770126e-05
1,10,200,skl,8.27308977022767e-05,0.00010949000716209412,9.833904914557934e-05,5,9.149528341367841e-05,8.806248661130667e-05,predict_proba,8.27308977022767e-05,8.581799920648336e-05,,,10,51.0,1.0,0.00010755001268724584
1,10,200,ort,2.855097409337759e-05,4.259089473634958e-05,3.0095106922090054e-05,5,3.072560066357255e-05,2.9001501388847828e-05,predict_proba,2.855097409337759e-05,2.881302498281002e-05,3.0,2642.0,10,,,3.8727210457066146e-05
10,10,200,skl,7.337890565395355e-05,0.00010025699157267809,8.603010792285204e-05,5,8.20161891169846e-05,7.933547021821141e-05,predict,7.337890565395355e-05,7.567997090518475e-05,,,10,51.0,1.0,9.895267353365861e-05
10,10,200,ort,3.304099664092064e-05,4.885997623205185e-05,3.522401675581932e-05,5,3.5842100623995064e-05,3.391294740140438e-05,predict,3.304099664092064e-05,3.369699697941542e-05,3.0,2642.0,10,,,4.482836099898187e-05
10,10,200,skl,8.876400534063578e-05,0.00011894002091139555,0.00010206596925854683,5,9.736779611557722e-05,9.397300891578197e-05,predict_proba,8.876400534063578e-05,9.251304436475039e-05,,,10,51.0,1.0,0.00011515109780092375
10,10,200,ort,3.892590757459402e-05,5.101598799228668e-05,4.1274004615843296e-05,5,4.1374971624463795e-05,3.9885519072413445e-05,predict_proba,3.892590757459402e-05,3.953790292143822e-05,3.0,2642.0,10,,,4.81906656360866e-05
1,10,200,skl,7.128296419978142e-05,0.00015541096217930317,7.899594493210316e-05,10,8.3673105109483e-05,7.66920275054872e-05,predict,7.128296419978142e-05,7.349101360887289e-05,,,10,685.0,1.0,0.00013102386923860085
1,10,200,ort,2.7174013666808605e-05,8.447002619504929e-05,2.9354938305914402e-05,10,3.410468343645334e-05,2.783851232379675e-05,predict,2.7174013666808605e-05,2.7731992304325104e-05,3.0,27305.0,10,,,6.719668267589305e-05
1,10,200,skl,8.3326012827456e-05,9.958900045603514e-05,9.66039951890707e-05,10,8.9892593678087e-05,8.823547977954149e-05,predict_proba,8.3326012827456e-05,8.4633007645607e-05,,,10,685.0,1.0,9.958900045603514e-05
1,10,200,ort,2.8843991458415985e-05,4.245096351951361e-05,3.7510995753109455e-05,10,3.2877083867788315e-05,3.0347437132149935e-05,predict_proba,2.8843991458415985e-05,3.0130031518638134e-05,3.0,27305.0,10,,,4.1741259264767484e-05
10,10,200,skl,7.593794725835323e-05,9.239709470421076e-05,8.401705417782068e-05,10,8.128811605274677e-05,7.957644993439317e-05,predict,7.593794725835323e-05,7.784704212099314e-05,,,10,685.0,1.0,9.059012017429799e-05
10,10,200,ort,3.489397931843996e-05,5.341705400496721e-05,3.688596189022064e-05,10,3.798780962824821e-05,3.576150629669428e-05,predict,3.489397931843996e-05,3.5695964470505714e-05,3.0,27305.0,10,,,4.8697392263484605e-05
10,10,200,skl,9.11840470507741e-05,0.00011247897055000067,9.905989281833172e-05,10,9.670618455857039e-05,9.467249037697911e-05,predict_proba,9.11840470507741e-05,9.266391862183809e-05,,,10,685.0,1.0,0.00010890407482218081
10,10,200,ort,4.0587037801742554e-05,5.271402187645435e-05,4.911108408123255e-05,10,4.44816192612052e-05,4.2281055357307196e-05,predict_proba,4.0587037801742554e-05,4.102999810129404e-05,3.0,27305.0,10,,,5.271402187645435e-05
1,10,200,skl,6.661401130259037e-05,0.00018875894602388144,7.984507828950882e-05,20,8.405770640820264e-05,7.160397944971919e-05,predict,6.661401130259037e-05,6.793707143515348e-05,,,10,7139.0,1.0,0.0001533051524456292
1,10,200,ort,2.6607071049511433e-05,9.0154935605824e-05,2.9663904570043087e-05,20,3.4650508314371106e-05,2.779351780191064e-05,predict,2.6607071049511433e-05,2.7101021260023117e-05,3.0,280175.0,10,,,7.117141469207324e-05
1,10,200,skl,8.042703848332167e-05,9.642902296036482e-05,8.621904999017715e-05,20,8.48580035381019e-05,8.347450057044625e-05,predict_proba,8.042703848332167e-05,8.272100239992142e-05,,,10,7139.0,1.0,9.378905463875674e-05
1,10,200,ort,2.7928967028856277e-05,5.09780365973711e-05,2.9493938200175762e-05,20,3.191916039213538e-05,2.8415408451110125e-05,predict_proba,2.7928967028856277e-05,2.817192580550909e-05,3.0,280175.0,10,,,4.6213466317513364e-05
10,10,200,skl,7.618090603500605e-05,0.00010005803778767586,9.603006765246391e-05,20,8.597631240263582e-05,8.07660399004817e-05,predict,7.618090603500605e-05,7.923005614429712e-05,,,10,7139.0,1.0,0.00010005803778767586
10,10,200,ort,3.836106043308973e-05,6.0623977333307266e-05,4.216900561004877e-05,20,4.273729864507913e-05,4.02475125156343e-05,predict,3.836106043308973e-05,3.961194306612015e-05,3.0,280175.0,10,,,5.535297076867613e-05
10,10,200,skl,9.056099224835634e-05,0.00010749709326773882,0.00010377797298133373,20,9.66847175732255e-05,9.394902735948563e-05,predict_proba,9.056099224835634e-05,9.226205293089151e-05,,,10,7139.0,1.0,0.00010749709326773882
10,10,200,ort,4.146003630012274e-05,5.27829397469759e-05,5.0421920605003834e-05,20,4.5680988114327194e-05,4.342850297689438e-05,predict_proba,4.146003630012274e-05,4.2174942791461945e-05,3.0,280175.0,10,,,5.27829397469759e-05
