method,lib,skl_nb_base_estimators,N,alpha,dim,onnx_options,repeat,number,min,max,min3,max3,mean,lower,upper,count,median,error,error_c,onnx_nodes,onnx_opset,ort_size
predict,skl,1.0,1,0.1,1,,10,1,0.00010048924013972282,0.00046730460599064827,0.00010642316192388535,0.00013004383072257042,0.00016167047433555127,0.00010048924013972282,0.0003800570931915385,10,0.00010970700532197952,ERROR: Dim (1 )-(1  1) - discrepencies between 'skl' and 'onxpython_compiled' for '(0  'predict')'.,1,,,
predict,onxpython_compiled,,1,0.1,1,,10,1,0.003357487730681896,0.0037492839619517326,0.0033882800489664078,0.0034341667778789997,0.003434347873553634,0.003357487730681896,0.003648422524154538,10,0.0033957690466195345,ERROR: Dim (1 )-(1  1) - discrepencies between 'skl' and 'onxpython_compiled' for '(0  'predict')'.,1,28.0,12.0,3549.0
predict,onxonnxruntime1,,1,0.1,1,,10,1,0.00037154555320739746,0.0007012970745563507,0.0003759949468076229,0.0003830716013908386,0.00040978374890983106,0.00037154555320739746,0.0006004260650451887,10,0.0003771320916712284,ERROR: Dim (1 )-(1  1) - discrepencies between 'skl' and 'onxpython_compiled' for '(0  'predict')'.,1,28.0,12.0,3549.0
predict,skl,1.0,10,0.1,1,,10,1,0.0001165647991001606,0.00017091259360313416,0.0001189177855849266,0.0001263068988919258,0.00012659048661589622,0.0001165647991001606,0.00015671859831176263,10,0.0001218325924128294,ERROR: Dim (10 )-(1  10) - discrepencies between 'skl' and 'onxpython_compiled' for '(0  'predict')'.,1,,,
predict,onxpython_compiled,,10,0.1,1,,10,1,0.003509604837745428,0.00361302075907588,0.0035174288786947727,0.0035271509550511837,0.003533630957826972,0.003509604837745428,0.003594632439104211,10,0.0035232349764555693,ERROR: Dim (10 )-(1  10) - discrepencies between 'skl' and 'onxpython_compiled' for '(0  'predict')'.,1,28.0,12.0,3549.0
predict,onxonnxruntime1,,10,0.1,1,,10,1,0.00039589591324329376,0.00047426996752619743,0.00039970921352505684,0.0004128110595047474,0.0004109815694391727,0.00039589591324329376,0.0004552953362660235,10,0.0004012216813862324,ERROR: Dim (10 )-(1  10) - discrepencies between 'skl' and 'onxpython_compiled' for '(0  'predict')'.,1,28.0,12.0,3549.0
predict,skl,1.0,100,0.1,1,,10,1,0.00025046663358807564,0.013262964319437742,0.0002526952885091305,0.00036209169775247574,0.0022753316443413496,0.00025046663358807564,0.0105594816724748,10,0.00025827763602137566,ERROR: Dim (100 )-(1  100) - discrepencies between 'skl' and 'onxpython_compiled' for '(0  'predict')'.,1,,,
predict,onxpython_compiled,,100,0.1,1,,10,1,0.003901467192918062,0.011895604897290468,0.004105336964130402,0.008035129867494106,0.006225529033690691,0.003901467192918062,0.011834372731820772,10,0.004213054897263646,ERROR: Dim (100 )-(1  100) - discrepencies between 'skl' and 'onxpython_compiled' for '(0  'predict')'.,1,28.0,12.0,3549.0
predict,onxonnxruntime1,,100,0.1,1,,10,1,0.0006160149350762367,0.0008232821710407734,0.0006210077553987503,0.0006291870959103107,0.0006565777584910393,0.0006160149350762367,0.000792628155464868,10,0.0006225344259291887,ERROR: Dim (100 )-(1  100) - discrepencies between 'skl' and 'onxpython_compiled' for '(0  'predict')'.,1,28.0,12.0,3549.0
predict,skl,1.0,1000,0.1,1,,10,1,0.0014676307328045368,0.008558946195989847,0.0014722621999680996,0.0015318277291953564,0.00267389458604157,0.0014676307328045368,0.007448709749488979,10,0.0014781139325350523,ERROR: Dim (1000 )-(1  1000) - discrepencies between 'skl' and 'onxpython_compiled' for '(0  'predict')'.,1,,,
predict,onxpython_compiled,,1000,0.1,1,,10,1,0.005313902162015438,0.011370385065674782,0.0054145739413797855,0.01064203679561615,0.008066644752398133,0.005313902162015438,0.011370385065674782,10,0.00798032246530056,ERROR: Dim (1000 )-(1  1000) - discrepencies between 'skl' and 'onxpython_compiled' for '(0  'predict')'.,1,28.0,12.0,3549.0
predict,onxonnxruntime1,,1000,0.1,1,,10,1,0.002909356728196144,0.025835935026407242,0.0058961729519069195,0.010941785760223866,0.00872907117009163,0.002909356728196144,0.021423100726628327,10,0.0076084991451352835,ERROR: Dim (1000 )-(1  1000) - discrepencies between 'skl' and 'onxpython_compiled' for '(0  'predict')'.,1,28.0,12.0,3549.0
predict,skl,1.0,1,0.1,1,{<class 'sklearn.gaussian_process._gpr.GaussianProcessRegressor'>: {'optim': 'cdist'}},10,1,0.00010474259033799171,0.0001626838929951191,0.00010713282972574234,0.00011575501412153244,0.00011570560745894909,0.00010474259033799171,0.00014810321200047858,10,0.00010969140566885471,ERROR: Dim (1 )-(1  1) - discrepencies between 'skl' and 'onxpython_compiled' for '(0  'predict')'.,1,,,
predict,onxpython_compiled,,1,0.1,1,{<class 'sklearn.gaussian_process._gpr.GaussianProcessRegressor'>: {'optim': 'cdist'}},10,1,0.000223478302359581,0.00028272904455661774,0.00022557377815246582,0.00023642973974347115,0.0002363564446568489,0.000223478302359581,0.0002710043474791051,10,0.0002301719505339861,ERROR: Dim (1 )-(1  1) - discrepencies between 'skl' and 'onxpython_compiled' for '(0  'predict')'.,1,27.0,12.0,3246.0
predict,onxonnxruntime1,,1,0.1,1,{<class 'sklearn.gaussian_process._gpr.GaussianProcessRegressor'>: {'optim': 'cdist'}},10,1,5.0770118832588196e-05,0.00011928286403417587,5.1334965974092484e-05,5.5686105042696e-05,5.97665086388588e-05,5.0770118832588196e-05,9.918766778747485e-05,10,5.185231566429138e-05,ERROR: Dim (1 )-(1  1) - discrepencies between 'skl' and 'onxpython_compiled' for '(0  'predict')'.,1,27.0,12.0,3246.0
predict,skl,1.0,10,0.1,1,{<class 'sklearn.gaussian_process._gpr.GaussianProcessRegressor'>: {'optim': 'cdist'}},10,1,0.00012362608686089516,0.0001592789776623249,0.00012823892757296562,0.00013444805517792702,0.00013249558396637439,0.00012362608686089516,0.00015197779477308664,10,0.00012973090633749962,ERROR: Dim (10 )-(1  10) - discrepencies between 'skl' and 'onxpython_compiled' for '(0  'predict')'.,1,,,
predict,onxpython_compiled,,10,0.1,1,{<class 'sklearn.gaussian_process._gpr.GaussianProcessRegressor'>: {'optim': 'cdist'}},10,1,0.0002420293167233467,0.00028503313660621643,0.00024272268638014793,0.00025046616792678833,0.0002493111416697502,0.0002420293167233467,0.00027401506106708787,10,0.00024382304400205612,ERROR: Dim (10 )-(1  10) - discrepencies between 'skl' and 'onxpython_compiled' for '(0  'predict')'.,1,27.0,12.0,3246.0
predict,onxonnxruntime1,,10,0.1,1,{<class 'sklearn.gaussian_process._gpr.GaussianProcessRegressor'>: {'optim': 'cdist'}},10,1,5.438691005110741e-05,0.00010320311412215233,5.489960312843323e-05,5.766516551375389e-05,6.080702878534794e-05,5.438691005110741e-05,8.887310365262704e-05,10,5.528260953724384e-05,ERROR: Dim (10 )-(1  10) - discrepencies between 'skl' and 'onxpython_compiled' for '(0  'predict')'.,1,27.0,12.0,3246.0
predict,skl,1.0,100,0.1,1,{<class 'sklearn.gaussian_process._gpr.GaussianProcessRegressor'>: {'optim': 'cdist'}},10,1,0.0005081361159682274,0.003984478767961264,0.0005172542296350002,0.0005431990139186382,0.0008759927470237017,0.0005081361159682274,0.0029076073579627423,10,0.000522007467225194,ERROR: Dim (100 )-(1  100) - discrepencies between 'skl' and 'onxpython_compiled' for '(0  'predict')'.,1,,,
predict,onxpython_compiled,,100,0.1,1,{<class 'sklearn.gaussian_process._gpr.GaussianProcessRegressor'>: {'optim': 'cdist'}},10,1,0.0007446049712598324,0.0010640369728207588,0.000753520056605339,0.0007675923407077789,0.0007907551713287831,0.0007446049712598324,0.0009718160039114512,10,0.0007568958681076765,ERROR: Dim (100 )-(1  100) - discrepencies between 'skl' and 'onxpython_compiled' for '(0  'predict')'.,1,27.0,12.0,3246.0
predict,onxonnxruntime1,,100,0.1,1,{<class 'sklearn.gaussian_process._gpr.GaussianProcessRegressor'>: {'optim': 'cdist'}},10,1,0.00011475477367639542,0.0002463553100824356,0.00011542579159140587,0.00012386171147227287,0.00013118935748934746,0.00011475477367639542,0.00020693505604652782,10,0.00011656992137432098,ERROR: Dim (100 )-(1  100) - discrepencies between 'skl' and 'onxpython_compiled' for '(0  'predict')'.,1,27.0,12.0,3246.0
predict,skl,1.0,1000,0.1,1,{<class 'sklearn.gaussian_process._gpr.GaussianProcessRegressor'>: {'optim': 'cdist'}},10,1,0.0014785672537982464,0.002302973996847868,0.0014952742494642735,0.0015388433821499348,0.0015951565466821194,0.0014785672537982464,0.002066338929370752,10,0.0015001443680375814,ERROR: Dim (1000 )-(1  1000) - discrepencies between 'skl' and 'onxpython_compiled' for '(0  'predict')'.,1,,,
predict,onxpython_compiled,,1000,0.1,1,{<class 'sklearn.gaussian_process._gpr.GaussianProcessRegressor'>: {'optim': 'cdist'}},10,1,0.0015506739728152752,0.0016907709650695324,0.0015708031132817268,0.0015843091532588005,0.0015827603172510862,0.0015506739728152752,0.001657076586700992,10,0.0015735814813524485,ERROR: Dim (1000 )-(1  1000) - discrepencies between 'skl' and 'onxpython_compiled' for '(0  'predict')'.,1,27.0,12.0,3246.0
predict,onxonnxruntime1,,1000,0.1,1,{<class 'sklearn.gaussian_process._gpr.GaussianProcessRegressor'>: {'optim': 'cdist'}},10,1,0.0008901320397853851,0.0011962419375777245,0.0008949991315603256,0.0009135240688920021,0.0009529498405754566,0.0008901320397853851,0.0011652929812381784,10,0.0009023647289723158,ERROR: Dim (1000 )-(1  1000) - discrepencies between 'skl' and 'onxpython_compiled' for '(0  'predict')'.,1,27.0,12.0,3246.0
predict,skl,1.0,1,0.1,5,,10,1,0.00010552676394581795,0.0001672268845140934,0.00010903505608439445,0.00011549703776836395,0.00011703083291649818,0.00010552676394581795,0.00015153985084338955,10,0.00011135847307741642,ERROR: Dim (1 )-(1  1) - discrepencies between 'skl' and 'onxpython_compiled' for '(0  'predict')'.,1,,,
predict,onxpython_compiled,,1,0.1,5,,10,1,0.003648123238235712,0.003761432133615017,0.0036621149629354477,0.003677023109048605,0.0036758213303983212,0.003648123238235712,0.003736865814259705,10,0.0036684286314994097,ERROR: Dim (1 )-(1  1) - discrepencies between 'skl' and 'onxpython_compiled' for '(0  'predict')'.,1,28.0,12.0,6749.0
predict,onxonnxruntime1,,1,0.1,5,,10,1,0.00040910299867391586,0.0005356757901608944,0.0004119197838008404,0.00042685260996222496,0.0004279613494873047,0.00040910299867391586,0.0004996629979369891,10,0.00041403318755328655,ERROR: Dim (1 )-(1  1) - discrepencies between 'skl' and 'onxpython_compiled' for '(0  'predict')'.,1,28.0,12.0,6749.0
predict,skl,1.0,10,0.1,5,,10,1,0.00012825103476643562,0.0002003791742026806,0.00013032136484980583,0.00013916241005063057,0.00014032796025276184,0.00012825103476643562,0.00018059638838024202,10,0.00013380497694015503,ERROR: Dim (10 )-(1  10) - discrepencies between 'skl' and 'onxpython_compiled' for '(0  'predict')'.,1,,,
predict,onxpython_compiled,,10,0.1,5,,10,1,0.003621299285441637,0.003934171982109547,0.0037010000087320805,0.003827117383480072,0.0037704347632825375,0.003621299285441637,0.003934171982109547,10,0.00379735860042274,ERROR: Dim (10 )-(1  10) - discrepencies between 'skl' and 'onxpython_compiled' for '(0  'predict')'.,1,28.0,12.0,6749.0
predict,onxonnxruntime1,,10,0.1,5,,10,1,0.0004340200684964657,0.0005053160712122917,0.00043727410957217216,0.0004478967748582363,0.00044785276986658573,0.0004340200684964657,0.0004891094559076774,10,0.0004384256899356842,ERROR: Dim (10 )-(1  10) - discrepencies between 'skl' and 'onxpython_compiled' for '(0  'predict')'.,1,28.0,12.0,6749.0
predict,skl,1.0,100,0.1,5,,10,1,0.0002790037542581558,0.0003821202553808689,0.000280831940472126,0.0002910909242928028,0.00029445197433233263,0.0002790037542581558,0.0003527406460569375,10,0.0002835136838257313,ERROR: Dim (100 )-(1  100) - discrepencies between 'skl' and 'onxpython_compiled' for '(0  'predict')'.,1,,,
predict,onxpython_compiled,,100,0.1,5,,10,1,0.004313177894800901,0.004393545910716057,0.004323010332882404,0.004331141244620085,0.0043327782303094866,0.004313177894800901,0.004376102433318697,10,0.00432547670789063,ERROR: Dim (100 )-(1  100) - discrepencies between 'skl' and 'onxpython_compiled' for '(0  'predict')'.,1,28.0,12.0,6749.0
predict,onxonnxruntime1,,100,0.1,5,,10,1,0.0009394260123372078,0.00104612298309803,0.0009434781968593597,0.000954092014580965,0.0009578286204487086,0.0009394260123372078,0.0010172301097602814,10,0.0009471043013036251,ERROR: Dim (100 )-(1  100) - discrepencies between 'skl' and 'onxpython_compiled' for '(0  'predict')'.,1,28.0,12.0,6749.0
predict,skl,1.0,1000,0.1,5,,10,1,0.0017530880868434906,0.0018908060155808926,0.0017590266652405262,0.0017664087936282158,0.0017769157886505127,0.0017530880868434906,0.0018555884896286406,10,0.001761284889653325,ERROR: Dim (1000 )-(1  1000) - discrepencies between 'skl' and 'onxpython_compiled' for '(0  'predict')'.,1,,,
predict,onxpython_compiled,,1000,0.1,5,,10,1,0.007796820718795061,0.008197285700589418,0.00781977316364646,0.007985319010913372,0.007926710275933146,0.007796820718795061,0.008177692774684109,10,0.00789329782128334,ERROR: Dim (1000 )-(1  1000) - discrepencies between 'skl' and 'onxpython_compiled' for '(0  'predict')'.,1,28.0,12.0,6749.0
predict,onxonnxruntime1,,1000,0.1,5,,10,1,0.005038101226091385,0.0306089180521667,0.010050436947494745,0.02835607621818781,0.016759913647547364,0.005038101226091385,0.0306089180521667,10,0.013642136240378022,ERROR: Dim (1000 )-(1  1000) - discrepencies between 'skl' and 'onxpython_compiled' for '(0  'predict')'.,1,28.0,12.0,6749.0
predict,skl,1.0,1,0.1,5,{<class 'sklearn.gaussian_process._gpr.GaussianProcessRegressor'>: {'optim': 'cdist'}},10,1,0.00010579824447631836,0.00015884777531027794,0.00010969024151563644,0.0001147179864346981,0.0001157805323600769,0.00010579824447631836,0.00014485530139429686,10,0.00011060386896133423,ERROR: Dim (1 )-(1  1) - discrepencies between 'skl' and 'onxpython_compiled' for '(0  'predict')'.,1,,,
predict,onxpython_compiled,,1,0.1,5,{<class 'sklearn.gaussian_process._gpr.GaussianProcessRegressor'>: {'optim': 'cdist'}},10,1,0.00022963806986808777,0.0002825460396707058,0.00023247301578521729,0.0002414453774690628,0.0002398020587861538,0.00022963806986808777,0.0002688990010160351,10,0.00023475149646401405,ERROR: Dim (1 )-(1  1) - discrepencies between 'skl' and 'onxpython_compiled' for '(0  'predict')'.,1,27.0,12.0,6446.0
predict,onxonnxruntime1,,1,0.1,5,{<class 'sklearn.gaussian_process._gpr.GaussianProcessRegressor'>: {'optim': 'cdist'}},10,1,5.295313894748688e-05,0.00011544115841388702,5.3487252444028854e-05,5.6990887969732285e-05,6.1044842004776e-05,5.295313894748688e-05,9.69189054753937e-05,10,5.409540608525276e-05,ERROR: Dim (1 )-(1  1) - discrepencies between 'skl' and 'onxpython_compiled' for '(0  'predict')'.,1,27.0,12.0,6446.0
predict,skl,1.0,10,0.1,5,{<class 'sklearn.gaussian_process._gpr.GaussianProcessRegressor'>: {'optim': 'cdist'}},10,1,0.0001278039999306202,0.00022796308621764183,0.00013086898252367973,0.00014198385179042816,0.0001444546040147543,0.0001278039999306202,0.00020032696819377642,10,0.00013427576050162315,ERROR: Dim (10 )-(1  10) - discrepencies between 'skl' and 'onxpython_compiled' for '(0  'predict')'.,1,,,
predict,onxpython_compiled,,10,0.1,5,{<class 'sklearn.gaussian_process._gpr.GaussianProcessRegressor'>: {'optim': 'cdist'}},10,1,0.00025308597832918167,0.0003322940319776535,0.0002546287141740322,0.00026180781424045563,0.00026485323905944824,0.00025308597832918167,0.00030973468552353744,10,0.00025608506985008717,ERROR: Dim (10 )-(1  10) - discrepencies between 'skl' and 'onxpython_compiled' for '(0  'predict')'.,1,27.0,12.0,6446.0
predict,onxonnxruntime1,,10,0.1,5,{<class 'sklearn.gaussian_process._gpr.GaussianProcessRegressor'>: {'optim': 'cdist'}},10,1,5.783885717391968e-05,0.00016467086970806122,5.8304984122514725e-05,6.621796637773514e-05,7.107635028660297e-05,5.783885717391968e-05,0.0001325633366731794,10,5.940697155892849e-05,ERROR: Dim (10 )-(1  10) - discrepencies between 'skl' and 'onxpython_compiled' for '(0  'predict')'.,1,27.0,12.0,6446.0
predict,skl,1.0,100,0.1,5,{<class 'sklearn.gaussian_process._gpr.GaussianProcessRegressor'>: {'optim': 'cdist'}},10,1,0.0002795620821416378,0.0003422349691390991,0.0002824012190103531,0.0002885623835027218,0.00029046270065009595,0.0002795620821416378,0.0003255997341159809,10,0.00028342497535049915,ERROR: Dim (100 )-(1  100) - discrepencies between 'skl' and 'onxpython_compiled' for '(0  'predict')'.,1,,,
predict,onxpython_compiled,,100,0.1,5,{<class 'sklearn.gaussian_process._gpr.GaussianProcessRegressor'>: {'optim': 'cdist'}},10,1,0.0004103099927306175,0.0004604659043252468,0.00041335588321089745,0.00042258622124791145,0.00041983174160122874,0.0004103099927306175,0.00044794337379741676,10,0.00041427253745496273,ERROR: Dim (100 )-(1  100) - discrepencies between 'skl' and 'onxpython_compiled' for '(0  'predict')'.,1,27.0,12.0,6446.0
predict,onxonnxruntime1,,100,0.1,5,{<class 'sklearn.gaussian_process._gpr.GaussianProcessRegressor'>: {'optim': 'cdist'}},10,1,0.00014360109344124794,0.00023342715576291084,0.0001441589556634426,0.00015206029638648033,0.0001555066555738449,0.00014360109344124794,0.00020683178284878491,10,0.0001462334766983986,ERROR: Dim (100 )-(1  100) - discrepencies between 'skl' and 'onxpython_compiled' for '(0  'predict')'.,1,27.0,12.0,6446.0
predict,skl,1.0,1000,0.1,5,{<class 'sklearn.gaussian_process._gpr.GaussianProcessRegressor'>: {'optim': 'cdist'}},10,1,0.0017462479881942272,0.0018718857318162918,0.0017534387297928333,0.001790768001228571,0.0017803275026381017,0.0017462479881942272,0.001860555535717154,10,0.001765428576618433,ERROR: Dim (1000 )-(1  1000) - discrepencies between 'skl' and 'onxpython_compiled' for '(0  'predict')'.,1,,,
predict,onxpython_compiled,,1000,0.1,5,{<class 'sklearn.gaussian_process._gpr.GaussianProcessRegressor'>: {'optim': 'cdist'}},10,1,0.0018879431299865246,0.001992249395698309,0.001892704050987959,0.0019038817845284939,0.0019067793618887663,0.0018879431299865246,0.0019647621837773155,10,0.0018952188547700644,ERROR: Dim (1000 )-(1  1000) - discrepencies between 'skl' and 'onxpython_compiled' for '(0  'predict')'.,1,27.0,12.0,6446.0
predict,onxonnxruntime1,,1000,0.1,5,{<class 'sklearn.gaussian_process._gpr.GaussianProcessRegressor'>: {'optim': 'cdist'}},10,1,0.0011625881306827068,0.0014047208242118359,0.0011659623123705387,0.0011727591045200825,0.0011985208373516798,0.0011625881306827068,0.0013399998843037818,10,0.0011683546472340822,ERROR: Dim (1000 )-(1  1000) - discrepencies between 'skl' and 'onxpython_compiled' for '(0  'predict')'.,1,27.0,12.0,6446.0
predict,skl,1.0,1,0.1,10,,10,1,0.00010675797238945961,0.000154946930706501,0.00011029094457626343,0.00011677807196974754,0.00011626738123595714,0.00010675797238945961,0.00014306390434098783,10,0.00011047208681702614,,0,,,
predict,onxpython_compiled,,1,0.1,10,,10,1,0.003692974802106619,0.0037727979943156242,0.0036989948712289333,0.0037052901461720467,0.0037078219931572674,0.003692974802106619,0.00375198275240307,10,0.003700034460052848,,0,28.0,12.0,10749.0
predict,onxonnxruntime1,,1,0.1,10,,10,1,0.00041532423347234726,0.000496251042932272,0.00041955942288041115,0.00042951619252562523,0.0004292865283787251,0.00041532423347234726,0.000474344228740268,10,0.00041988701559603214,,0,28.0,12.0,10749.0
predict,skl,1.0,10,0.1,10,,10,1,0.00013130763545632362,0.00015666382387280464,0.00013392092660069466,0.0001420280896127224,0.0001382103655487299,0.00013130763545632362,0.00015290316929042326,10,0.00013537006452679634,,0,,,
predict,onxpython_compiled,,10,0.1,10,,10,1,0.0037156017497181892,0.003900812938809395,0.00384793384000659,0.003867825958877802,0.0038258519023656847,0.0037156017497181892,0.003900812938809395,10,0.003860242897644639,,0,28.0,12.0,10749.0
predict,onxonnxruntime1,,10,0.1,10,,10,1,0.00046084774658083916,0.000512376893311739,0.0004681739956140518,0.000477825291454792,0.0004765782039612532,0.00046084774658083916,0.0005075763008477088,10,0.00046891416423022747,,0,28.0,12.0,10749.0
predict,skl,1.0,100,0.1,10,,10,1,0.0003113732673227787,0.0003687068819999695,0.00031276000663638115,0.0003210287541151047,0.0003215800039470196,0.0003113732673227787,0.00035368238888087945,10,0.0003158184699714184,,0,,,
predict,onxpython_compiled,,100,0.1,10,,10,1,0.004510532133281231,0.004557493608444929,0.004517128225415945,0.00453024310991168,0.004524528188630939,0.004510532133281231,0.004550277696655384,10,0.004519725451245904,,0,28.0,12.0,10749.0
predict,onxonnxruntime1,,100,0.1,10,,10,1,0.0011193789541721344,0.001215450931340456,0.0011270707473158836,0.0011353730224072933,0.001138177141547203,0.0011193789541721344,0.0011903225845813319,10,0.001129976473748684,,0,28.0,12.0,10749.0
predict,skl,1.0,1000,0.1,10,,10,1,0.002044381108134985,0.0021625589579343796,0.002051596064120531,0.002061828039586544,0.0020681255497038364,0.002044381108134985,0.002132594414241924,10,0.002058150013908744,,0,,,
predict,onxpython_compiled,,1000,0.1,10,,10,1,0.008654437959194183,0.008744306862354279,0.008661753963679075,0.008678988087922335,0.008675849623978138,0.008654437959194183,0.008725318582274162,10,0.008669113041833043,,0,28.0,12.0,10749.0
predict,onxonnxruntime1,,1000,0.1,10,,10,1,0.006535855121910572,0.02352891117334366,0.006555293221026659,0.014040824957191944,0.011928774463012815,0.006535855121910572,0.02352891117334366,10,0.009889580076560378,,0,28.0,12.0,10749.0
predict,skl,1.0,1,0.1,10,{<class 'sklearn.gaussian_process._gpr.GaussianProcessRegressor'>: {'optim': 'cdist'}},10,1,0.000110638327896595,0.00016311882063746452,0.00011317385360598564,0.00011815503239631653,0.0001197105273604393,0.000110638327896595,0.0001489384287627126,10,0.00011525442823767662,,0,,,
predict,onxpython_compiled,,1,0.1,10,{<class 'sklearn.gaussian_process._gpr.GaussianProcessRegressor'>: {'optim': 'cdist'}},10,1,0.0002345731481909752,0.0002856031060218811,0.00023688701912760735,0.00024451781064271927,0.00024368260055780412,0.0002345731481909752,0.0002722718860811679,10,0.00023838714696466923,,0,27.0,12.0,10446.0
predict,onxonnxruntime1,,1,0.1,10,{<class 'sklearn.gaussian_process._gpr.GaussianProcessRegressor'>: {'optim': 'cdist'}},10,1,5.359575152397156e-05,0.00011037709191441536,5.4552219808101654e-05,5.765026435256004e-05,6.119362078607082e-05,5.359575152397156e-05,9.363590154063646e-05,10,5.5076321586966515e-05,,0,27.0,12.0,10446.0
predict,skl,1.0,10,0.1,10,{<class 'sklearn.gaussian_process._gpr.GaussianProcessRegressor'>: {'optim': 'cdist'}},10,1,0.0001302645541727543,0.00015533901751041412,0.00013301195576786995,0.00013972213491797447,0.00013748793862760066,0.0001302645541727543,0.0001518115441375336,10,0.00013633305206894875,,0,,,
predict,onxpython_compiled,,10,0.1,10,{<class 'sklearn.gaussian_process._gpr.GaussianProcessRegressor'>: {'optim': 'cdist'}},10,1,0.00025737518444657326,0.006312041077762842,0.00025981757789850235,0.0002713720314204693,0.0008701567072421313,0.00025737518444657326,0.004425588722136136,10,0.00026136403903365135,,0,27.0,12.0,10446.0
predict,onxonnxruntime1,,10,0.1,10,{<class 'sklearn.gaussian_process._gpr.GaussianProcessRegressor'>: {'optim': 'cdist'}},10,1,5.93867152929306e-05,0.00010164128616452217,6.082886829972267e-05,6.674416363239288e-05,6.611663848161697e-05,5.93867152929306e-05,8.983599678605712e-05,10,6.125611253082752e-05,,0,27.0,12.0,10446.0
predict,skl,1.0,100,0.1,10,{<class 'sklearn.gaussian_process._gpr.GaussianProcessRegressor'>: {'optim': 'cdist'}},10,1,0.0006203930824995041,0.007524594664573669,0.0006280713714659214,0.0006433702073991299,0.0016149457544088364,0.0006203930824995041,0.005846178586749953,10,0.0006295396015048027,,0,,,
predict,onxpython_compiled,,100,0.1,10,{<class 'sklearn.gaussian_process._gpr.GaussianProcessRegressor'>: {'optim': 'cdist'}},10,1,0.0009083561599254608,0.006896816194057465,0.0009128740057349205,0.0009320462122559547,0.0015353788156062364,0.0009083561599254608,0.005040324860929828,10,0.0009174598380923271,,0,27.0,12.0,10446.0
predict,onxonnxruntime1,,100,0.1,10,{<class 'sklearn.gaussian_process._gpr.GaussianProcessRegressor'>: {'optim': 'cdist'}},10,1,0.0002277451567351818,0.00042451126500964165,0.0002291169948875904,0.0002458728849887848,0.0002553267404437065,0.0002277451567351818,0.0003694884384606238,10,0.0002302739303559065,,0,27.0,12.0,10446.0
predict,skl,1.0,1000,0.1,10,{<class 'sklearn.gaussian_process._gpr.GaussianProcessRegressor'>: {'optim': 'cdist'}},10,1,0.004085503052920103,0.008265768177807331,0.00409996323287487,0.007744510192424059,0.005623667454347015,0.004085503052920103,0.008265768177807331,10,0.004162651486694813,,0,,,
predict,onxpython_compiled,,1000,0.1,10,{<class 'sklearn.gaussian_process._gpr.GaussianProcessRegressor'>: {'optim': 'cdist'}},10,1,0.0022021890617907047,0.009304197039455175,0.002233564853668213,0.0068350122310221195,0.0043683064635843035,0.0022021890617907047,0.009304197039455175,10,0.0026508611626923084,,0,27.0,12.0,10446.0
predict,onxonnxruntime1,,1000,0.1,10,{<class 'sklearn.gaussian_process._gpr.GaussianProcessRegressor'>: {'optim': 'cdist'}},10,1,0.0018543791957199574,0.01638245489448309,0.0018583317287266254,0.0020249998196959496,0.0033848521765321494,0.0018543791957199574,0.011883088383999348,10,0.0018629736732691526,,0,27.0,12.0,10446.0
predict,skl,1.0,1,0.1,20,,10,1,0.00010784901678562164,0.0001821373589336872,0.00011161435395479202,0.00011856714263558388,0.00012074708938598633,0.00010784901678562164,0.00016193492118648684,10,0.00011401181109249592,,0,,,
predict,onxpython_compiled,,1,0.1,20,,10,1,0.0036751138977706432,0.01761764194816351,0.003688494209200144,0.009711097925901413,0.006689162086695432,0.0036751138977706432,0.016313120121932624,10,0.003693382488563657,,0,28.0,12.0,18750.0
predict,onxonnxruntime1,,1,0.1,20,,10,1,0.0004348745569586754,0.0005332618020474911,0.0004380331374704838,0.0004480038769543171,0.00044932062737643717,0.0004348745569586754,0.0005048792455420398,10,0.0004384873900562525,,0,28.0,12.0,18750.0
predict,skl,1.0,10,0.1,20,,10,1,0.0001367158256471157,0.00018316088244318962,0.00013920804485678673,0.00014672987163066864,0.00014597028493881225,0.0001367158256471157,0.00017150478348090407,10,0.00014135194942355156,,0,,,
predict,onxpython_compiled,,10,0.1,20,,10,1,0.003827512264251709,0.003898859955370426,0.0038352380506694317,0.003847952000796795,0.00384551496244967,0.003827512264251709,0.00388307637540683,10,0.0038397458847612143,,0,28.0,12.0,18750.0
predict,onxonnxruntime1,,10,0.1,20,,10,1,0.0005551278591156006,0.0006152321584522724,0.0005638841539621353,0.0005686162039637566,0.0005693406332284212,0.0005551278591156006,0.0006006865025181021,10,0.0005645586643368006,,0,28.0,12.0,18750.0
predict,skl,1.0,100,0.1,20,,10,1,0.0006633843295276165,0.009107045829296112,0.0006686537526547909,0.0007035457529127598,0.0020893224980682136,0.0006633843295276165,0.007761306418990939,10,0.0006746479775756598,,0,,,
predict,onxpython_compiled,,100,0.1,20,,10,1,0.009321856312453747,0.00967197259888053,0.00936494069173932,0.00946524040773511,0.009423238737508655,0.009321856312453747,0.009621183538237283,10,0.009384822798892856,,0,28.0,12.0,18750.0
predict,onxonnxruntime1,,100,0.1,20,,10,1,0.0014709536917507648,0.009710131213068962,0.0014955438673496246,0.0015209997072815895,0.002334118727594614,0.0014709536917507648,0.0071538593334505105,10,0.001506029162555933,,0,28.0,12.0,18750.0
predict,skl,1.0,1000,0.1,20,,10,1,0.004656743258237839,0.012839956674724817,0.004671580158174038,0.0046926867216825485,0.0054930188227444885,0.004656743258237839,0.010293124723803697,10,0.004677987191826105,,0,,,
predict,onxpython_compiled,,1000,0.1,20,,10,1,0.010252459906041622,0.010617602150887251,0.010289577301591635,0.010384080931544304,0.010348375793546439,0.010252459906041622,0.010551911513561945,10,0.010323705850169063,,0,28.0,12.0,18750.0
predict,onxonnxruntime1,,1000,0.1,20,,10,1,0.010317227803170681,0.024513975717127323,0.01039131311699748,0.023535021115094423,0.015194367477670312,0.010317227803170681,0.024513975717127323,10,0.010454634437337518,,0,28.0,12.0,18750.0
predict,skl,1.0,1,0.1,20,{<class 'sklearn.gaussian_process._gpr.GaussianProcessRegressor'>: {'optim': 'cdist'}},10,1,0.0001084362156689167,0.000205302145332098,0.00011162413284182549,0.000118195079267025,0.00012299497611820698,0.0001084362156689167,0.00017741141721431465,10,0.00011405302211642265,,0,,,
predict,onxpython_compiled,,1,0.1,20,{<class 'sklearn.gaussian_process._gpr.GaussianProcessRegressor'>: {'optim': 'cdist'}},10,1,0.00023370282724499702,0.016229331959038973,0.00023582298308610916,0.00024108216166496277,0.00183672234416008,0.00023370282724499702,0.011239896370459333,10,0.00023669609799981117,,0,27.0,12.0,18447.0
predict,onxonnxruntime1,,1,0.1,20,{<class 'sklearn.gaussian_process._gpr.GaussianProcessRegressor'>: {'optim': 'cdist'}},10,1,5.2939169108867645e-05,0.00013250485062599182,5.35440631210804e-05,5.6271906942129135e-05,6.25604297965765e-05,5.2939169108867645e-05,0.00010848298168375268,10,5.408981814980507e-05,,0,27.0,12.0,18447.0
predict,skl,1.0,10,0.1,20,{<class 'sklearn.gaussian_process._gpr.GaussianProcessRegressor'>: {'optim': 'cdist'}},10,1,0.0001355907879769802,0.01632900210097432,0.0001406869851052761,0.00014938600361347198,0.0017631322611123324,0.0001355907879769802,0.011279516620341386,10,0.0001425039954483509,,0,,,
predict,onxpython_compiled,,10,0.1,20,{<class 'sklearn.gaussian_process._gpr.GaussianProcessRegressor'>: {'optim': 'cdist'}},10,1,0.00026204902678728104,0.000305927824229002,0.00026366719976067543,0.00026925280690193176,0.00026992582716047766,0.00026204902678728104,0.0002946869106147524,10,0.00026464625261723995,,0,27.0,12.0,18447.0
predict,onxonnxruntime1,,10,0.1,20,{<class 'sklearn.gaussian_process._gpr.GaussianProcessRegressor'>: {'optim': 'cdist'}},10,1,5.9543177485466003e-05,0.00010145874693989754,6.019230931997299e-05,6.619421765208244e-05,6.595435552299022e-05,5.9543177485466003e-05,8.964950303992055e-05,10,6.137066520750523e-05,,0,27.0,12.0,18447.0
predict,skl,1.0,100,0.1,20,{<class 'sklearn.gaussian_process._gpr.GaussianProcessRegressor'>: {'optim': 'cdist'}},10,1,0.0010401667095720768,0.008635272271931171,0.0010487698018550873,0.006701293867081404,0.002949691843241453,0.0010401667095720768,0.008635272271931171,10,0.0010512711014598608,,0,,,
predict,onxpython_compiled,,100,0.1,20,{<class 'sklearn.gaussian_process._gpr.GaussianProcessRegressor'>: {'optim': 'cdist'}},10,1,0.0014538196846842766,0.006637446116656065,0.0014594439417123795,0.0014943098649382591,0.0020214180927723645,0.0014538196846842766,0.005045690216215642,10,0.0014655694831162691,,0,27.0,12.0,18447.0
predict,onxonnxruntime1,,100,0.1,20,{<class 'sklearn.gaussian_process._gpr.GaussianProcessRegressor'>: {'optim': 'cdist'}},10,1,0.00035492517054080963,0.0007278760895133018,0.00035947374999523163,0.00037856074050068855,0.00040598753839731215,0.00035492517054080963,0.000620702582527909,10,0.00036229612305760384,,0,27.0,12.0,18447.0
predict,skl,1.0,1000,0.1,20,{<class 'sklearn.gaussian_process._gpr.GaussianProcessRegressor'>: {'optim': 'cdist'}},10,1,0.002328782808035612,0.0024631530977785587,0.002337916288524866,0.002353865187615156,0.0023549999576061966,0.002328782808035612,0.0024284381230217865,10,0.0023404171224683523,,0,,,
predict,onxpython_compiled,,1000,0.1,20,{<class 'sklearn.gaussian_process._gpr.GaussianProcessRegressor'>: {'optim': 'cdist'}},10,1,0.0025845649652183056,0.0030095670372247696,0.0026466799899935722,0.002791214268654585,0.002730901166796684,0.0025845649652183056,0.0030095670372247696,10,0.0026559834368526936,,0,27.0,12.0,18447.0
predict,onxonnxruntime1,,1000,0.1,20,{<class 'sklearn.gaussian_process._gpr.GaussianProcessRegressor'>: {'optim': 'cdist'}},10,1,0.0020192451775074005,0.007944013923406601,0.002030401024967432,0.007340607233345509,0.003725584363564849,0.0020192451775074005,0.007944013923406601,10,0.0020983079448342323,,0,27.0,12.0,18447.0
predict,skl,1.0,1,1.0,1,,10,1,0.00010317796841263771,0.00019684992730617523,0.00010746996849775314,0.00011225556954741478,0.00011747111566364765,0.00010317796841263771,0.00016990774930411535,10,0.00010912632569670677,ERROR: Dim (1 )-(1  1) - discrepencies between 'skl' and 'onxpython_compiled' for '(0  'predict')'.,1,,,
predict,onxpython_compiled,,1,1.0,1,,10,1,0.003593316301703453,0.012139792088419199,0.0036047413013875484,0.011090409941971302,0.006702095735818148,0.003593316301703453,0.012139792088419199,10,0.0036979245487600565,ERROR: Dim (1 )-(1  1) - discrepencies between 'skl' and 'onxpython_compiled' for '(0  'predict')'.,1,28.0,12.0,3549.0
predict,onxonnxruntime1,,1,1.0,1,,10,1,0.0003974554128944874,0.00048401113599538803,0.0004013241268694401,0.00041043665260076523,0.00041293487884104253,0.0003974554128944874,0.0004614887116348126,10,0.0004020009655505419,ERROR: Dim (1 )-(1  1) - discrepencies between 'skl' and 'onxpython_compiled' for '(0  'predict')'.,1,28.0,12.0,3549.0
predict,skl,1.0,10,1.0,1,,10,1,0.00012442516162991524,0.0002060001716017723,0.00012668315321207047,0.00013877497985959053,0.00013777343556284905,0.00012442516162991524,0.00018360827734895018,10,0.00012935255654156208,ERROR: Dim (10 )-(1  10) - discrepencies between 'skl' and 'onxpython_compiled' for '(0  'predict')'.,1,,,
predict,onxpython_compiled,,10,1.0,1,,10,1,0.0035017640329897404,0.005442589987069368,0.003589496947824955,0.0037404648028314114,0.0038109892047941685,0.0035017640329897404,0.004892801904927508,10,0.0036119550932198763,ERROR: Dim (10 )-(1  10) - discrepencies between 'skl' and 'onxpython_compiled' for '(0  'predict')'.,1,28.0,12.0,3549.0
predict,onxonnxruntime1,,10,1.0,1,,10,1,0.00040508899837732315,0.000523621216416359,0.0004067360423505306,0.0004570549353957176,0.0004299033433198929,0.00040508899837732315,0.0005036856889840116,10,0.0004093304742127657,ERROR: Dim (10 )-(1  10) - discrepencies between 'skl' and 'onxpython_compiled' for '(0  'predict')'.,1,28.0,12.0,3549.0
predict,skl,1.0,100,1.0,1,,10,1,0.0004977569915354252,0.006325677968561649,0.0005061659030616283,0.0005388897843658924,0.0010944447480142117,0.0004977569915354252,0.004512314212789968,10,0.0005070886109024286,ERROR: Dim (100 )-(1  100) - discrepencies between 'skl' and 'onxpython_compiled' for '(0  'predict')'.,1,,,
predict,onxpython_compiled,,100,1.0,1,,10,1,0.007658855058252811,0.009955144952982664,0.0076738642528653145,0.007706174161285162,0.00793686555698514,0.007658855058252811,0.009268872003371603,10,0.007677848218008876,ERROR: Dim (100 )-(1  100) - discrepencies between 'skl' and 'onxpython_compiled' for '(0  'predict')'.,1,28.0,12.0,3549.0
predict,onxonnxruntime1,,100,1.0,1,,10,1,0.000622801948338747,0.0007738447748124599,0.000626690685749054,0.0006323549896478653,0.0006424790248274803,0.000622801948338747,0.00072866257322228,10,0.000628303037956357,ERROR: Dim (100 )-(1  100) - discrepencies between 'skl' and 'onxpython_compiled' for '(0  'predict')'.,1,28.0,12.0,3549.0
predict,skl,1.0,1000,1.0,1,,10,1,0.002940804697573185,0.007566689047962427,0.002945913001894951,0.0030208281241357327,0.0034495076164603234,0.002940804697573185,0.00614515494732823,10,0.002953617600724101,ERROR: Dim (1000 )-(1  1000) - discrepencies between 'skl' and 'onxpython_compiled' for '(0  'predict')'.,1,,,
predict,onxpython_compiled,,1000,1.0,1,,10,1,0.005307641811668873,0.011006711050868034,0.009890011046081781,0.010599945671856403,0.009133814228698611,0.005307641811668873,0.011006711050868034,10,0.010586870601400733,ERROR: Dim (1000 )-(1  1000) - discrepencies between 'skl' and 'onxpython_compiled' for '(0  'predict')'.,1,28.0,12.0,3549.0
predict,onxonnxruntime1,,1000,1.0,1,,10,1,0.003097908105701208,0.004308129195123911,0.00315559608861804,0.003358188085258007,0.0033449148759245872,0.003097908105701208,0.004028102510339834,10,0.0032065450213849545,ERROR: Dim (1000 )-(1  1000) - discrepencies between 'skl' and 'onxpython_compiled' for '(0  'predict')'.,1,28.0,12.0,3549.0
predict,skl,1.0,1,1.0,1,{<class 'sklearn.gaussian_process._gpr.GaussianProcessRegressor'>: {'optim': 'cdist'}},10,1,0.00010410463437438011,0.0001765107735991478,0.00010655168443918228,0.00011172238737344742,0.00011519426479935646,0.00010410463437438011,0.000155883800493258,10,0.00010859314352273941,ERROR: Dim (1 )-(1  1) - discrepencies between 'skl' and 'onxpython_compiled' for '(0  'predict')'.,1,,,
predict,onxpython_compiled,,1,1.0,1,{<class 'sklearn.gaussian_process._gpr.GaussianProcessRegressor'>: {'optim': 'cdist'}},10,1,0.00021985918283462524,0.00027651991695165634,0.0002208440564572811,0.00023148208856582642,0.00022977036423981189,0.00021985918283462524,0.0002619162520481079,10,0.00022303196601569653,ERROR: Dim (1 )-(1  1) - discrepencies between 'skl' and 'onxpython_compiled' for '(0  'predict')'.,1,27.0,12.0,3246.0
predict,onxonnxruntime1,,1,1.0,1,{<class 'sklearn.gaussian_process._gpr.GaussianProcessRegressor'>: {'optim': 'cdist'}},10,1,5.001295357942581e-05,0.00011906633153557777,5.090795457363129e-05,5.3732190281152725e-05,5.877194926142693e-05,5.001295357942581e-05,9.848936576443466e-05,10,5.1181530579924583e-05,ERROR: Dim (1 )-(1  1) - discrepencies between 'skl' and 'onxpython_compiled' for '(0  'predict')'.,1,27.0,12.0,3246.0
predict,skl,1.0,10,1.0,1,{<class 'sklearn.gaussian_process._gpr.GaussianProcessRegressor'>: {'optim': 'cdist'}},10,1,0.0001216670498251915,0.00017894478514790535,0.0001253131777048111,0.00013216771185398102,0.00013274820521473883,0.0001216670498251915,0.00016423863989582248,10,0.00012827268801629543,ERROR: Dim (10 )-(1  10) - discrepencies between 'skl' and 'onxpython_compiled' for '(0  'predict')'.,1,,,
predict,onxpython_compiled,,10,1.0,1,{<class 'sklearn.gaussian_process._gpr.GaussianProcessRegressor'>: {'optim': 'cdist'}},10,1,0.0002402951940894127,0.00029404694214463234,0.00024217600002884865,0.0002521965652704239,0.00025003706105053425,0.0002402951940894127,0.00028023202539594945,10,0.00024339905939996243,ERROR: Dim (10 )-(1  10) - discrepencies between 'skl' and 'onxpython_compiled' for '(0  'predict')'.,1,27.0,12.0,3246.0
predict,onxonnxruntime1,,10,1.0,1,{<class 'sklearn.gaussian_process._gpr.GaussianProcessRegressor'>: {'optim': 'cdist'}},10,1,5.464395508170128e-05,0.00011184392496943474,5.560088902711868e-05,5.855504423379898e-05,6.215632893145085e-05,5.464395508170128e-05,9.48651860213949e-05,10,5.613849498331547e-05,ERROR: Dim (10 )-(1  10) - discrepencies between 'skl' and 'onxpython_compiled' for '(0  'predict')'.,1,27.0,12.0,3246.0
predict,skl,1.0,100,1.0,1,{<class 'sklearn.gaussian_process._gpr.GaussianProcessRegressor'>: {'optim': 'cdist'}},10,1,0.0002525458112359047,0.0003579379990696907,0.00025398237630724907,0.00026103993877768517,0.00026660198345780374,0.0002525458112359047,0.0003268083135398609,10,0.00025526992976665497,ERROR: Dim (100 )-(1  100) - discrepencies between 'skl' and 'onxpython_compiled' for '(0  'predict')'.,1,,,
predict,onxpython_compiled,,100,1.0,1,{<class 'sklearn.gaussian_process._gpr.GaussianProcessRegressor'>: {'optim': 'cdist'}},10,1,0.0003653760068118572,0.00044230977073311806,0.00036836694926023483,0.00037893373519182205,0.0003780069760978222,0.0003653760068118572,0.0004209864188562951,10,0.00036913598887622356,ERROR: Dim (100 )-(1  100) - discrepencies between 'skl' and 'onxpython_compiled' for '(0  'predict')'.,1,27.0,12.0,3246.0
predict,onxonnxruntime1,,100,1.0,1,{<class 'sklearn.gaussian_process._gpr.GaussianProcessRegressor'>: {'optim': 'cdist'}},10,1,0.00011390121653676033,0.0002147308550775051,0.00011415267363190651,0.00012219185009598732,0.00012643905356526374,0.00011390121653676033,0.0001844585768893961,10,0.00011521647684276104,ERROR: Dim (100 )-(1  100) - discrepencies between 'skl' and 'onxpython_compiled' for '(0  'predict')'.,1,27.0,12.0,3246.0
predict,skl,1.0,1000,1.0,1,{<class 'sklearn.gaussian_process._gpr.GaussianProcessRegressor'>: {'optim': 'cdist'}},10,1,0.0014661643654108047,0.0017931461334228516,0.0014788047410547733,0.001600493211299181,0.0015579876024276018,0.0014661643654108047,0.0017524106711734547,10,0.001533725531771779,ERROR: Dim (1000 )-(1  1000) - discrepencies between 'skl' and 'onxpython_compiled' for '(0  'predict')'.,1,,,
predict,onxpython_compiled,,1000,1.0,1,{<class 'sklearn.gaussian_process._gpr.GaussianProcessRegressor'>: {'optim': 'cdist'}},10,1,0.0015329532325267792,0.0016417261213064194,0.0015394128859043121,0.001576244831085205,0.001559941191226244,0.0015329532325267792,0.001624653034369388,10,0.0015464907046407461,ERROR: Dim (1000 )-(1  1000) - discrepencies between 'skl' and 'onxpython_compiled' for '(0  'predict')'.,1,27.0,12.0,3246.0
predict,onxonnxruntime1,,1000,1.0,1,{<class 'sklearn.gaussian_process._gpr.GaussianProcessRegressor'>: {'optim': 'cdist'}},10,1,0.006691951770335436,0.015012044925242662,0.010739751160144806,0.013164317235350609,0.01106731197796762,0.006691951770335436,0.015012044925242662,10,0.011576480465009809,ERROR: Dim (1000 )-(1  1000) - discrepencies between 'skl' and 'onxpython_compiled' for '(0  'predict')'.,1,27.0,12.0,3246.0
predict,skl,1.0,1,1.0,5,,10,1,0.00010715285316109657,0.0001993812620639801,0.0001085381954908371,0.00011571310460567474,0.00012026489712297916,0.00010715285316109657,0.0001727591173023893,10,0.00011098990216851234,ERROR: Dim (1 )-(1  1) - discrepencies between 'skl' and 'onxpython_compiled' for '(0  'predict')'.,1,,,
predict,onxpython_compiled,,1,1.0,5,,10,1,0.003652396146208048,0.003749249968677759,0.0036557051353156567,0.0037015648558735847,0.0036808017175644636,0.003652396146208048,0.003740389961548738,10,0.0036738133057951927,ERROR: Dim (1 )-(1  1) - discrepencies between 'skl' and 'onxpython_compiled' for '(0  'predict')'.,1,28.0,12.0,6749.0
predict,onxonnxruntime1,,1,1.0,5,,10,1,0.0004120110534131527,0.0005165571346879005,0.00041448604315519333,0.00042222579941153526,0.0004275045357644558,0.0004120110534131527,0.00048628922366379397,10,0.00041758851148188114,ERROR: Dim (1 )-(1  1) - discrepencies between 'skl' and 'onxpython_compiled' for '(0  'predict')'.,1,28.0,12.0,6749.0
predict,skl,1.0,10,1.0,5,,10,1,0.000129002146422863,0.00021182699128985405,0.00013182777911424637,0.00013860873878002167,0.00014191116206347943,0.000129002146422863,0.0001882381245926429,10,0.00013453001156449318,ERROR: Dim (10 )-(1  10) - discrepencies between 'skl' and 'onxpython_compiled' for '(0  'predict')'.,1,,,
predict,onxpython_compiled,,10,1.0,5,,10,1,0.003614559303969145,0.003966917749494314,0.003710981924086809,0.0038213501684367657,0.0037669647485017777,0.003614559303969145,0.0039612396172875744,10,0.0037781500723212957,ERROR: Dim (10 )-(1  10) - discrepencies between 'skl' and 'onxpython_compiled' for '(0  'predict')'.,1,28.0,12.0,6749.0
predict,onxonnxruntime1,,10,1.0,5,,10,1,0.00043509528040885925,0.0005458816885948181,0.00043856306001544,0.0004487927071750164,0.0004536549560725689,0.00043509528040885925,0.0005163436961855993,10,0.00044114096090197563,ERROR: Dim (10 )-(1  10) - discrepencies between 'skl' and 'onxpython_compiled' for '(0  'predict')'.,1,28.0,12.0,6749.0
predict,skl,1.0,100,1.0,5,,10,1,0.0002810959704220295,0.0004094489850103855,0.000283154658973217,0.00029087578877806664,0.0002987926360219717,0.0002810959704220295,0.00037188423351120186,10,0.000284640584141016,ERROR: Dim (100 )-(1  100) - discrepencies between 'skl' and 'onxpython_compiled' for '(0  'predict')'.,1,,,
predict,onxpython_compiled,,100,1.0,5,,10,1,0.004302106332033873,0.004413821268826723,0.004323895089328289,0.00436801090836525,0.004344667727127671,0.004302106332033873,0.004413821268826723,10,0.0043367682956159115,ERROR: Dim (100 )-(1  100) - discrepencies between 'skl' and 'onxpython_compiled' for '(0  'predict')'.,1,28.0,12.0,6749.0
predict,onxonnxruntime1,,100,1.0,5,,10,1,0.0009357631206512451,0.0010442109778523445,0.0009398483671247959,0.0009526647627353668,0.0009536145254969597,0.0009357631206512451,0.0010138606070457408,10,0.0009415252134203911,ERROR: Dim (100 )-(1  100) - discrepencies between 'skl' and 'onxpython_compiled' for '(0  'predict')'.,1,28.0,12.0,6749.0
predict,skl,1.0,1000,1.0,5,,10,1,0.0017656455747783184,0.0019343509338796139,0.0018333080224692822,0.001869813073426485,0.001846847077831626,0.0017656455747783184,0.0019343509338796139,10,0.0018493796233087778,ERROR: Dim (1000 )-(1  1000) - discrepencies between 'skl' and 'onxpython_compiled' for '(0  'predict')'.,1,,,
predict,onxpython_compiled,,1000,1.0,5,,10,1,0.00783142913132906,0.007996194995939732,0.007853509858250618,0.007936328649520874,0.007894372986629605,0.00783142913132906,0.007996194995939732,10,0.00788044766522944,ERROR: Dim (1000 )-(1  1000) - discrepencies between 'skl' and 'onxpython_compiled' for '(0  'predict')'.,1,28.0,12.0,6749.0
predict,onxonnxruntime1,,1000,1.0,5,,10,1,0.005112370941787958,0.010185334365814924,0.009962311945855618,0.01013254513964057,0.009094039117917419,0.005269591261481476,0.010185334365814924,10,0.010018911911174655,ERROR: Dim (1000 )-(1  1000) - discrepencies between 'skl' and 'onxpython_compiled' for '(0  'predict')'.,1,28.0,12.0,6749.0
predict,skl,1.0,1,1.0,5,{<class 'sklearn.gaussian_process._gpr.GaussianProcessRegressor'>: {'optim': 'cdist'}},10,1,0.00010412884876132011,0.00019940780475735664,0.00010708766058087349,0.0001184358261525631,0.00011890535242855548,0.00010412884876132011,0.0001724387370233866,10,0.000108291395008564,ERROR: Dim (1 )-(1  1) - discrepencies between 'skl' and 'onxpython_compiled' for '(0  'predict')'.,1,,,
predict,onxpython_compiled,,1,1.0,5,{<class 'sklearn.gaussian_process._gpr.GaussianProcessRegressor'>: {'optim': 'cdist'}},10,1,0.0002308432012796402,0.00029628537595272064,0.00023312494158744812,0.00023940019309520721,0.00024119005538523198,0.0002308432012796402,0.00027803793817637645,10,0.00023396150209009647,ERROR: Dim (1 )-(1  1) - discrepencies between 'skl' and 'onxpython_compiled' for '(0  'predict')'.,1,27.0,12.0,6446.0
predict,onxonnxruntime1,,1,1.0,5,{<class 'sklearn.gaussian_process._gpr.GaussianProcessRegressor'>: {'optim': 'cdist'}},10,1,5.053402855992317e-05,0.00013023708015680313,5.344068631529808e-05,5.603395402431488e-05,6.193052977323532e-05,5.053402855992317e-05,0.00010688109420308307,10,5.471543408930302e-05,ERROR: Dim (1 )-(1  1) - discrepencies between 'skl' and 'onxpython_compiled' for '(0  'predict')'.,1,27.0,12.0,6446.0
predict,skl,1.0,10,1.0,5,{<class 'sklearn.gaussian_process._gpr.GaussianProcessRegressor'>: {'optim': 'cdist'}},10,1,0.00012655695900321007,0.00024478090927004814,0.00012962985783815384,0.00013628089800477028,0.0001427499111741781,0.00012655695900321007,0.0002098609532377326,10,0.00013073952868580818,ERROR: Dim (10 )-(1  10) - discrepencies between 'skl' and 'onxpython_compiled' for '(0  'predict')'.,1,,,
predict,onxpython_compiled,,10,1.0,5,{<class 'sklearn.gaussian_process._gpr.GaussianProcessRegressor'>: {'optim': 'cdist'}},10,1,0.0002524079754948616,0.0042030601762235165,0.0002556918188929558,0.0002667526714503765,0.0006591867655515671,0.0002524079754948616,0.002974942112735501,10,0.00025719497352838516,ERROR: Dim (10 )-(1  10) - discrepencies between 'skl' and 'onxpython_compiled' for '(0  'predict')'.,1,27.0,12.0,6446.0
predict,onxonnxruntime1,,10,1.0,5,{<class 'sklearn.gaussian_process._gpr.GaussianProcessRegressor'>: {'optim': 'cdist'}},10,1,5.757901817560196e-05,0.00015340279787778854,5.901884287595749e-05,6.223935633897781e-05,6.955140270292759e-05,5.757901817560196e-05,0.00012453480590943173,10,5.960860289633274e-05,ERROR: Dim (10 )-(1  10) - discrepencies between 'skl' and 'onxpython_compiled' for '(0  'predict')'.,1,27.0,12.0,6446.0
predict,skl,1.0,100,1.0,5,{<class 'sklearn.gaussian_process._gpr.GaussianProcessRegressor'>: {'optim': 'cdist'}},10,1,0.0002781911753118038,0.000409591943025589,0.000279868021607399,0.0002942741848528385,0.00029624635353684423,0.0002781911753118038,0.00037128004982975234,10,0.0002813234459608793,ERROR: Dim (100 )-(1  100) - discrepencies between 'skl' and 'onxpython_compiled' for '(0  'predict')'.,1,,,
predict,onxpython_compiled,,100,1.0,5,{<class 'sklearn.gaussian_process._gpr.GaussianProcessRegressor'>: {'optim': 'cdist'}},10,1,0.0004109935835003853,0.00048632826656103134,0.000412575900554657,0.0004225349985063076,0.0004231397062540054,0.0004109935835003853,0.00046566634205807864,10,0.0004132813774049282,ERROR: Dim (100 )-(1  100) - discrepencies between 'skl' and 'onxpython_compiled' for '(0  'predict')'.,1,27.0,12.0,6446.0
predict,onxonnxruntime1,,100,1.0,5,{<class 'sklearn.gaussian_process._gpr.GaussianProcessRegressor'>: {'optim': 'cdist'}},10,1,0.0001435982994735241,0.00024317624047398567,0.0001445431262254715,0.0001507769338786602,0.00015599271282553672,0.0001435982994735241,0.00021320051951595817,10,0.00014555780217051506,ERROR: Dim (100 )-(1  100) - discrepencies between 'skl' and 'onxpython_compiled' for '(0  'predict')'.,1,27.0,12.0,6446.0
predict,skl,1.0,1000,1.0,5,{<class 'sklearn.gaussian_process._gpr.GaussianProcessRegressor'>: {'optim': 'cdist'}},10,1,0.001744286622852087,0.0019022529013454914,0.001788922119885683,0.001836477778851986,0.0018055201508104801,0.001744286622852087,0.0018933329910219372,10,0.0017942979466170073,ERROR: Dim (1000 )-(1  1000) - discrepencies between 'skl' and 'onxpython_compiled' for '(0  'predict')'.,1,,,
predict,onxpython_compiled,,1000,1.0,5,{<class 'sklearn.gaussian_process._gpr.GaussianProcessRegressor'>: {'optim': 'cdist'}},10,1,0.0018994440324604511,0.0020027519203722477,0.001942948903888464,0.001983694266527891,0.0019562473986297845,0.0018994440324604511,0.0020027519203722477,10,0.001961709698662162,ERROR: Dim (1000 )-(1  1000) - discrepencies between 'skl' and 'onxpython_compiled' for '(0  'predict')'.,1,27.0,12.0,6446.0
predict,onxonnxruntime1,,1000,1.0,5,{<class 'sklearn.gaussian_process._gpr.GaussianProcessRegressor'>: {'optim': 'cdist'}},10,1,0.0008257459849119186,0.0014226129278540611,0.0008724597282707691,0.0014087492600083351,0.0010577870067209004,0.0008257459849119186,0.0014226129278540611,10,0.0009142935741692781,ERROR: Dim (1000 )-(1  1000) - discrepencies between 'skl' and 'onxpython_compiled' for '(0  'predict')'.,1,27.0,12.0,6446.0
predict,skl,1.0,1,1.0,10,,10,1,0.00010789791122078896,0.00019965320825576782,0.00011089025065302849,0.00011749099940061569,0.00012177047319710255,0.00010789791122078896,0.00017330711013051534,10,0.00011346000246703625,,0,,,
predict,onxpython_compiled,,1,1.0,10,,10,1,0.0036293459124863148,0.011947399005293846,0.0036897938698530197,0.011635906994342804,0.006895170314237475,0.0036293459124863148,0.011947399005293846,10,0.0037035797722637653,,0,28.0,12.0,10749.0
predict,onxonnxruntime1,,1,1.0,10,,10,1,0.00040452880784869194,0.0005211266689002514,0.0004081903025507927,0.00041344016790390015,0.0004211006686091423,0.00040452880784869194,0.0004867247774773733,10,0.00041099684312939644,,0,28.0,12.0,10749.0
predict,skl,1.0,10,1.0,10,,10,1,0.00012214295566082,0.00020295893773436546,0.00012388499453663826,0.0001363661140203476,0.00013587833382189274,0.00012214295566082,0.00018124546932756896,10,0.0001267394982278347,,0,,,
predict,onxpython_compiled,,10,1.0,10,,10,1,0.003585736732929945,0.003707956988364458,0.003613423090428114,0.0036591459065675735,0.003631933405995369,0.003585736732929945,0.003706315759398339,10,0.003617934649810195,,0,28.0,12.0,10749.0
predict,onxonnxruntime1,,10,1.0,10,,10,1,0.00046109920367598534,0.000589307863265276,0.00046640215441584587,0.00047457683831453323,0.0004799922462552786,0.00046109920367598534,0.0005519058923732689,10,0.0004675155505537987,,0,28.0,12.0,10749.0
predict,skl,1.0,100,1.0,10,,10,1,0.000310349278151989,0.00043605687096714973,0.0003123851493000984,0.00031912093982100487,0.00032737995497882365,0.000310349278151989,0.0003990793603113475,10,0.00031366851180791855,,0,,,
predict,onxpython_compiled,,100,1.0,10,,10,1,0.004464440979063511,0.004598126281052828,0.004484633915126324,0.004526756703853607,0.004512485302984715,0.004464440979063511,0.004597126208835124,10,0.0044958333019167185,,0,28.0,12.0,10749.0
predict,onxonnxruntime1,,100,1.0,10,,10,1,0.00111770024523139,0.0012213438749313354,0.0011246749199926853,0.0011389246210455894,0.0011365208309143781,0.00111770024523139,0.0011938739794761365,10,0.0011255675926804543,,0,28.0,12.0,10749.0
predict,skl,1.0,1000,1.0,10,,10,1,0.0020635160617530346,0.0023115030489861965,0.002093132119625807,0.0021539791487157345,0.0021266644820570947,0.0020635160617530346,0.0022710461705643605,10,0.0020999847911298275,,0,,,
predict,onxpython_compiled,,1000,1.0,10,,10,1,0.00874508498236537,0.008945539128035307,0.00876587675884366,0.008927355986088514,0.008827237132936715,0.00874508498236537,0.008945539128035307,10,0.008806797210127115,,0,28.0,12.0,10749.0
predict,onxonnxruntime1,,1000,1.0,10,,10,1,0.0065478007309138775,0.006964709609746933,0.006576686166226864,0.006657410878688097,0.0066324005834758285,0.0065478007309138775,0.006864963424651071,10,0.00659386976622045,,0,28.0,12.0,10749.0
predict,skl,1.0,1,1.0,10,{<class 'sklearn.gaussian_process._gpr.GaussianProcessRegressor'>: {'optim': 'cdist'}},10,1,0.00010753190144896507,0.00019764713943004608,0.00010969210416078568,0.0001172451302409172,0.00012083058245480061,0.00010753190144896507,0.0001716769977256103,10,0.00011092866770923138,,0,,,
predict,onxpython_compiled,,1,1.0,10,{<class 'sklearn.gaussian_process._gpr.GaussianProcessRegressor'>: {'optim': 'cdist'}},10,1,0.00023173121735453606,0.0002969009801745415,0.00023416662588715553,0.0002475399523973465,0.0002444704994559288,0.00023173121735453606,0.00028067446646949597,10,0.00023746071383357048,,0,27.0,12.0,10446.0
predict,onxonnxruntime1,,1,1.0,10,{<class 'sklearn.gaussian_process._gpr.GaussianProcessRegressor'>: {'optim': 'cdist'}},10,1,5.3036026656627655e-05,0.00012058811262249947,5.436595529317856e-05,5.67631796002388e-05,6.183162331581115e-05,5.3036026656627655e-05,0.0001004660291468173,10,5.498388782143593e-05,,0,27.0,12.0,10446.0
predict,skl,1.0,10,1.0,10,{<class 'sklearn.gaussian_process._gpr.GaussianProcessRegressor'>: {'optim': 'cdist'}},10,1,0.00012981100007891655,0.00017031095921993256,0.00013236794620752335,0.00013866601511836052,0.00013783476315438748,0.00012981100007891655,0.00016044612162016954,10,0.0001331388484686613,,0,,,
predict,onxpython_compiled,,10,1.0,10,{<class 'sklearn.gaussian_process._gpr.GaussianProcessRegressor'>: {'optim': 'cdist'}},10,1,0.0002558012492954731,0.00031479960307478905,0.0002576238475739956,0.00026710424572229385,0.0002669634763151407,0.0002558012492954731,0.0003008971166113156,10,0.00025968533009290695,,0,27.0,12.0,10446.0
predict,onxonnxruntime1,,10,1.0,10,{<class 'sklearn.gaussian_process._gpr.GaussianProcessRegressor'>: {'optim': 'cdist'}},10,1,5.854107439517975e-05,0.00013585714623332024,6.0202088207006454e-05,6.347615271806717e-05,6.866427138447761e-05,5.854107439517975e-05,0.00011278840982193941,10,6.081513129174709e-05,,0,27.0,12.0,10446.0
predict,skl,1.0,100,1.0,10,{<class 'sklearn.gaussian_process._gpr.GaussianProcessRegressor'>: {'optim': 'cdist'}},10,1,0.00031057093292474747,0.00042895693331956863,0.0003139069303870201,0.0003191651776432991,0.00032700225710868835,0.00031057093292474747,0.00039423329207136467,10,0.00031419796869158745,,0,,,
predict,onxpython_compiled,,100,1.0,10,{<class 'sklearn.gaussian_process._gpr.GaussianProcessRegressor'>: {'optim': 'cdist'}},10,1,0.00044854823499917984,0.0005292403511703014,0.00045295897871255875,0.00045499391853809357,0.0004624590277671814,0.00044854823499917984,0.0005077436181929397,10,0.0004531140439212322,,0,27.0,12.0,10446.0
predict,onxonnxruntime1,,100,1.0,10,{<class 'sklearn.gaussian_process._gpr.GaussianProcessRegressor'>: {'optim': 'cdist'}},10,1,0.00014690030366182327,0.000321228988468647,0.0001499461941421032,0.0002183648757636547,0.00019373544491827488,0.00014690030366182327,0.00029765048038505736,10,0.0001854191068559885,,0,27.0,12.0,10446.0
predict,skl,1.0,1000,1.0,10,{<class 'sklearn.gaussian_process._gpr.GaussianProcessRegressor'>: {'optim': 'cdist'}},10,1,0.0020672730170190334,0.0022479877807199955,0.0020747478120028973,0.0021357042714953423,0.002113102423027158,0.0020672730170190334,0.0022205089320189012,10,0.002090208698064089,,0,,,
predict,onxpython_compiled,,1000,1.0,10,{<class 'sklearn.gaussian_process._gpr.GaussianProcessRegressor'>: {'optim': 'cdist'}},10,1,0.002198415342718363,0.002376460935920477,0.0022356100380420685,0.002302787732332945,0.0022708012256771326,0.002198415342718363,0.002376460935920477,10,0.002259856555610895,,0,27.0,12.0,10446.0
predict,onxonnxruntime1,,1000,1.0,10,{<class 'sklearn.gaussian_process._gpr.GaussianProcessRegressor'>: {'optim': 'cdist'}},10,1,0.00092365313321352,0.0012022010050714016,0.0009271693415939808,0.0009429650381207466,0.0009764287155121565,0.00092365313321352,0.001163158714376077,10,0.0009274485055357218,,0,27.0,12.0,10446.0
predict,skl,1.0,1,1.0,20,,10,1,0.00010929489508271217,0.0073954863473773,0.00011399760842323303,0.00012336904183030128,0.000852044252678752,0.00010929489508271217,0.005127426265279028,10,0.00011528166942298412,,0,,,
predict,onxpython_compiled,,1,1.0,20,,10,1,0.003671040292829275,0.012564005330204964,0.0036895996890962124,0.011067165993154049,0.006914133857935667,0.003671040292829275,0.012564005330204964,10,0.0037283722776919603,,0,28.0,12.0,18750.0
predict,onxonnxruntime1,,1,1.0,20,,10,1,0.00043107010424137115,0.009182796813547611,0.00043565500527620316,0.0004426660016179085,0.0013223906513303517,0.00043107010424137115,0.006458284884205984,10,0.0004368110094219446,,0,28.0,12.0,18750.0
predict,skl,1.0,10,1.0,20,,10,1,0.0001346999779343605,0.0011890656314790249,0.00013649789616465569,0.0001477138139307499,0.00025117071345448494,0.0001346999779343605,0.0008656396015370404,10,0.0001374345738440752,,0,,,
predict,onxpython_compiled,,10,1.0,20,,10,1,0.0038086967542767525,0.012618082109838724,0.0038786879740655422,0.01129278028383851,0.0066209383308887485,0.0038086967542767525,0.012618082109838724,10,0.003929567523300648,,0,28.0,12.0,18750.0
predict,onxonnxruntime1,,10,1.0,20,,10,1,0.0005317069590091705,0.0006566937081515789,0.0005376869812607765,0.0005439859814941883,0.0005511342082172632,0.0005317069590091705,0.0006205298619816715,10,0.0005400325171649456,,0,28.0,12.0,18750.0
predict,skl,1.0,100,1.0,20,,10,1,0.00033984193578362465,0.0004609283059835434,0.0003434387035667896,0.00035075703635811806,0.00035813185386359694,0.00033984193578362465,0.0004269691402485035,10,0.0003438694402575493,,0,,,
predict,onxpython_compiled,,100,1.0,20,,10,1,0.00467714574187994,0.00479139806702733,0.004688778892159462,0.004744089674204588,0.004713924368843436,0.00467714574187994,0.00479139806702733,10,0.004694862058386207,,0,28.0,12.0,18750.0
predict,onxonnxruntime1,,100,1.0,20,,10,1,0.0014854809269309044,0.0015887068584561348,0.0014882939867675304,0.0015030819922685623,0.0015040436759591103,0.0014854809269309044,0.001561398161346864,10,0.001496224431321025,,0,28.0,12.0,18750.0
predict,skl,1.0,1000,1.0,20,,10,1,0.0023373779840767384,0.002589115872979164,0.002384429331868887,0.002450249157845974,0.002421364653855562,0.0023373779840767384,0.0025604763739497252,10,0.0024062255397439003,,0,,,
predict,onxpython_compiled,,1000,1.0,20,,10,1,0.010249709244817495,0.010497075039893389,0.010268764104694128,0.010429908987134695,0.01033783396705985,0.010249709244817495,0.010497075039893389,10,0.01029716501943767,,0,28.0,12.0,18750.0
predict,onxonnxruntime1,,1000,1.0,20,,10,1,0.0199112705886364,0.02496228041127324,0.02010496985167265,0.023644695058465004,0.021661749808117747,0.0199112705886364,0.02496228041127324,10,0.0208140779286623,,0,28.0,12.0,18750.0
predict,skl,1.0,1,1.0,20,{<class 'sklearn.gaussian_process._gpr.GaussianProcessRegressor'>: {'optim': 'cdist'}},10,1,0.00010993331670761108,0.0002091941423714161,0.00011339830234646797,0.00012153806164860725,0.00012493357062339782,0.00010993331670761108,0.0001806830338114137,10,0.00011463090777397156,,0,,,
predict,onxpython_compiled,,1,1.0,20,{<class 'sklearn.gaussian_process._gpr.GaussianProcessRegressor'>: {'optim': 'cdist'}},10,1,0.00023712683469057083,0.0002991096116602421,0.00023912684991955757,0.00025378866121172905,0.0002496595494449139,0.00023712683469057083,0.00028543334269372136,10,0.00024175993166863918,,0,27.0,12.0,18447.0
predict,onxonnxruntime1,,1,1.0,20,{<class 'sklearn.gaussian_process._gpr.GaussianProcessRegressor'>: {'optim': 'cdist'}},10,1,5.210377275943756e-05,0.00011080782860517502,5.543604493141174e-05,5.701696500182152e-05,6.104190833866596e-05,5.210377275943756e-05,9.39160403513765e-05,10,5.551544018089771e-05,,0,27.0,12.0,18447.0
predict,skl,1.0,10,1.0,20,{<class 'sklearn.gaussian_process._gpr.GaussianProcessRegressor'>: {'optim': 'cdist'}},10,1,0.00013612397015094757,0.00019566714763641357,0.0001383763737976551,0.00014497386291623116,0.00014643953181803226,0.00013612397015094757,0.00017974090342449473,10,0.00014080735854804516,,0,,,
predict,onxpython_compiled,,10,1.0,20,{<class 'sklearn.gaussian_process._gpr.GaussianProcessRegressor'>: {'optim': 'cdist'}},10,1,0.0002647051587700844,0.0003186599351465702,0.00026588886976242065,0.00027524959295988083,0.00027418830431997777,0.0002647051587700844,0.0003043501536202414,10,0.0002686949446797371,,0,27.0,12.0,18447.0
predict,onxonnxruntime1,,10,1.0,20,{<class 'sklearn.gaussian_process._gpr.GaussianProcessRegressor'>: {'optim': 'cdist'}},10,1,6.036413833498955e-05,0.00011940393596887589,6.105378270149231e-05,6.425008177757263e-05,6.809774786233901e-05,6.036413833498955e-05,0.00010196142064909835,10,6.165308877825737e-05,,0,27.0,12.0,18447.0
predict,skl,1.0,100,1.0,20,{<class 'sklearn.gaussian_process._gpr.GaussianProcessRegressor'>: {'optim': 'cdist'}},10,1,0.0003412892110645771,0.012729237787425518,0.0003458326682448387,0.0003584548830986023,0.0016008017584681511,0.0003412892110645771,0.008871928714987279,10,0.00034801498986780643,,0,,,
predict,onxpython_compiled,,100,1.0,20,{<class 'sklearn.gaussian_process._gpr.GaussianProcessRegressor'>: {'optim': 'cdist'}},10,1,0.0004829387180507183,0.008489005267620087,0.00048652617260813713,0.0005264086648821831,0.0012996960896998644,0.0004829387180507183,0.005997006956883309,10,0.0004896840546280146,,0,27.0,12.0,18447.0
predict,onxonnxruntime1,,100,1.0,20,{<class 'sklearn.gaussian_process._gpr.GaussianProcessRegressor'>: {'optim': 'cdist'}},10,1,0.00015804311260581017,0.0002703131176531315,0.0001592840999364853,0.00016411719843745232,0.00017797611653804779,0.00015804311260581017,0.0002506977546520328,10,0.00016041030175983906,,0,27.0,12.0,18447.0
predict,skl,1.0,1000,1.0,20,{<class 'sklearn.gaussian_process._gpr.GaussianProcessRegressor'>: {'optim': 'cdist'}},10,1,0.0023366850800812244,0.01379145635291934,0.0024107396602630615,0.002463516779243946,0.0035567560233175756,0.0023366850800812244,0.010244203666073308,10,0.0024251961149275303,,0,,,
predict,onxpython_compiled,,1000,1.0,20,{<class 'sklearn.gaussian_process._gpr.GaussianProcessRegressor'>: {'optim': 'cdist'}},10,1,0.0025020339526236057,0.00264953775331378,0.0025179898366332054,0.002553727012127638,0.00254392116330564,0.0025020339526236057,0.002630868351922642,10,0.0025281382258981466,,0,27.0,12.0,18447.0
predict,onxonnxruntime1,,1000,1.0,20,{<class 'sklearn.gaussian_process._gpr.GaussianProcessRegressor'>: {'optim': 'cdist'}},10,1,0.0013812021352350712,0.01041143387556076,0.001390082761645317,0.0016888892278075218,0.002964844973757863,0.0013812021352350712,0.009001467028388298,10,0.0014052724000066519,,0,27.0,12.0,18447.0
predict,skl,1.0,1,10.0,1,,10,1,0.00010397983714938164,0.00017503928393125534,0.00010845903307199478,0.00011809216812252998,0.00011706319637596607,0.00010397983714938164,0.00015633421183943754,10,0.00010963901877403259,ERROR: Dim (1 )-(1  1) - discrepencies between 'skl' and 'onxpython_compiled' for '(0  'predict')'.,1,,,
predict,onxpython_compiled,,1,10.0,1,,10,1,0.0036119152791798115,0.0037776478566229343,0.003625120036303997,0.003638500813394785,0.0036537582520395516,0.0036119152791798115,0.003765834770687601,10,0.003627249039709568,ERROR: Dim (1 )-(1  1) - discrepencies between 'skl' and 'onxpython_compiled' for '(0  'predict')'.,1,28.0,12.0,3549.0
predict,onxonnxruntime1,,1,10.0,1,,10,1,0.0004011387936770916,0.0004862956702709198,0.00040290597826242447,0.00040958914905786514,0.0004133532289415598,0.0004011387936770916,0.0004615438189518119,10,0.00040380447171628475,ERROR: Dim (1 )-(1  1) - discrepencies between 'skl' and 'onxpython_compiled' for '(0  'predict')'.,1,28.0,12.0,3549.0
predict,skl,1.0,10,10.0,1,,10,1,0.00012385472655296326,0.00024351896718144417,0.00012769130989909172,0.00013451417908072472,0.0001412665471434593,0.00012385472655296326,0.00020878120118226042,10,0.00013037724420428276,ERROR: Dim (10 )-(1  10) - discrepencies between 'skl' and 'onxpython_compiled' for '(0  'predict')'.,1,,,
predict,onxpython_compiled,,10,10.0,1,,10,1,0.003721061162650585,0.011291505303233862,0.003748294897377491,0.008340171072632074,0.00582808400504291,0.003721061162650585,0.011173802066335413,10,0.003877886338159442,ERROR: Dim (10 )-(1  10) - discrepencies between 'skl' and 'onxpython_compiled' for '(0  'predict')'.,1,28.0,12.0,3549.0
predict,onxonnxruntime1,,10,10.0,1,,10,1,0.00041566090658307076,0.0005745883099734783,0.0004199482500553131,0.0004352717660367489,0.0004403365310281515,0.00041566090658307076,0.0005292191122922467,10,0.00042601744644343853,ERROR: Dim (10 )-(1  10) - discrepencies between 'skl' and 'onxpython_compiled' for '(0  'predict')'.,1,28.0,12.0,3549.0
predict,skl,1.0,100,10.0,1,,10,1,0.00025094999000430107,0.000361747108399868,0.00025548413395881653,0.0002624550834298134,0.0002680172678083181,0.00025094999000430107,0.00033000386393382264,10,0.0002573826350271702,ERROR: Dim (100 )-(1  100) - discrepencies between 'skl' and 'onxpython_compiled' for '(0  'predict')'.,1,,,
predict,onxpython_compiled,,100,10.0,1,,10,1,0.0038476469926536083,0.003979694098234177,0.0038627921603620052,0.00388632295653224,0.0038873742800205947,0.0038476469926536083,0.00397090802128145,10,0.0038715105038136244,ERROR: Dim (100 )-(1  100) - discrepencies between 'skl' and 'onxpython_compiled' for '(0  'predict')'.,1,28.0,12.0,3549.0
predict,onxonnxruntime1,,100,10.0,1,,10,1,0.0006178100593388081,0.0007773572579026222,0.0006230538710951805,0.0006316886283457279,0.0006401459220796823,0.0006178100593388081,0.0007303747283116094,10,0.0006260080263018608,ERROR: Dim (100 )-(1  100) - discrepencies between 'skl' and 'onxpython_compiled' for '(0  'predict')'.,1,28.0,12.0,3549.0
predict,skl,1.0,1000,10.0,1,,10,1,0.0014829393476247787,0.0018831179477274418,0.0015006838366389275,0.0015586200170218945,0.001560012949630618,0.0014829393476247787,0.0017826742306288686,10,0.0015139596071094275,ERROR: Dim (1000 )-(1  1000) - discrepencies between 'skl' and 'onxpython_compiled' for '(0  'predict')'.,1,,,
predict,onxpython_compiled,,1000,10.0,1,,10,1,0.005296451039612293,0.005526112858206034,0.0053812977857887745,0.005465545225888491,0.005408332496881485,0.005296451039612293,0.005526112858206034,10,0.005418622866272926,ERROR: Dim (1000 )-(1  1000) - discrepencies between 'skl' and 'onxpython_compiled' for '(0  'predict')'.,1,28.0,12.0,3549.0
predict,onxonnxruntime1,,1000,10.0,1,,10,1,0.006009392905980349,0.009717463050037622,0.0061173029243946075,0.0065480731427669525,0.006608160398900509,0.006009392905980349,0.008723659854518766,10,0.0061538065783679485,ERROR: Dim (1000 )-(1  1000) - discrepencies between 'skl' and 'onxpython_compiled' for '(0  'predict')'.,1,28.0,12.0,3549.0
predict,skl,1.0,1,10.0,1,{<class 'sklearn.gaussian_process._gpr.GaussianProcessRegressor'>: {'optim': 'cdist'}},10,1,0.00010158726945519447,0.00015334691852331161,0.00010460475459694862,0.00011018896475434303,0.00011123288422822952,0.00010158726945519447,0.00014012679556925367,10,0.00010511744767427444,ERROR: Dim (1 )-(1  1) - discrepencies between 'skl' and 'onxpython_compiled' for '(0  'predict')'.,1,,,
predict,onxpython_compiled,,1,10.0,1,{<class 'sklearn.gaussian_process._gpr.GaussianProcessRegressor'>: {'optim': 'cdist'}},10,1,0.00021939491853117943,0.0002744370140135288,0.00022178702056407928,0.00023328419774770737,0.0002301936037838459,0.00021939491853117943,0.00026088140901553555,10,0.0002240021713078022,ERROR: Dim (1 )-(1  1) - discrepencies between 'skl' and 'onxpython_compiled' for '(0  'predict')'.,1,27.0,12.0,3246.0
predict,onxonnxruntime1,,1,10.0,1,{<class 'sklearn.gaussian_process._gpr.GaussianProcessRegressor'>: {'optim': 'cdist'}},10,1,4.993705078959465e-05,0.00010616658255457878,5.0945207476615906e-05,5.375733599066734e-05,5.751345306634903e-05,4.993705078959465e-05,8.96927786117307e-05,10,5.130097270011902e-05,ERROR: Dim (1 )-(1  1) - discrepencies between 'skl' and 'onxpython_compiled' for '(0  'predict')'.,1,27.0,12.0,3246.0
predict,skl,1.0,10,10.0,1,{<class 'sklearn.gaussian_process._gpr.GaussianProcessRegressor'>: {'optim': 'cdist'}},10,1,0.00012286100536584854,0.0001535979099571705,0.00012496206909418106,0.0001320880837738514,0.000130105996504426,0.00012286100536584854,0.00014737932124435542,10,0.00012698397040367126,ERROR: Dim (10 )-(1  10) - discrepencies between 'skl' and 'onxpython_compiled' for '(0  'predict')'.,1,,,
predict,onxpython_compiled,,10,10.0,1,{<class 'sklearn.gaussian_process._gpr.GaussianProcessRegressor'>: {'optim': 'cdist'}},10,1,0.000241805799305439,0.008696296252310276,0.00024335132911801338,0.0002484731376171112,0.0010931540746241808,0.000241805799305439,0.006060596884416466,10,0.0002440139651298523,ERROR: Dim (10 )-(1  10) - discrepencies between 'skl' and 'onxpython_compiled' for '(0  'predict')'.,1,27.0,12.0,3246.0
predict,onxonnxruntime1,,10,10.0,1,{<class 'sklearn.gaussian_process._gpr.GaussianProcessRegressor'>: {'optim': 'cdist'}},10,1,5.4513104259967804e-05,9.353691712021828e-05,5.55659644305706e-05,5.94528391957283e-05,6.0562510043382645e-05,5.4513104259967804e-05,8.27358032877275e-05,10,5.587446503341198e-05,ERROR: Dim (10 )-(1  10) - discrepencies between 'skl' and 'onxpython_compiled' for '(0  'predict')'.,1,27.0,12.0,3246.0
predict,skl,1.0,100,10.0,1,{<class 'sklearn.gaussian_process._gpr.GaussianProcessRegressor'>: {'optim': 'cdist'}},10,1,0.0005006459541618824,0.0012051519006490707,0.0005037407390773296,0.0005284450016915798,0.0005816749762743711,0.0005006459541618824,0.000989495093806345,10,0.0005125708412379026,ERROR: Dim (100 )-(1  100) - discrepencies between 'skl' and 'onxpython_compiled' for '(0  'predict')'.,1,,,
predict,onxpython_compiled,,100,10.0,1,{<class 'sklearn.gaussian_process._gpr.GaussianProcessRegressor'>: {'optim': 'cdist'}},10,1,0.0007421108894050121,0.0009641209617257118,0.0007437355816364288,0.0007596816867589951,0.0007713722065091133,0.0007421108894050121,0.0008983277989863255,10,0.000747673911973834,ERROR: Dim (100 )-(1  100) - discrepencies between 'skl' and 'onxpython_compiled' for '(0  'predict')'.,1,27.0,12.0,3246.0
predict,onxonnxruntime1,,100,10.0,1,{<class 'sklearn.gaussian_process._gpr.GaussianProcessRegressor'>: {'optim': 'cdist'}},10,1,0.0001149224117398262,0.00015673507004976273,0.00011542718857526779,0.0001222020946443081,0.00012113549746572971,0.0001149224117398262,0.000144979806737024,10,0.0001159056555479765,ERROR: Dim (100 )-(1  100) - discrepencies between 'skl' and 'onxpython_compiled' for '(0  'predict')'.,1,27.0,12.0,3246.0
predict,skl,1.0,1000,10.0,1,{<class 'sklearn.gaussian_process._gpr.GaussianProcessRegressor'>: {'optim': 'cdist'}},10,1,0.0014689881354570389,0.0018066666088998318,0.0014718580059707165,0.0014817379415035248,0.0015099281445145607,0.0014689881354570389,0.0017043689278845328,10,0.0014770824927836657,ERROR: Dim (1000 )-(1  1000) - discrepencies between 'skl' and 'onxpython_compiled' for '(0  'predict')'.,1,,,
predict,onxpython_compiled,,1000,10.0,1,{<class 'sklearn.gaussian_process._gpr.GaussianProcessRegressor'>: {'optim': 'cdist'}},10,1,0.0015475139953196049,0.0016376259736716747,0.0015536630526185036,0.0015594963915646076,0.0015686779282987119,0.0015475139953196049,0.0016272945422070517,10,0.0015566041693091393,ERROR: Dim (1000 )-(1  1000) - discrepencies between 'skl' and 'onxpython_compiled' for '(0  'predict')'.,1,27.0,12.0,3246.0
predict,onxonnxruntime1,,1000,10.0,1,{<class 'sklearn.gaussian_process._gpr.GaussianProcessRegressor'>: {'optim': 'cdist'}},10,1,0.000680088996887207,0.0009271637536585331,0.000681751873344183,0.0007442696951329708,0.0007336881011724472,0.000680088996887207,0.0008720308079528228,10,0.0007239400874823332,ERROR: Dim (1000 )-(1  1000) - discrepencies between 'skl' and 'onxpython_compiled' for '(0  'predict')'.,1,27.0,12.0,3246.0
predict,skl,1.0,1,10.0,5,,10,1,0.00010711094364523888,0.0002111382782459259,0.00010993098840117455,0.00011626584455370903,0.00012223967351019383,0.00010711094364523888,0.00018103749566913347,10,0.0001120339147746563,ERROR: Dim (1 )-(1  1) - discrepencies between 'skl' and 'onxpython_compiled' for '(0  'predict')'.,1,,,
predict,onxpython_compiled,,1,10.0,5,,10,1,0.0036236243322491646,0.012657439801841974,0.0037169279530644417,0.010995490942150354,0.007097602030262351,0.0036236243322491646,0.012657439801841974,10,0.005543740466237068,ERROR: Dim (1 )-(1  1) - discrepencies between 'skl' and 'onxpython_compiled' for '(0  'predict')'.,1,28.0,12.0,6749.0
predict,onxonnxruntime1,,1,10.0,5,,10,1,0.0004014652222394943,0.0005139308050274849,0.00040481705218553543,0.0004136888310313225,0.0004188221413642168,0.0004014652222394943,0.00048178178404458243,10,0.0004078005440533161,ERROR: Dim (1 )-(1  1) - discrepencies between 'skl' and 'onxpython_compiled' for '(0  'predict')'.,1,28.0,12.0,6749.0
predict,skl,1.0,10,10.0,5,,10,1,0.00012186868116259575,0.00020212307572364807,0.00012465612962841988,0.00013436377048492432,0.00013681557029485703,0.00012186868116259575,0.00018314363750426287,10,0.00012648035772144794,ERROR: Dim (10 )-(1  10) - discrepencies between 'skl' and 'onxpython_compiled' for '(0  'predict')'.,1,,,
predict,onxpython_compiled,,10,10.0,5,,10,1,0.0036062560975551605,0.0037441826425492764,0.0036421287804841995,0.003687423188239336,0.003661147318780422,0.0036062560975551605,0.0037373339476207655,10,0.0036468810867518187,ERROR: Dim (10 )-(1  10) - discrepencies between 'skl' and 'onxpython_compiled' for '(0  'predict')'.,1,28.0,12.0,6749.0
predict,onxonnxruntime1,,10,10.0,5,,10,1,0.0004349770024418831,0.0005315667949616909,0.0004370901733636856,0.00044755032286047935,0.00044922567903995516,0.0004349770024418831,0.0005039998996045669,10,0.0004381113685667515,ERROR: Dim (10 )-(1  10) - discrepencies between 'skl' and 'onxpython_compiled' for '(0  'predict')'.,1,28.0,12.0,6749.0
predict,skl,1.0,100,10.0,5,,10,1,0.0005656997673213482,0.006377581041306257,0.0005723270587623119,0.0006409282796084881,0.0011837270110845565,0.0005656997673213482,0.004579063178190325,10,0.0005813816096633673,ERROR: Dim (100 )-(1  100) - discrepencies between 'skl' and 'onxpython_compiled' for '(0  'predict')'.,1,,,
predict,onxpython_compiled,,100,10.0,5,,10,1,0.008761357050389051,0.009226326365023851,0.008771795779466629,0.008951928000897169,0.008871960733085871,0.008761357050389051,0.009155557429504232,10,0.008801837451756,ERROR: Dim (100 )-(1  100) - discrepencies between 'skl' and 'onxpython_compiled' for '(0  'predict')'.,1,28.0,12.0,6749.0
predict,onxonnxruntime1,,100,10.0,5,,10,1,0.0009422078728675842,0.007492115255445242,0.0009570340625941753,0.000979146920144558,0.0016248069703578949,0.0009422078728675842,0.005458623587670143,10,0.000964542618021369,ERROR: Dim (100 )-(1  100) - discrepencies between 'skl' and 'onxpython_compiled' for '(0  'predict')'.,1,28.0,12.0,6749.0
predict,skl,1.0,1000,10.0,5,,10,1,0.001751679927110672,0.001971933990716934,0.0017622029408812523,0.0018120002932846546,0.0018038588110357522,0.001751679927110672,0.001938539141177832,10,0.001770972041413188,ERROR: Dim (1000 )-(1  1000) - discrepencies between 'skl' and 'onxpython_compiled' for '(0  'predict')'.,1,,,
predict,onxpython_compiled,,1000,10.0,5,,10,1,0.007862058002501726,0.008017086889594793,0.007887995336204767,0.008016224019229412,0.007936953101307154,0.007862058002501726,0.008017086889594793,10,0.007916913833469152,ERROR: Dim (1000 )-(1  1000) - discrepencies between 'skl' and 'onxpython_compiled' for '(0  'predict')'.,1,28.0,12.0,6749.0
predict,onxonnxruntime1,,1000,10.0,5,,10,1,0.005018369760364294,0.00533366110175848,0.005050131119787693,0.005180735141038895,0.0051116558723151686,0.005018369760364294,0.005309027888346081,10,0.005062768468633294,ERROR: Dim (1000 )-(1  1000) - discrepencies between 'skl' and 'onxpython_compiled' for '(0  'predict')'.,1,28.0,12.0,6749.0
predict,skl,1.0,1,10.0,5,{<class 'sklearn.gaussian_process._gpr.GaussianProcessRegressor'>: {'optim': 'cdist'}},10,1,0.00010502571240067482,0.0001822938211262226,0.00010836590081453323,0.00011884886771440506,0.00011939313262701034,0.00010502571240067482,0.00016232743947142576,10,0.000112093985080719,ERROR: Dim (1 )-(1  1) - discrepencies between 'skl' and 'onxpython_compiled' for '(0  'predict')'.,1,,,
predict,onxpython_compiled,,1,10.0,5,{<class 'sklearn.gaussian_process._gpr.GaussianProcessRegressor'>: {'optim': 'cdist'}},10,1,0.00023129023611545563,0.00028672488406300545,0.00023229746147990227,0.000240241177380085,0.00024041286669671536,0.00023129023611545563,0.0002719654826863736,10,0.0002329065464437008,ERROR: Dim (1 )-(1  1) - discrepencies between 'skl' and 'onxpython_compiled' for '(0  'predict')'.,1,27.0,12.0,6446.0
predict,onxonnxruntime1,,1,10.0,5,{<class 'sklearn.gaussian_process._gpr.GaussianProcessRegressor'>: {'optim': 'cdist'}},10,1,5.145464092493057e-05,0.00011762790381908417,5.224999040365219e-05,5.537690594792366e-05,6.0110120102763176e-05,5.145464092493057e-05,9.804515589753779e-05,10,5.2707502618432045e-05,ERROR: Dim (1 )-(1  1) - discrepencies between 'skl' and 'onxpython_compiled' for '(0  'predict')'.,1,27.0,12.0,6446.0
predict,skl,1.0,10,10.0,5,{<class 'sklearn.gaussian_process._gpr.GaussianProcessRegressor'>: {'optim': 'cdist'}},10,1,0.0001274365931749344,0.00020916713401675224,0.0001311078667640686,0.00013653002679347992,0.00014000455848872662,0.0001274365931749344,0.00018586698381164256,10,0.00013200147077441216,ERROR: Dim (10 )-(1  10) - discrepencies between 'skl' and 'onxpython_compiled' for '(0  'predict')'.,1,,,
predict,onxpython_compiled,,10,10.0,5,{<class 'sklearn.gaussian_process._gpr.GaussianProcessRegressor'>: {'optim': 'cdist'}},10,1,0.0002523539587855339,0.0003270399756729603,0.000253467820584774,0.0002641458995640278,0.00026411693543195727,0.0002523539587855339,0.0003062307915242485,10,0.0002554620150476694,ERROR: Dim (10 )-(1  10) - discrepencies between 'skl' and 'onxpython_compiled' for '(0  'predict')'.,1,27.0,12.0,6446.0
predict,onxonnxruntime1,,10,10.0,5,{<class 'sklearn.gaussian_process._gpr.GaussianProcessRegressor'>: {'optim': 'cdist'}},10,1,5.8679841458797455e-05,0.00016207387670874596,5.9410929679870605e-05,6.28526322543621e-05,7.076216861605644e-05,5.8679841458797455e-05,0.0001305886923947068,10,5.958625115454197e-05,ERROR: Dim (10 )-(1  10) - discrepencies between 'skl' and 'onxpython_compiled' for '(0  'predict')'.,1,27.0,12.0,6446.0
predict,skl,1.0,100,10.0,5,{<class 'sklearn.gaussian_process._gpr.GaussianProcessRegressor'>: {'optim': 'cdist'}},10,1,0.0002805618569254875,0.0003698458895087242,0.0002833721227943897,0.0002940217964351177,0.0002950750757008791,0.0002805618569254875,0.00034509101986112415,10,0.0002854098565876484,ERROR: Dim (100 )-(1  100) - discrepencies between 'skl' and 'onxpython_compiled' for '(0  'predict')'.,1,,,
predict,onxpython_compiled,,100,10.0,5,{<class 'sklearn.gaussian_process._gpr.GaussianProcessRegressor'>: {'optim': 'cdist'}},10,1,0.0004114140756428242,0.0004801638424396515,0.0004159579984843731,0.00041942717507481575,0.0004228564910590649,0.0004114140756428242,0.00046093121757772443,10,0.0004173833876848221,ERROR: Dim (100 )-(1  100) - discrepencies between 'skl' and 'onxpython_compiled' for '(0  'predict')'.,1,27.0,12.0,6446.0
predict,onxonnxruntime1,,100,10.0,5,{<class 'sklearn.gaussian_process._gpr.GaussianProcessRegressor'>: {'optim': 'cdist'}},10,1,0.0001446520909667015,0.0002328893169760704,0.0001453799195587635,0.00014945073053240776,0.00015567648224532605,0.0001446520909667015,0.00020639827509710503,10,0.00014638295397162437,ERROR: Dim (100 )-(1  100) - discrepencies between 'skl' and 'onxpython_compiled' for '(0  'predict')'.,1,27.0,12.0,6446.0
predict,skl,1.0,1000,10.0,5,{<class 'sklearn.gaussian_process._gpr.GaussianProcessRegressor'>: {'optim': 'cdist'}},10,1,0.0017588892951607704,0.0018896972760558128,0.0017674397677183151,0.001818347256630659,0.001798850577324629,0.0017588892951607704,0.0018760677291595682,10,0.0017919358797371387,ERROR: Dim (1000 )-(1  1000) - discrepencies between 'skl' and 'onxpython_compiled' for '(0  'predict')'.,1,,,
predict,onxpython_compiled,,1000,10.0,5,{<class 'sklearn.gaussian_process._gpr.GaussianProcessRegressor'>: {'optim': 'cdist'}},10,1,0.0018936190754175186,0.0019969618879258633,0.0019254311919212341,0.0019655288197100163,0.0019406560342758894,0.0018936190754175186,0.0019969618879258633,10,0.0019428241066634655,ERROR: Dim (1000 )-(1  1000) - discrepencies between 'skl' and 'onxpython_compiled' for '(0  'predict')'.,1,27.0,12.0,6446.0
predict,onxonnxruntime1,,1000,10.0,5,{<class 'sklearn.gaussian_process._gpr.GaussianProcessRegressor'>: {'optim': 'cdist'}},10,1,0.0010029058903455734,0.0011910866014659405,0.0011656400747597218,0.0011706170625984669,0.001153793092817068,0.0010539281239085668,0.0011910866014659405,10,0.0011675506830215454,ERROR: Dim (1000 )-(1  1000) - discrepencies between 'skl' and 'onxpython_compiled' for '(0  'predict')'.,1,27.0,12.0,6446.0
predict,skl,1.0,1,10.0,10,,10,1,0.0001077679917216301,0.00019571511074900627,0.00011101458221673965,0.00011795293539762497,0.0001224938780069351,0.0001077679917216301,0.00017243049905856203,10,0.00011295243166387081,,0,,,
predict,onxpython_compiled,,1,10.0,10,,10,1,0.0036936141550540924,0.0038227280601859093,0.0036981808952987194,0.003749544732272625,0.003727056225761771,0.0036936141550540924,0.0038051709502564357,10,0.003704110626131296,,0,28.0,12.0,10749.0
predict,onxonnxruntime1,,1,10.0,10,,10,1,0.00042160600423812866,0.0005335016176104546,0.00042427796870470047,0.00043065380305051804,0.000436829961836338,0.00042160600423812866,0.0005004771060463857,10,0.0004255063831806183,,0,28.0,12.0,10749.0
predict,skl,1.0,10,10.0,10,,10,1,0.00012996094301342964,0.00023056892678141594,0.00013349810615181923,0.00014014774933457375,0.0001456090249121189,0.00012996094301342964,0.00020183639332322956,10,0.00013550184667110443,,0,,,
predict,onxpython_compiled,,10,10.0,10,,10,1,0.0036761979572474957,0.0039939237758517265,0.0037872768007218838,0.00387386791408062,0.0038301714695990084,0.0036761979572474957,0.0039939237758517265,10,0.003853247035294771,,0,28.0,12.0,10749.0
predict,onxonnxruntime1,,10,10.0,10,,10,1,0.0004670307971537113,0.000588288065046072,0.0004703570157289505,0.0004809829406440258,0.00048672412522137164,0.0004670307971537113,0.0005552194950060622,10,0.00047180172987282276,,0,28.0,12.0,10749.0
predict,skl,1.0,100,10.0,10,,10,1,0.00031064311042428017,0.00044454867020249367,0.0003135036677122116,0.0003239437937736511,0.0003295647446066141,0.00031064311042428017,0.000405514967090977,10,0.00031469459645450115,,0,,,
predict,onxpython_compiled,,100,10.0,10,,10,1,0.004513639956712723,0.0046534757129848,0.004520051181316376,0.004568388219922781,0.00454828729853034,0.004513639956712723,0.004632864100878283,10,0.004522537579759955,,0,28.0,12.0,10749.0
predict,onxonnxruntime1,,100,10.0,10,,10,1,0.0010495902970433235,0.001165964175015688,0.0010540508665144444,0.0010603740811347961,0.0010677166748791933,0.0010495902970433235,0.0011325268027001416,10,0.0010570911690592766,,0,28.0,12.0,10749.0
predict,skl,1.0,1000,10.0,10,,10,1,0.0020694131962955,0.002244737930595875,0.002115095965564251,0.002216982189565897,0.0021576530765742064,0.0020694131962955,0.002244737930595875,10,0.002150682033970952,,0,,,
predict,onxpython_compiled,,1000,10.0,10,,10,1,0.00880848290398717,0.008963782340288162,0.008821162860840559,0.008926721755415201,0.008875581854954361,0.00880848290398717,0.008963782340288162,10,0.008861792972311378,,0,28.0,12.0,10749.0
predict,onxonnxruntime1,,1000,10.0,10,,10,1,0.006600931752473116,0.01341764209792018,0.006676302757114172,0.008747739251703024,0.008329028449952602,0.006600931752473116,0.013397233431295667,10,0.006815875880420208,,0,28.0,12.0,10749.0
predict,skl,1.0,1,10.0,10,{<class 'sklearn.gaussian_process._gpr.GaussianProcessRegressor'>: {'optim': 'cdist'}},10,1,0.0001093810424208641,0.011822231113910675,0.0001143207773566246,0.000123495701700449,0.0012952277902513742,0.0001093810424208641,0.008173064304471865,10,0.00011729705147445202,,0,,,
predict,onxpython_compiled,,1,10.0,10,{<class 'sklearn.gaussian_process._gpr.GaussianProcessRegressor'>: {'optim': 'cdist'}},10,1,0.00023374706506729126,0.000295927282422781,0.00023609399795532227,0.00024283770471811295,0.00024417610839009283,0.00023374706506729126,0.00027899834208563806,10,0.0002383035607635975,,0,27.0,12.0,10446.0
predict,onxonnxruntime1,,1,10.0,10,{<class 'sklearn.gaussian_process._gpr.GaussianProcessRegressor'>: {'optim': 'cdist'}},10,1,5.302019417285919e-05,0.0001268652267754078,5.3795985877513885e-05,5.845818668603897e-05,6.242194212973118e-05,5.302019417285919e-05,0.00010488713603655362,10,5.409051664173603e-05,,0,27.0,12.0,10446.0
predict,skl,1.0,10,10.0,10,{<class 'sklearn.gaussian_process._gpr.GaussianProcessRegressor'>: {'optim': 'cdist'}},10,1,0.00012974301353096962,0.0002413368783891201,0.00013278238475322723,0.00013840477913618088,0.0001458544749766588,0.00012974301353096962,0.00020874072886236227,10,0.0001348045188933611,,0,,,
predict,onxpython_compiled,,10,10.0,10,{<class 'sklearn.gaussian_process._gpr.GaussianProcessRegressor'>: {'optim': 'cdist'}},10,1,0.0002572569064795971,0.0003334609791636467,0.00026003317907452583,0.0002669822424650192,0.0002692377660423517,0.0002572569064795971,0.00031202437379752185,10,0.00026105972938239574,,0,27.0,12.0,10446.0
predict,onxonnxruntime1,,10,10.0,10,{<class 'sklearn.gaussian_process._gpr.GaussianProcessRegressor'>: {'optim': 'cdist'}},10,1,6.032409146428108e-05,0.000165433157235384,6.138673052191734e-05,6.819609552621841e-05,7.351264357566834e-05,6.032409146428108e-05,0.00013382174846266994,10,6.237486377358437e-05,,0,27.0,12.0,10446.0
predict,skl,1.0,100,10.0,10,{<class 'sklearn.gaussian_process._gpr.GaussianProcessRegressor'>: {'optim': 'cdist'}},10,1,0.0006191898137331009,0.0014902888797223568,0.000624507199972868,0.0006369929760694504,0.0007172747049480676,0.0006191898137331009,0.0012228310629706072,10,0.0006300695240497589,,0,,,
predict,onxpython_compiled,,100,10.0,10,{<class 'sklearn.gaussian_process._gpr.GaussianProcessRegressor'>: {'optim': 'cdist'}},10,1,0.000910439994186163,0.0011601443402469158,0.0009172260761260986,0.0009293081238865852,0.0009457423817366362,0.000910439994186163,0.001087016561357365,10,0.0009205162059515715,,0,27.0,12.0,10446.0
predict,onxonnxruntime1,,100,10.0,10,{<class 'sklearn.gaussian_process._gpr.GaussianProcessRegressor'>: {'optim': 'cdist'}},10,1,0.00023142388090491295,0.0006164270453155041,0.00023455871269106865,0.00024953391402959824,0.0002805476076900959,0.00023142388090491295,0.0005021526513999203,10,0.00023816595785319805,,0,27.0,12.0,10446.0
predict,skl,1.0,1000,10.0,10,{<class 'sklearn.gaussian_process._gpr.GaussianProcessRegressor'>: {'optim': 'cdist'}},10,1,0.0041656410321593285,0.00737112108618021,0.004269999917596579,0.004499327857047319,0.0046518970746546985,0.0041656410321593285,0.0064430971049382535,10,0.004348858958110213,,0,,,
predict,onxpython_compiled,,1000,10.0,10,{<class 'sklearn.gaussian_process._gpr.GaussianProcessRegressor'>: {'optim': 'cdist'}},10,1,0.004510275088250637,0.004884620662778616,0.004537716042250395,0.004666074179112911,0.004622610379010439,0.004510275088250637,0.004884620662778616,10,0.004554727580398321,,0,27.0,12.0,10446.0
predict,onxonnxruntime1,,1000,10.0,10,{<class 'sklearn.gaussian_process._gpr.GaussianProcessRegressor'>: {'optim': 'cdist'}},10,1,0.0012258007191121578,0.0021501723676919937,0.00123286759480834,0.0012439708225429058,0.0013613595627248287,0.0012258007191121578,0.0019174155222127852,10,0.001235967967659235,,0,27.0,12.0,10446.0
predict,skl,1.0,1,10.0,20,,10,1,0.0001097419299185276,0.00019520241767168045,0.0001118476502597332,0.00012812204658985138,0.00012402525171637536,0.0001097419299185276,0.00017265306885633244,10,0.00011296849697828293,,0,,,
predict,onxpython_compiled,,1,10.0,20,,10,1,0.003666984848678112,0.012730470858514309,0.003713965881615877,0.010687744244933128,0.006556116184219718,0.003666984848678112,0.012730470858514309,10,0.0037375064566731453,,0,28.0,12.0,18750.0
predict,onxonnxruntime1,,1,10.0,20,,10,1,0.0004364089109003544,0.0005519487895071507,0.00044084759429097176,0.0004507731646299362,0.00045390250161290167,0.0004364089109003544,0.000518719405491449,10,0.00044287252239882946,,0,28.0,12.0,18750.0
predict,skl,1.0,10,10.0,20,,10,1,0.00013620499521493912,0.00021705497056245804,0.0001399400644004345,0.00015155039727687836,0.00015011089853942395,0.00013620499521493912,0.0001951135759665393,10,0.00014147674664855003,,0,,,
predict,onxpython_compiled,,10,10.0,20,,10,1,0.0038335402496159077,0.00394611107185483,0.00385018577799201,0.0038728956133127213,0.0038643369916826487,0.0038335402496159077,0.003926517417045737,10,0.003856692695990205,,0,28.0,12.0,18750.0
predict,onxonnxruntime1,,10,10.0,20,,10,1,0.0005499119870364666,0.0006720810197293758,0.0005582249723374844,0.0005698236636817455,0.000573045015335083,0.0005499119870364666,0.0006403232726892718,10,0.0005609393119812012,,0,28.0,12.0,18750.0
predict,skl,1.0,100,10.0,20,,10,1,0.0006806640885770321,0.006471853703260422,0.0006848271004855633,0.0007014349102973938,0.0012711166869848966,0.0006806640885770321,0.004669017050034755,10,0.0006920457817614079,,0,,,
predict,onxpython_compiled,,100,10.0,20,,10,1,0.004646544344723225,0.009697600733488798,0.004675806034356356,0.009501166176050901,0.007100698864087462,0.004646544344723225,0.009697600733488798,10,0.007034934824332595,,0,28.0,12.0,18750.0
predict,onxonnxruntime1,,100,10.0,20,,10,1,0.0014864797703921795,0.0016085309907793999,0.0014988072216510773,0.0015269317664206028,0.001517523219808936,0.0014864797703921795,0.0015848496744608083,10,0.001508908113464713,,0,28.0,12.0,18750.0
predict,skl,1.0,1000,10.0,20,,10,1,0.0023343339562416077,0.0026793857105076313,0.002385062165558338,0.002487734891474247,0.002458995021879673,0.0023343339562416077,0.0026467895313406677,10,0.002460224088281393,,0,,,
predict,onxpython_compiled,,1000,10.0,20,,10,1,0.01025264710187912,0.021067029796540737,0.01034070597961545,0.020665965043008327,0.013532670075073838,0.01025264710187912,0.021067029796540737,10,0.010376495542004704,,0,28.0,12.0,18750.0
predict,onxonnxruntime1,,1000,10.0,20,,10,1,0.01040453091263771,0.027561786118894815,0.015921648126095533,0.01609446294605732,0.01674360129982233,0.01040453091263771,0.025019147025875918,10,0.01593731646426022,,0,28.0,12.0,18750.0
predict,skl,1.0,1,10.0,20,{<class 'sklearn.gaussian_process._gpr.GaussianProcessRegressor'>: {'optim': 'cdist'}},10,1,0.00010982900857925415,0.0001535927876830101,0.00011184485629200935,0.00012015411630272865,0.00011874171905219555,0.00010982900857925415,0.00014310282885942395,10,0.00011414731852710247,,0,,,
predict,onxpython_compiled,,1,10.0,20,{<class 'sklearn.gaussian_process._gpr.GaussianProcessRegressor'>: {'optim': 'cdist'}},10,1,0.00023496104404330254,0.00028608180582523346,0.00023949798196554184,0.0002454211935400963,0.0002458502072840929,0.00023496104404330254,0.0002737239435731359,10,0.00024113408289849758,,0,27.0,12.0,18447.0
predict,onxonnxruntime1,,1,10.0,20,{<class 'sklearn.gaussian_process._gpr.GaussianProcessRegressor'>: {'optim': 'cdist'}},10,1,5.2986666560173035e-05,0.00011751987040042877,5.355337634682655e-05,5.6900084018707275e-05,6.16670586168766e-05,5.2986666560173035e-05,9.846782673586648e-05,10,5.5304961279034615e-05,,0,27.0,12.0,18447.0
predict,skl,1.0,10,10.0,20,{<class 'sklearn.gaussian_process._gpr.GaussianProcessRegressor'>: {'optim': 'cdist'}},10,1,0.00013542408123612404,0.0001607281155884266,0.0001392490230500698,0.00014665722846984863,0.0001427991781383753,0.00013542408123612404,0.00015747384052823,10,0.00013981550000607967,,0,,,
predict,onxpython_compiled,,10,10.0,20,{<class 'sklearn.gaussian_process._gpr.GaussianProcessRegressor'>: {'optim': 'cdist'}},10,1,0.00026488397270441055,0.00030343467369675636,0.00026608770713210106,0.0002752188593149185,0.00027259751223027704,0.00026488397270441055,0.0002945340214139862,10,0.00026777805760502815,,0,27.0,12.0,18447.0
predict,onxonnxruntime1,,10,10.0,20,{<class 'sklearn.gaussian_process._gpr.GaussianProcessRegressor'>: {'optim': 'cdist'}},10,1,6.013503298163414e-05,9.917467832565308e-05,6.047310307621956e-05,6.445124745368958e-05,6.577279418706894e-05,6.013503298163414e-05,8.807110913490836e-05,10,6.132200360298157e-05,,0,27.0,12.0,18447.0
predict,skl,1.0,100,10.0,20,{<class 'sklearn.gaussian_process._gpr.GaussianProcessRegressor'>: {'optim': 'cdist'}},10,1,0.0003405660390853882,0.0003810850903391838,0.0003414037637412548,0.0003470717929303646,0.00034718187525868417,0.0003405660390853882,0.0003702398423846721,10,0.0003420719876885414,,0,,,
predict,onxpython_compiled,,100,10.0,20,{<class 'sklearn.gaussian_process._gpr.GaussianProcessRegressor'>: {'optim': 'cdist'}},10,1,0.0004794672131538391,0.0040558138862252235,0.0004826318472623825,0.0005168518982827663,0.0011948541738092898,0.0004794672131538391,0.00396749037310897,10,0.00048546516336500645,,0,27.0,12.0,18447.0
predict,onxonnxruntime1,,100,10.0,20,{<class 'sklearn.gaussian_process._gpr.GaussianProcessRegressor'>: {'optim': 'cdist'}},10,1,0.0002453071065247059,0.00036505982279777527,0.00031770020723342896,0.0003214930184185505,0.00031799925491213796,0.00026287791309103264,0.00036505982279777527,10,0.0003183577209711075,,0,27.0,12.0,18447.0
predict,skl,1.0,1000,10.0,20,{<class 'sklearn.gaussian_process._gpr.GaussianProcessRegressor'>: {'optim': 'cdist'}},10,1,0.0023315870203077793,0.009674352128058672,0.00400018785148859,0.00796951912343502,0.005354733951389789,0.0023315870203077793,0.009674352128058672,10,0.004782985197380185,,0,,,
predict,onxpython_compiled,,1000,10.0,20,{<class 'sklearn.gaussian_process._gpr.GaussianProcessRegressor'>: {'optim': 'cdist'}},10,1,0.002532421611249447,0.008042024914175272,0.003991884179413319,0.00798528641462326,0.005024701915681362,0.002532421611249447,0.008042024914175272,10,0.0040018875151872635,,0,27.0,12.0,18447.0
predict,onxonnxruntime1,,1000,10.0,20,{<class 'sklearn.gaussian_process._gpr.GaussianProcessRegressor'>: {'optim': 'cdist'}},10,1,0.001379597932100296,0.012937095016241074,0.005658408161252737,0.009506640024483204,0.006700085522606969,0.001379597932100296,0.012937095016241074,10,0.006492424989119172,,0,27.0,12.0,18447.0
