_model,_tested,input_size,nb_estimators,nb_onnx_nodes,onnxrt_std,onnxrt_time,onnxruntime,original_std,original_time,numpy-version,onnx-version,onnxruntime-version,stderr,ratio,ratio_nodes,CPU,CPUI
CustomTransformerMul,True,120.0,1,1,1.0362333984584127e-06,1.5583522152155633e-05,True,8.261264480335002e-07,7.940167095512152e-06,1.16.2,1.4.1,0.3.1,,1.9626189178013103,1.0,,Intel(R) Xeon(R) CPU E3-1220 V2 @ 3.10GHz
CustomTransformerTSNEkNN-OneOffArray,True,368.0,5,11,0.002131398276857479,0.0014273727354593574,True,1.1804255671986279e-05,0.0003890796066261828,1.16.2,1.4.1,0.3.1,,3.6685878960259632,2.2,,Intel(R) Xeon(R) CPU E3-1220 V2 @ 3.10GHz
CustomTransformerTSNEkNNCustomParser-OneOffArray,True,368.0,5,11,0.002079839294650309,0.002956885315012187,True,1.0337071623710988e-05,0.000388965399004519,1.16.2,1.4.1,0.3.1,,7.601923776715764,2.2,,Intel(R) Xeon(R) CPU E3-1220 V2 @ 3.10GHz
SklearnAdaBoostClassifierSAMME,True,128.0,17,47,0.00021537020211155695,0.0032854739967733623,True,7.4344649798840075e-06,0.0014257386676035822,1.16.2,1.4.1,0.3.1,,2.304401270322331,2.764705882352941,,Intel(R) Xeon(R) CPU E3-1220 V2 @ 3.10GHz
SklearnAdaBoostClassifierSAMMER,True,368.0,12,97,0.004993438754015193,0.032140532581601294,True,1.2502722767878913e-05,0.0012297825291752815,1.16.2,1.4.1,0.3.1,,26.13513513088808,8.083333333333334,,Intel(R) Xeon(R) CPU E3-1220 V2 @ 3.10GHz
SklearnAdaBoostRegressor-OneOffArray,True,128.0,7,22,1.8866440857859176e-06,4.469495173543692e-05,True,6.885858205451518e-06,0.0004975435966625808,1.16.2,1.4.1,0.3.1,,0.08983122692210568,3.142857142857143,,Intel(R) Xeon(R) CPU E3-1220 V2 @ 3.10GHz
SklearnBinBernoulliNB,True,368.0,1,22,0.0002878579534716448,0.002196070862468332,True,5.343301491325508e-06,0.00021600705245509744,1.16.2,1.4.1,0.3.1,,10.166662789516288,22.0,,Intel(R) Xeon(R) CPU E3-1220 V2 @ 3.10GHz
SklearnBinDecisionTreeClassifier,True,120.0,1,3,1.6291149865472764e-06,2.2957651875913143e-05,True,3.0958859956327823e-06,8.458386734127999e-05,1.16.2,1.4.1,0.3.1,,0.27141880121516954,3.0,,Intel(R) Xeon(R) CPU E3-1220 V2 @ 3.10GHz
SklearnBinExtraTreesClassifier,True,120.0,6,3,1.6387894020885911e-06,2.2479210514575243e-05,True,1.1813561744792316e-05,0.0004289808925241232,1.16.2,1.4.1,0.3.1,,0.052401426045592815,0.5,,Intel(R) Xeon(R) CPU E3-1220 V2 @ 3.10GHz
SklearnBinGradientBoostingClassifier,True,,2,3,,,,,,1.16.2,1.4.1,0.3.1,,,1.5,,Intel(R) Xeon(R) CPU E3-1220 V2 @ 3.10GHz
SklearnBinMultinomialNB,True,128.0,1,13,2.5372302083981804e-06,9.321748884394765e-05,True,4.327074912899114e-06,0.00012531701195985081,1.16.2,1.4.1,0.3.1,,0.7438534272889682,13.0,,Intel(R) Xeon(R) CPU E3-1220 V2 @ 3.10GHz
SklearnBinNuSVCPF,True,,1,1,,,,,,1.16.2,1.4.1,0.3.1,Model '/var/lib/jenkins/workspace/_benchmarks/_benchmarks_ORT_UNIT_37_std/onnx/onnxruntime-skl2onnx/SklearnBinNuSVCPF.model.onnx' has discrepencies.,,1.0,,Intel(R) Xeon(R) CPU E3-1220 V2 @ 3.10GHz
SklearnBinNuSVCPT,True,124.0,1,1,1.2592051215966028e-06,2.147924341261387e-05,True,4.188214203394825e-06,7.155025191605092e-05,1.16.2,1.4.1,0.3.1,,0.3001980124097287,1.0,,Intel(R) Xeon(R) CPU E3-1220 V2 @ 3.10GHz
SklearnBinRandomForestClassifier,True,120.0,6,3,1.5593208106374888e-06,2.24204882979393e-05,True,1.1660098746947099e-05,0.00042982475366443396,1.16.2,1.4.1,0.3.1,,0.05216192903455503,0.5,,Intel(R) Xeon(R) CPU E3-1220 V2 @ 3.10GHz
SklearnBinRandomForestClassifier_mismatched_estimator_counts,True,120.0,6,3,1.5969151643731338e-06,2.242394350469113e-05,True,1.2496422165724008e-05,0.0004346012896858156,1.16.2,1.4.1,0.3.1,,0.05159658757778186,0.5,,Intel(R) Xeon(R) CPU E3-1220 V2 @ 3.10GHz
SklearnBinSVCLinearPF,True,,1,1,,,,,,1.16.2,1.4.1,0.3.1,Model '/var/lib/jenkins/workspace/_benchmarks/_benchmarks_ORT_UNIT_37_std/onnx/onnxruntime-skl2onnx/SklearnBinSVCLinearPF.model.onnx' has discrepencies.,,1.0,,Intel(R) Xeon(R) CPU E3-1220 V2 @ 3.10GHz
SklearnBinVotingClassifierHard-OneOffArray,True,120.0,8,11,1.66117049197015e-06,2.9470139648765327e-05,True,6.761449186574303e-06,0.0002799085103906691,1.16.2,1.4.1,0.3.1,,0.10528490043991078,1.375,,Intel(R) Xeon(R) CPU E3-1220 V2 @ 3.10GHz
SklearnBinVotingClassifierSoft-OneOffArray,True,120.0,8,11,1.7806650786274078e-06,2.961781620979309e-05,True,4.752817099878875e-06,0.0001888370728120208,1.16.2,1.4.1,0.3.1,,0.1568432287619516,1.375,,Intel(R) Xeon(R) CPU E3-1220 V2 @ 3.10GHz
SklearnBinVotingClassifierWeightedSoft-OneOffArray,True,120.0,8,12,2.1551807786314653e-06,3.1861914787441495e-05,True,6.969776097488274e-06,0.00023039536038413637,1.16.2,1.4.1,0.3.1,,0.13829234553299327,1.5,,Intel(R) Xeon(R) CPU E3-1220 V2 @ 3.10GHz
SklearnBinVotingClassifierWeightsHard-OneOffArray,True,120.0,8,12,1.7164671233145104e-06,3.1626792624592776e-05,True,6.713377953766533e-06,0.00028510591760277747,1.16.2,1.4.1,0.3.1,,0.1109299760963105,1.5,,Intel(R) Xeon(R) CPU E3-1220 V2 @ 3.10GHz
SklearnBinarizer-SkipDim1,True,120.0,1,1,1.194194924770701e-06,1.4392903074622157e-05,True,3.8616845224751035e-06,6.0795231256634e-05,1.16.2,1.4.1,0.3.1,,0.23674394812095723,1.0,,Intel(R) Xeon(R) CPU E3-1220 V2 @ 3.10GHz
SklearnCalibratedClassifierCVBinary,True,128.0,2,32,2.508329752301564e-06,0.0001311710816808045,True,6.2143109883448224e-06,0.0003592049381695688,1.16.2,1.4.1,0.3.1,,0.3651705968999874,16.0,,Intel(R) Xeon(R) CPU E3-1220 V2 @ 3.10GHz
SklearnCalibratedClassifierCVFloat,True,128.0,2,64,0.0020369318006162227,0.002890996269416064,True,8.19266420652089e-06,0.0004356117430143058,1.16.2,1.4.1,0.3.1,,6.63663529686141,32.0,,Intel(R) Xeon(R) CPU E3-1220 V2 @ 3.10GHz
SklearnCalibratedClassifierCVInt,True,624.0,2,148,0.0006624110425473693,0.011575262787751851,True,8.740161197768229e-06,0.0006720411884598434,1.16.2,1.4.1,0.3.1,,17.224037732388943,74.0,,Intel(R) Xeon(R) CPU E3-1220 V2 @ 3.10GHz
SklearnCalibratedClassifierCVIsotonicBinary-OneOffArray,True,128.0,2,72,0.0055152976290664965,0.003437831959687173,True,1.771118910846275e-05,0.0016129053393378855,1.16.2,1.4.1,0.3.1,,2.131453021972411,36.0,,Intel(R) Xeon(R) CPU E3-1220 V2 @ 3.10GHz
SklearnCalibratedClassifierCVIsotonicFloat-OneOffArray,True,128.0,2,120,0.009992963648962952,0.007867216259706766,True,0.00016380290317286598,0.0020078806173987685,1.16.2,1.4.1,0.3.1,,3.918169333144334,60.0,,Intel(R) Xeon(R) CPU E3-1220 V2 @ 3.10GHz
SklearnCountVectorizer11-OneOff-SklCol,True,,1,4,,,,,,1.16.2,1.4.1,0.3.1,Unable to load onnx '/var/lib/jenkins/workspace/_benchmarks/_benchmarks_ORT_UNIT_37_std/onnx/onnxruntime-skl2onnx/SklearnCountVectorizer11-OneOff-SklCol.model.onnx',,4.0,,Intel(R) Xeon(R) CPU E3-1220 V2 @ 3.10GHz
SklearnCountVectorizer12-OneOff-SklCol,True,,1,4,,,,,,1.16.2,1.4.1,0.3.1,Unable to load onnx '/var/lib/jenkins/workspace/_benchmarks/_benchmarks_ORT_UNIT_37_std/onnx/onnxruntime-skl2onnx/SklearnCountVectorizer12-OneOff-SklCol.model.onnx',,4.0,,Intel(R) Xeon(R) CPU E3-1220 V2 @ 3.10GHz
SklearnCountVectorizer13-OneOff-SklCol,True,,1,4,,,,,,1.16.2,1.4.1,0.3.1,Unable to load onnx '/var/lib/jenkins/workspace/_benchmarks/_benchmarks_ORT_UNIT_37_std/onnx/onnxruntime-skl2onnx/SklearnCountVectorizer13-OneOff-SklCol.model.onnx',,4.0,,Intel(R) Xeon(R) CPU E3-1220 V2 @ 3.10GHz
SklearnCountVectorizer22-OneOff-SklCol,True,,1,4,,,,,,1.16.2,1.4.1,0.3.1,Unable to load onnx '/var/lib/jenkins/workspace/_benchmarks/_benchmarks_ORT_UNIT_37_std/onnx/onnxruntime-skl2onnx/SklearnCountVectorizer22-OneOff-SklCol.model.onnx',,4.0,,Intel(R) Xeon(R) CPU E3-1220 V2 @ 3.10GHz
SklearnDictVectorizer-OneOff-SkipDim1,True,80.0,1,1,7.778485434135384e-07,1.5389597974717622e-05,True,2.165883038591565e-06,8.379128575325012e-05,1.16.2,1.4.1,0.3.1,,0.18366585303437338,1.0,,Intel(R) Xeon(R) CPU E3-1220 V2 @ 3.10GHz
SklearnDocumentationTfIdf-OneOff-SklCol,True,,2,5,,,,,,1.16.2,1.4.1,0.3.1,Unable to load onnx '/var/lib/jenkins/workspace/_benchmarks/_benchmarks_ORT_UNIT_37_std/onnx/onnxruntime-skl2onnx/SklearnDocumentationTfIdf-OneOff-SklCol.model.onnx',,2.5,,Intel(R) Xeon(R) CPU E3-1220 V2 @ 3.10GHz
SklearnDocumentationTfIdfUnion1-OneOff-Dec2,True,,10,13,,,,,,1.16.2,1.4.1,0.3.1,Unable to load onnx '/var/lib/jenkins/workspace/_benchmarks/_benchmarks_ORT_UNIT_37_std/onnx/onnxruntime-skl2onnx/SklearnDocumentationTfIdfUnion1-OneOff-Dec2.model.onnx',,1.3,,Intel(R) Xeon(R) CPU E3-1220 V2 @ 3.10GHz
SklearnElasticNet-Dec4,True,128.0,1,1,1.486327067623198e-06,2.2494406439363958e-05,True,3.2289336989278693e-06,6.103318510577082e-05,1.16.2,1.4.1,0.3.1,,0.36856025783974794,1.0,,Intel(R) Xeon(R) CPU E3-1220 V2 @ 3.10GHz
SklearnFunctionTransformer-DF,True,120.0,5,6,2.3838931431218207e-06,2.6820543222129345e-05,True,1.5055566150609225e-05,0.00239705355418846,1.16.2,1.4.1,0.3.1,,0.011188962872884014,1.2,,Intel(R) Xeon(R) CPU E3-1220 V2 @ 3.10GHz
SklearnGenericUnivariateSelect,True,144.0,1,2,1.1876547765186763e-06,1.6813567373901604e-05,True,6.4364814614250925e-06,0.0002742130355909467,1.16.2,1.4.1,0.3.1,,0.061315711478366765,2.0,,Intel(R) Xeon(R) CPU E3-1220 V2 @ 3.10GHz
SklearnGradientBoostingRegressionHuberLoss,True,128.0,2,1,2.18176774036725e-06,5.257883202284575e-05,True,3.4035304056930264e-06,0.00012645451212301852,1.16.2,1.4.1,0.3.1,,0.41579245485282157,0.5,,Intel(R) Xeon(R) CPU E3-1220 V2 @ 3.10GHz
SklearnGradientBoostingRegressionLadLoss,True,128.0,2,1,2.0788128557540373e-06,5.183876445516944e-05,True,3.050860910630312e-06,0.00012688821367919442,1.16.2,1.4.1,0.3.1,,0.4085388465333036,0.5,,Intel(R) Xeon(R) CPU E3-1220 V2 @ 3.10GHz
SklearnGradientBoostingRegressionLsLoss,True,128.0,2,1,2.004224487214585e-06,5.377551913261413e-05,True,3.6458670458432364e-06,0.00012334064906463027,1.16.2,1.4.1,0.3.1,,0.43599186108089844,0.5,,Intel(R) Xeon(R) CPU E3-1220 V2 @ 3.10GHz
SklearnGradientBoostingRegressionQuantileLoss,True,128.0,2,1,6.946531092987541e-07,4.915081150829792e-05,True,2.9116213136614395e-06,0.0001228913702070713,1.16.2,1.4.1,0.3.1,,0.3999533199563083,0.5,,Intel(R) Xeon(R) CPU E3-1220 V2 @ 3.10GHz
SklearnImputerMeanFloat32,True,120.0,1,1,5.420826237701859e-07,1.4898473396897314e-05,True,3.229513787275786e-06,6.209307769313455e-05,1.16.2,1.4.1,0.3.1,,0.23993775071878254,1.0,,Intel(R) Xeon(R) CPU E3-1220 V2 @ 3.10GHz
SklearnKBinsDiscretiserOneHotDenseKMeans,True,128.0,2,33,1.6609485647278997e-06,4.8540914431214336e-05,True,1.860912917148156e-05,0.0011884388108737768,1.16.2,1.4.1,0.3.1,,0.04084426895779814,16.5,,Intel(R) Xeon(R) CPU E3-1220 V2 @ 3.10GHz
SklearnKBinsDiscretiserOneHotDenseKMeansInt,True,144.0,2,33,1.6692445764853225e-06,4.8239490948617463e-05,True,2.263029497389256e-05,0.0011797740273177626,1.16.2,1.4.1,0.3.1,,0.04088875482221863,16.5,,Intel(R) Xeon(R) CPU E3-1220 V2 @ 3.10GHz
SklearnKBinsDiscretiserOneHotDenseQuantile,True,128.0,2,33,1.807821709329626e-06,4.8299299087375396e-05,True,2.9144972932189723e-05,0.0011819366617128251,1.16.2,1.4.1,0.3.1,,0.040864540928429775,16.5,,Intel(R) Xeon(R) CPU E3-1220 V2 @ 3.10GHz
SklearnKBinsDiscretiserOneHotDenseQuantileInt,True,144.0,2,33,1.2212461514928647e-05,4.998489795252681e-05,True,3.186976038853981e-05,0.0011697388212196526,1.16.2,1.4.1,0.3.1,,0.04273167398206808,16.5,,Intel(R) Xeon(R) CPU E3-1220 V2 @ 3.10GHz
SklearnKBinsDiscretiserOneHotDenseUniform,True,128.0,2,33,2.4154767528899516e-06,4.758735839277506e-05,True,2.337548112756113e-05,0.001184376505203545,1.16.2,1.4.1,0.3.1,,0.04017924889906253,16.5,,Intel(R) Xeon(R) CPU E3-1220 V2 @ 3.10GHz
SklearnKBinsDiscretiserOneHotDenseUniformInt,True,144.0,2,33,2.4942296805097155e-06,4.792480729520321e-05,True,0.0001122052911360482,0.0011713308612816035,1.16.2,1.4.1,0.3.1,,0.04091483361308061,16.5,,Intel(R) Xeon(R) CPU E3-1220 V2 @ 3.10GHz
SklearnKBinsDiscretiserOrdinalKMeans,True,128.0,1,29,5.084085556174846e-07,4.308606311678886e-05,True,2.574928061910511e-05,0.00015614374401047825,1.16.2,1.4.1,0.3.1,,0.27593845267279815,29.0,,Intel(R) Xeon(R) CPU E3-1220 V2 @ 3.10GHz
SklearnKBinsDiscretiserOrdinalKMeansInt,True,144.0,1,29,1.010393969872884e-06,4.4377421028912064e-05,True,3.371757612264179e-06,0.00014397683506831526,1.16.2,1.4.1,0.3.1,,0.3082261185131311,29.0,,Intel(R) Xeon(R) CPU E3-1220 V2 @ 3.10GHz
SklearnKBinsDiscretiserOrdinalQuantile,True,128.0,1,29,2.975149629214449e-06,4.551254492253065e-05,True,2.708772207548854e-05,0.00015791575983166694,1.16.2,1.4.1,0.3.1,,0.28820774424950074,29.0,,Intel(R) Xeon(R) CPU E3-1220 V2 @ 3.10GHz
SklearnKBinsDiscretiserOrdinalQuantileInt,True,144.0,1,29,1.7522247380866914e-06,4.483781242743135e-05,True,3.275632472974432e-06,0.00014396892301738262,1.16.2,1.4.1,0.3.1,,0.31144091021655895,29.0,,Intel(R) Xeon(R) CPU E3-1220 V2 @ 3.10GHz
SklearnKBinsDiscretiserOrdinalUniform,True,128.0,1,29,1.207618243786737e-06,4.497150052338839e-05,True,3.2007578494134963e-06,0.00015445019025355576,1.16.2,1.4.1,0.3.1,,0.29117154501111436,29.0,,Intel(R) Xeon(R) CPU E3-1220 V2 @ 3.10GHz
SklearnKBinsDiscretiserOrdinalUniformInt,True,144.0,1,29,1.0191646323759837e-06,4.4773903209716084e-05,True,3.220595540131656e-06,0.00014355574967339635,1.16.2,1.4.1,0.3.1,,0.3118920928738917,29.0,,Intel(R) Xeon(R) CPU E3-1220 V2 @ 3.10GHz
SklearnKMeans-Dec4,True,128.0,1,6,2.093015670684433e-06,2.835138933733105e-05,True,6.01720191698629e-06,0.00017829295760020614,1.16.2,1.4.1,0.3.1,,0.15901575541140875,6.0,,Intel(R) Xeon(R) CPU E3-1220 V2 @ 3.10GHz
SklearnKNeighborsClassifierBinary,True,124.0,1,25,0.00021389588536938482,0.0090439736219123,True,2.6648024040686654e-05,0.0004766983105801046,1.16.2,1.4.1,0.3.1,,18.972111755350024,25.0,,Intel(R) Xeon(R) CPU E3-1220 V2 @ 3.10GHz
SklearnKNeighborsClassifierMulti,True,124.0,1,28,0.00022088658913494824,0.012068485624622555,True,2.7575146896212763e-05,0.00047634338866919275,1.16.2,1.4.1,0.3.1,,25.33568411296621,28.0,,Intel(R) Xeon(R) CPU E3-1220 V2 @ 3.10GHz
SklearnKNeighborsRegressor-OneOffArray,True,128.0,1,9,0.00024657877158965335,0.006054252211470157,True,3.6477832768483285e-05,0.0003846709267236293,1.16.2,1.4.1,0.3.1,,15.738782920342445,9.0,,Intel(R) Xeon(R) CPU E3-1220 V2 @ 3.10GHz
SklearnKNeighborsRegressor2-OneOffArray,True,128.0,1,10,0.00015669328833180045,0.0059860692182555795,True,2.4854451082053464e-05,0.00038977993745356804,1.16.2,1.4.1,0.3.1,,15.357561134014654,10.0,,Intel(R) Xeon(R) CPU E3-1220 V2 @ 3.10GHz
SklearnKNeighborsRegressorMetricCityblock-OneOffArray,True,128.0,1,9,0.000325116351839169,0.006191825031302869,True,1.0976790281420495e-05,0.0003876741123385728,1.16.2,1.4.1,0.3.1,,15.971726855713483,9.0,,Intel(R) Xeon(R) CPU E3-1220 V2 @ 3.10GHz
SklearnKNeighborsRegressorWeightsDistance-OneOffArray,True,128.0,1,28,0.00027458534408859246,0.011940615034662188,True,2.021986606810747e-05,0.000459981004241854,1.16.2,1.4.1,0.3.1,,25.958930748331333,28.0,,Intel(R) Xeon(R) CPU E3-1220 V2 @ 3.10GHz
SklearnLabelEncoder,True,112.0,1,1,1.0902529593951516e-06,1.5759973321110012e-05,True,2.8210712140244517e-06,7.228171406313777e-05,1.16.2,1.4.1,0.3.1,,0.21803541221149988,1.0,,Intel(R) Xeon(R) CPU E3-1220 V2 @ 3.10GHz
SklearnLassoLars-Dec4,True,128.0,1,1,1.281859002253252e-06,2.1641934756189585e-05,True,3.344405540250763e-06,5.8682001195847984e-05,1.16.2,1.4.1,0.3.1,,0.3688002166790598,1.0,,Intel(R) Xeon(R) CPU E3-1220 V2 @ 3.10GHz
SklearnLinearRegression-Dec4,True,128.0,1,1,1.4917828113765246e-06,2.1816478576511146e-05,True,3.995711015767926e-06,5.860388884320854e-05,1.16.2,1.4.1,0.3.1,,0.3722701514720282,1.0,,Intel(R) Xeon(R) CPU E3-1220 V2 @ 3.10GHz
SklearnLinearRegressionNoIntercept-Dec4,True,128.0,1,1,1.44054149522111e-06,2.197931334376335e-05,True,3.4081333416323937e-06,5.7623938657343395e-05,1.16.2,1.4.1,0.3.1,,0.38142677949283815,1.0,,Intel(R) Xeon(R) CPU E3-1220 V2 @ 3.10GHz
SklearnLinearSVCBinary-NoProb,True,124.0,1,2,1.3787344132816529e-06,2.378964936360717e-05,True,2.819348826005878e-06,5.767479538917541e-05,1.16.2,1.4.1,0.3.1,,0.4124791289345794,2.0,,Intel(R) Xeon(R) CPU E3-1220 V2 @ 3.10GHz
SklearnLinearSVCMulti,True,124.0,1,1,1.3015975826996957e-06,2.3399597499519585e-05,True,2.614678823851862e-06,5.642322404310107e-05,1.16.2,1.4.1,0.3.1,,0.4147157114177824,1.0,,Intel(R) Xeon(R) CPU E3-1220 V2 @ 3.10GHz
SklearnLinearSvr-Dec4,True,128.0,1,1,1.0955171997866422e-06,2.115038456395269e-05,True,2.741357706071485e-06,5.5637947283685205e-05,1.16.2,1.4.1,0.3.1,,0.38014315043133606,1.0,,Intel(R) Xeon(R) CPU E3-1220 V2 @ 3.10GHz
SklearnLogitisticRegressionBinary,True,124.0,1,4,2.2101047138142675e-06,8.004166604951024e-05,True,3.5403399341032783e-06,7.958800625056029e-05,1.16.2,1.4.1,0.3.1,,1.005700102569748,4.0,,Intel(R) Xeon(R) CPU E3-1220 V2 @ 3.10GHz
SklearnLogitisticRegressionBinaryNoIntercept,True,124.0,1,4,2.2670472721270283e-06,8.05641901679337e-05,True,3.293754738516277e-06,7.819897821173072e-05,1.16.2,1.4.1,0.3.1,,1.030246072394948,4.0,,Intel(R) Xeon(R) CPU E3-1220 V2 @ 3.10GHz
SklearnLogitisticRegressionMulti,True,124.0,1,4,2.154542831797908e-06,0.00010148835927248,True,3.2388523623310847e-06,7.66355232335627e-05,1.16.2,1.4.1,0.3.1,,1.3242991629765886,4.0,,Intel(R) Xeon(R) CPU E3-1220 V2 @ 3.10GHz
SklearnMLPClassifierBinary,True,128.0,2,15,0.002306098867265778,0.001806972472462803,True,4.4419446144439287e-05,0.00023651566030457612,1.16.2,1.4.1,0.3.1,,7.639969675309663,7.5,,Intel(R) Xeon(R) CPU E3-1220 V2 @ 3.10GHz
SklearnMLPClassifierMultiClass,True,128.0,2,14,0.0015805563283187592,0.002471745977178216,True,2.0988275924485723e-05,0.0001172978752292693,1.16.2,1.4.1,0.3.1,,21.072384920417058,7.0,,Intel(R) Xeon(R) CPU E3-1220 V2 @ 3.10GHz
SklearnMLPClassifierMultiClassIdentityActivation,True,624.0,2,14,0.001095073677572985,0.004425275748129934,True,2.2748305450713985e-06,8.815405005589127e-05,1.16.2,1.4.1,0.3.1,,50.19934699907978,7.0,,Intel(R) Xeon(R) CPU E3-1220 V2 @ 3.10GHz
SklearnMLPClassifierMultiClassLogisticActivation,True,128.0,2,14,6.309343470861252e-06,6.19353880174458e-05,True,4.219707653885256e-06,0.0001096898657269776,1.16.2,1.4.1,0.3.1,,0.564640932021974,7.0,,Intel(R) Xeon(R) CPU E3-1220 V2 @ 3.10GHz
SklearnMLPClassifierMultiClassTanhActivation,True,128.0,2,14,1.968727150559944e-06,5.9194151777774095e-05,True,3.63552093669664e-06,0.00010853711701929571,1.16.2,1.4.1,0.3.1,,0.5453816482637047,7.0,,Intel(R) Xeon(R) CPU E3-1220 V2 @ 3.10GHz
SklearnMLPRegressor,True,152.0,1,8,0.001976597009644727,0.0035790985799394547,True,4.0271443323204735e-06,8.519988553598523e-05,1.16.2,1.4.1,0.3.1,,42.00825573207816,8.0,,Intel(R) Xeon(R) CPU E3-1220 V2 @ 3.10GHz
SklearnMLPRegressorIdentityActivation,True,192.0,1,8,0.0010604788211097532,0.001696178280748427,True,3.1231350147906413e-06,5.717782629653812e-05,1.16.2,1.4.1,0.3.1,,29.664966134802565,8.0,,Intel(R) Xeon(R) CPU E3-1220 V2 @ 3.10GHz
SklearnMLPRegressorLogisticActivation,True,152.0,1,8,0.001082400684295872,0.001652638972271234,True,2.498206811405494e-06,8.323778305202722e-05,1.16.2,1.4.1,0.3.1,,19.854432826956273,8.0,,Intel(R) Xeon(R) CPU E3-1220 V2 @ 3.10GHz
SklearnMLPRegressorTanhActivation-Dec4,True,152.0,1,8,0.0011339750330868884,0.0008807744868099689,True,2.6744280681184003e-06,8.399299858137965e-05,1.16.2,1.4.1,0.3.1,,10.486284591406733,8.0,,Intel(R) Xeon(R) CPU E3-1220 V2 @ 3.10GHz
SklearnMRgDecisionTreeRegressor,True,120.0,1,1,9.990327131382638e-07,1.662580156698823e-05,True,2.69340540454227e-06,6.38182507827878e-05,1.16.2,1.4.1,0.3.1,,0.2605179766455197,1.0,,Intel(R) Xeon(R) CPU E3-1220 V2 @ 3.10GHz
SklearnMRgExtraTreesRegressor,True,120.0,6,1,9.752954707297319e-07,1.6397071070969103e-05,True,1.0178800237508738e-05,0.00034287601243704563,1.16.2,1.4.1,0.3.1,,0.047822158670197776,0.16666666666666666,,Intel(R) Xeon(R) CPU E3-1220 V2 @ 3.10GHz
SklearnMRgRandomForestRegressor,True,120.0,6,1,1.0403345096901776e-06,1.6493727918714284e-05,True,1.0286377482517037e-05,0.00034630662482231856,1.16.2,1.4.1,0.3.1,,0.0476275264072029,0.16666666666666666,,Intel(R) Xeon(R) CPU E3-1220 V2 @ 3.10GHz
SklearnMaxAbsScaler,True,124.0,1,1,9.273338398729799e-07,1.4806020073592664e-05,True,2.721558643133405e-06,5.946626793593168e-05,1.16.2,1.4.1,0.3.1,,0.24898182763957058,1.0,,Intel(R) Xeon(R) CPU E3-1220 V2 @ 3.10GHz
SklearnMclBernoulliNB,True,368.0,1,22,0.0002622456157688866,0.005643992740195245,True,5.612744272967527e-06,0.00024342460092157124,1.16.2,1.4.1,0.3.1,,23.185794364365325,22.0,,Intel(R) Xeon(R) CPU E3-1220 V2 @ 3.10GHz
SklearnMclDecisionTreeClassifier,True,120.0,1,3,1.5936104602211388e-06,2.4790949188172822e-05,True,3.859019513570031e-06,8.435875549912452e-05,1.16.2,1.4.1,0.3.1,,0.29387523608536525,3.0,,Intel(R) Xeon(R) CPU E3-1220 V2 @ 3.10GHz
SklearnMclExtraTreesClassifier,True,120.0,6,3,1.559210453551509e-06,2.4462008848786355e-05,True,1.085907339265483e-05,0.0004290904966183007,1.16.2,1.4.1,0.3.1,,0.05700897372832436,0.5,,Intel(R) Xeon(R) CPU E3-1220 V2 @ 3.10GHz
SklearnMclGradientBoostingClassifier,True,,2,3,,,,,,1.16.2,1.4.1,0.3.1,Model '/var/lib/jenkins/workspace/_benchmarks/_benchmarks_ORT_UNIT_37_std/onnx/onnxruntime-skl2onnx/SklearnMclGradientBoostingClassifier.model.onnx' has discrepencies.,,1.5,,Intel(R) Xeon(R) CPU E3-1220 V2 @ 3.10GHz
SklearnMclMultinomialNB,True,128.0,1,13,2.194587992603916e-06,0.0001132626524195075,True,4.107003857203012e-06,0.00012544952891767024,1.16.2,1.4.1,0.3.1,,0.9028543462593572,13.0,,Intel(R) Xeon(R) CPU E3-1220 V2 @ 3.10GHz
SklearnMclNuSVCPF,True,,1,1,,,,,,1.16.2,1.4.1,0.3.1,Model '/var/lib/jenkins/workspace/_benchmarks/_benchmarks_ORT_UNIT_37_std/onnx/onnxruntime-skl2onnx/SklearnMclNuSVCPF.model.onnx' has discrepencies.,,1.0,,Intel(R) Xeon(R) CPU E3-1220 V2 @ 3.10GHz
SklearnMclNuSVCPT,True,124.0,1,1,1.7047305851538333e-06,4.16807415895164e-05,True,4.1812750214557495e-06,7.656044047325849e-05,1.16.2,1.4.1,0.3.1,,0.5444161675646956,1.0,,Intel(R) Xeon(R) CPU E3-1220 V2 @ 3.10GHz
SklearnMclOneVsRestClassifier,True,,6,18,,,,,,1.16.2,1.4.1,0.3.1,Unable to load onnx '/var/lib/jenkins/workspace/_benchmarks/_benchmarks_ORT_UNIT_37_std/onnx/onnxruntime-skl2onnx/SklearnMclOneVsRestClassifier.model.onnx',,3.0,,Intel(R) Xeon(R) CPU E3-1220 V2 @ 3.10GHz
SklearnMclOneVsRestClassifierF2,True,,6,18,,,,,,1.16.2,1.4.1,0.3.1,Unable to load onnx '/var/lib/jenkins/workspace/_benchmarks/_benchmarks_ORT_UNIT_37_std/onnx/onnxruntime-skl2onnx/SklearnMclOneVsRestClassifierF2.model.onnx',,3.0,,Intel(R) Xeon(R) CPU E3-1220 V2 @ 3.10GHz
SklearnMclOneVsRestClassifierString,True,,6,16,,,,,,1.16.2,1.4.1,0.3.1,Unable to load onnx '/var/lib/jenkins/workspace/_benchmarks/_benchmarks_ORT_UNIT_37_std/onnx/onnxruntime-skl2onnx/SklearnMclOneVsRestClassifierString.model.onnx',,2.6666666666666665,,Intel(R) Xeon(R) CPU E3-1220 V2 @ 3.10GHz
SklearnMclRandomForestClassifier,True,120.0,6,3,1.724998177224266e-06,2.4690399412065744e-05,True,1.1244402134181084e-05,0.0004339582254178822,1.16.2,1.4.1,0.3.1,,0.05689579771944639,0.5,,Intel(R) Xeon(R) CPU E3-1220 V2 @ 3.10GHz
SklearnMclSVCLinearPF,True,,1,1,,,,,,1.16.2,1.4.1,0.3.1,Model '/var/lib/jenkins/workspace/_benchmarks/_benchmarks_ORT_UNIT_37_std/onnx/onnxruntime-skl2onnx/SklearnMclSVCLinearPF.model.onnx' has discrepencies.,,1.0,,Intel(R) Xeon(R) CPU E3-1220 V2 @ 3.10GHz
SklearnMclVotingClassifierHard-OneOffArray,True,120.0,8,12,1.753344985655188e-06,3.104684688150883e-05,True,7.3227856290200915e-06,0.0002896200115792453,1.16.2,1.4.1,0.3.1,,0.10719855548729529,1.5,,Intel(R) Xeon(R) CPU E3-1220 V2 @ 3.10GHz
SklearnMclVotingClassifierSoft-OneOffArray,True,120.0,8,13,1.090894393716453e-06,2.9266965575516225e-05,True,5.255630491961562e-06,0.000181153557728976,1.16.2,1.4.1,0.3.1,,0.1615588782380005,1.625,,Intel(R) Xeon(R) CPU E3-1220 V2 @ 3.10GHz
SklearnMclVotingClassifierWeighted42Soft-OneOffArray,True,120.0,14,18,1.9587819105476598e-06,3.742046374827624e-05,True,5.6749619240442975e-06,0.0003860773704946041,1.16.2,1.4.1,0.3.1,,0.0969247788347109,1.2857142857142858,,Intel(R) Xeon(R) CPU E3-1220 V2 @ 3.10GHz
SklearnMclVotingClassifierWeighted4Soft-OneOffArray,True,120.0,14,18,2.251581281453206e-06,3.739671502262354e-05,True,5.057850063839106e-06,0.0003840166009031237,1.16.2,1.4.1,0.3.1,,0.0973830686868083,1.2857142857142858,,Intel(R) Xeon(R) CPU E3-1220 V2 @ 3.10GHz
SklearnMclVotingClassifierWeightedHard-OneOffArray,True,120.0,8,13,1.7545401878765892e-06,3.282733773812652e-05,True,7.20340851660521e-06,0.00029574229242280124,1.16.2,1.4.1,0.3.1,,0.11099980820868076,1.625,,Intel(R) Xeon(R) CPU E3-1220 V2 @ 3.10GHz
SklearnMclVotingClassifierWeightedSoft-OneOffArray,True,120.0,8,14,1.9775179880246103e-06,3.40442880988121e-05,True,5.418108231596154e-06,0.0002286666538566351,1.16.2,1.4.1,0.3.1,,0.14888173472008084,1.75,,Intel(R) Xeon(R) CPU E3-1220 V2 @ 3.10GHz
SklearnMinMaxScaler,True,124.0,1,1,5.642596318716546e-07,1.4921531081199645e-05,True,2.1962036359147104e-06,6.125283427536487e-05,1.16.2,1.4.1,0.3.1,,0.24360556140339942,1.0,,Intel(R) Xeon(R) CPU E3-1220 V2 @ 3.10GHz
SklearnNormalizerL2-SkipDim1,True,120.0,1,1,9.286532388547593e-07,1.4477625489234924e-05,True,3.662617740189298e-06,0.00012115553952753546,1.16.2,1.4.1,0.3.1,,0.1194961909764311,1.0,,Intel(R) Xeon(R) CPU E3-1220 V2 @ 3.10GHz
SklearnOneDecisionTreeClassifier,True,120.0,1,3,1.2451653664463115e-06,2.1436109207570554e-05,True,3.446314081105571e-06,8.322071796283126e-05,1.16.2,1.4.1,0.3.1,,0.2575814019910827,3.0,,Intel(R) Xeon(R) CPU E3-1220 V2 @ 3.10GHz
SklearnOneExtraTreesClassifier,True,120.0,6,3,1.5149895132854146e-06,2.1366129629313944e-05,True,1.1314222706226653e-05,0.0004369365000165999,1.16.2,1.4.1,0.3.1,,0.048899850730031044,0.5,,Intel(R) Xeon(R) CPU E3-1220 V2 @ 3.10GHz
SklearnOneHotEncoderInt64-SkipDim1,True,136.0,1,7,1.194630749468823e-06,2.025214396417141e-05,True,7.957501002530627e-06,0.000904450599104166,1.16.2,1.4.1,0.3.1,,0.022391652992690383,7.0,,Intel(R) Xeon(R) CPU E3-1220 V2 @ 3.10GHz
SklearnOneRandomForestClassifier,True,120.0,6,3,1.5058064555778368e-06,2.1394324954599147e-05,True,1.2019603391052365e-05,0.00043609438743442297,1.16.2,1.4.1,0.3.1,,0.04905893212811937,0.5,,Intel(R) Xeon(R) CPU E3-1220 V2 @ 3.10GHz
SklearnPCADefault,True,152.0,1,2,1.4047191373220658e-06,2.3692104499787092e-05,True,3.1050917196532613e-06,5.799598852172494e-05,1.16.2,1.4.1,0.3.1,,0.408512814483922,2.0,,Intel(R) Xeon(R) CPU E3-1220 V2 @ 3.10GHz
SklearnPCAParameters1,True,152.0,1,2,1.096814502875908e-06,2.356006531044841e-05,True,3.6969048695535004e-06,5.943765724077821e-05,1.16.2,1.4.1,0.3.1,,0.39638280518036006,2.0,,Intel(R) Xeon(R) CPU E3-1220 V2 @ 3.10GHz
SklearnPCAParameters2,True,152.0,1,2,1.215158242333781e-06,2.315041748806834e-05,True,2.9153006812318317e-06,5.909666139632465e-05,1.16.2,1.4.1,0.3.1,,0.3917381615318817,2.0,,Intel(R) Xeon(R) CPU E3-1220 V2 @ 3.10GHz
SklearnPipelineCTPipelineImputerScalerLR,True,120.0,15,11,1.8301875822952358e-06,2.755617629736662e-05,True,1.7183177739006907e-05,0.0007384236450307071,1.16.2,1.4.1,0.3.1,,0.03731757031726781,0.7333333333333333,,Intel(R) Xeon(R) CPU E3-1220 V2 @ 3.10GHz
SklearnPipelineColumnTransformerPipeliner,True,290.0,15,13,2.344848571909343e-06,4.7674584668129684e-05,True,0.0003370675021961101,0.0037990927593782547,1.16.2,1.4.1,0.3.1,,0.012548939362020717,0.8666666666666667,,Intel(R) Xeon(R) CPU E3-1220 V2 @ 3.10GHz
SklearnPipelineColumnTransformerPipelinerTitanic-DF,True,233.0,13,16,2.057832718683842e-06,4.549706308171153e-05,True,6.174848961191681e-05,0.0051676731621846566,1.16.2,1.4.1,0.3.1,,0.008804168076000658,1.2307692307692308,,Intel(R) Xeon(R) CPU E3-1220 V2 @ 3.10GHz
SklearnPipelinePcaPipelineMinMax,True,120.0,4,3,1.109274162221881e-06,1.909352745860815e-05,True,3.4136036347068677e-06,0.0001234733331948519,1.16.2,1.4.1,0.3.1,,0.15463685125011462,0.75,,Intel(R) Xeon(R) CPU E3-1220 V2 @ 3.10GHz
SklearnPipelinePcaPipelineMinMaxLogReg,True,120.0,5,7,1.7781083781147006e-06,2.738569863140583e-05,True,4.2877430992991985e-06,0.0002189693590626121,1.16.2,1.4.1,0.3.1,,0.1250663506010225,1.4,,Intel(R) Xeon(R) CPU E3-1220 V2 @ 3.10GHz
SklearnPipelinePcaPipelineMinMaxNB2,True,124.0,5,16,2.0331641076129946e-06,3.786273393779993e-05,True,5.7338168622293575e-06,0.00026718071755021814,1.16.2,1.4.1,0.3.1,,0.14171207520124807,3.2,,Intel(R) Xeon(R) CPU E3-1220 V2 @ 3.10GHz
SklearnPipelinePcaPipelineMinMaxNBNone,True,120.0,5,16,2.064436473922324e-06,3.76556059345603e-05,True,5.3848101414937795e-06,0.0002660122844390571,1.16.2,1.4.1,0.3.1,,0.14155589097685872,3.2,,Intel(R) Xeon(R) CPU E3-1220 V2 @ 3.10GHz
SklearnPipelineScaler,True,120.0,3,2,1.0011553822662294e-06,1.5792575199157002e-05,True,3.488711376411898e-06,0.0001272166771814227,1.16.2,1.4.1,0.3.1,,0.12413918952336206,0.6666666666666666,,Intel(R) Xeon(R) CPU E3-1220 V2 @ 3.10GHz
SklearnPipelineScaler11-OneOff,True,240.0,0,3,1.0286079621288954e-06,1.8085984513163566e-05,True,3.445562183574701e-06,0.00013360637612640856,1.16.2,1.4.1,0.3.1,,0.1353676750879908,inf,,Intel(R) Xeon(R) CPU E3-1220 V2 @ 3.10GHz
SklearnPipelineScaler11Union-OneOff,True,240.0,0,5,1.1528020481794511e-06,1.9808838609606027e-05,True,9.086625672077774e-06,0.00034518671315163376,1.16.2,1.4.1,0.3.1,,0.05738586641631363,inf,,Intel(R) Xeon(R) CPU E3-1220 V2 @ 3.10GHz
SklearnPipelineScalerCustomClassifier,True,120.0,5,3,1.6920487501098569e-06,3.9720363914966574e-05,True,4.448566689855384e-06,0.00015399184264242648,1.16.2,1.4.1,0.3.1,,0.25793810395008004,0.6,,Intel(R) Xeon(R) CPU E3-1220 V2 @ 3.10GHz
SklearnPipelineScalerCustomClassifier2,True,120.0,5,3,1.489936595741541e-06,3.9124369621276864e-05,True,4.847043635774713e-06,0.00015392916556447743,1.16.2,1.4.1,0.3.1,,0.25417125778472793,0.6,,Intel(R) Xeon(R) CPU E3-1220 V2 @ 3.10GHz
SklearnPipelineScalerMixed-OneOff,True,240.0,0,4,1.0040012213254569e-06,1.879714522510767e-05,True,3.698651031933977e-06,0.00013238770281895996,1.16.2,1.4.1,0.3.1,,0.14198558344057638,inf,,Intel(R) Xeon(R) CPU E3-1220 V2 @ 3.10GHz
SklearnPolynomialFeaturesFloatDegree2,True,128.0,1,29,9.931601198066817e-07,4.80806976556778e-05,True,2.673016669206326e-06,8.528895443305374e-05,1.16.2,1.4.1,0.3.1,,0.5637388566349235,29.0,,Intel(R) Xeon(R) CPU E3-1220 V2 @ 3.10GHz
SklearnPolynomialFeaturesFloatDegree3,True,124.0,1,39,1.5028047430362185e-06,5.927262036129831e-05,True,2.889443903932239e-06,9.513745643198492e-05,1.16.2,1.4.1,0.3.1,,0.6230208645915726,39.0,,Intel(R) Xeon(R) CPU E3-1220 V2 @ 3.10GHz
SklearnPolynomialFeaturesFloatDegree4-Dec4,True,128.0,1,139,5.8445081740775746e-06,0.00016730414051562548,True,2.710215939186828e-06,0.0001257101055234671,1.16.2,1.4.1,0.3.1,,1.3308726440007146,139.0,,Intel(R) Xeon(R) CPU E3-1220 V2 @ 3.10GHz
SklearnPolynomialFeaturesIntDegree2,True,144.0,1,44,2.3383682594021455e-06,5.896284431219101e-05,True,2.7975363703505364e-06,8.590483805164694e-05,1.16.2,1.4.1,0.3.1,,0.6863739650698357,44.0,,Intel(R) Xeon(R) CPU E3-1220 V2 @ 3.10GHz
SklearnPolynomialFeaturesIntDegree3,True,136.0,1,59,1.2195365676581864e-06,7.367575168609621e-05,True,0.0002069794202195893,0.00012567940587177872,1.16.2,1.4.1,0.3.1,,0.5862197642886859,59.0,,Intel(R) Xeon(R) CPU E3-1220 V2 @ 3.10GHz
SklearnPolynomialFeaturesIntDegree4,True,144.0,1,209,0.00015183783434580638,0.000292569562792778,True,0.00011548571485547764,0.00017235251190140843,1.16.2,1.4.1,0.3.1,,1.697506810693527,209.0,,Intel(R) Xeon(R) CPU E3-1220 V2 @ 3.10GHz
SklearnRFE,True,144.0,3,2,1.059591130348824e-06,1.6915603075176474e-05,True,2.949879293228373e-06,4.5133762061595925e-05,1.16.2,1.4.1,0.3.1,,0.37478823617874013,0.6666666666666666,,Intel(R) Xeon(R) CPU E3-1220 V2 @ 3.10GHz
SklearnRFECV,True,144.0,3,2,1.155971973861592e-06,1.6716673970222473e-05,True,2.53691334676965e-06,4.517365759238601e-05,1.16.2,1.4.1,0.3.1,,0.37005358567733193,0.6666666666666666,,Intel(R) Xeon(R) CPU E3-1220 V2 @ 3.10GHz
SklearnRegDecisionTreeRegressor,True,120.0,1,1,9.309457048132696e-07,1.599758071824908e-05,True,3.029794265814926e-06,6.480564828962088e-05,1.16.2,1.4.1,0.3.1,,0.24685472856863955,1.0,,Intel(R) Xeon(R) CPU E3-1220 V2 @ 3.10GHz
SklearnRegExtraTreesRegressor,True,120.0,6,1,9.497800503152512e-07,1.5794721897691488e-05,True,1.0775894346453772e-05,0.0003586686309427023,1.16.2,1.4.1,0.3.1,,0.04403708753725583,0.16666666666666666,,Intel(R) Xeon(R) CPU E3-1220 V2 @ 3.10GHz
SklearnRegNuSVR,True,124.0,1,1,1.2982307219845423e-06,2.838169503957033e-05,True,4.115507598177351e-06,7.304434245452284e-05,1.16.2,1.4.1,0.3.1,,0.3885543231118916,1.0,,Intel(R) Xeon(R) CPU E3-1220 V2 @ 3.10GHz
SklearnRegNuSVR2,True,124.0,1,1,1.2400127542723648e-06,2.831251872703433e-05,True,4.2373515001546006e-06,7.427389966323971e-05,1.16.2,1.4.1,0.3.1,,0.3811906854952307,1.0,,Intel(R) Xeon(R) CPU E3-1220 V2 @ 3.10GHz
SklearnRegRandomForestRegressor,True,120.0,6,1,1.0222548998459216e-06,1.5797385945916174e-05,True,1.0751833819841907e-05,0.00036055465415120127,1.16.2,1.4.1,0.3.1,,0.04381412294650736,0.16666666666666666,,Intel(R) Xeon(R) CPU E3-1220 V2 @ 3.10GHz
SklearnRegRandomForestRegressor_mismatched_estimator_counts,True,120.0,6,1,9.625751230341845e-07,1.5688492450863124e-05,True,1.0763017594558707e-05,0.00035615213867276906,1.16.2,1.4.1,0.3.1,,0.04404997400641089,0.16666666666666666,,Intel(R) Xeon(R) CPU E3-1220 V2 @ 3.10GHz
SklearnRegSVRLinear-Dec3,True,124.0,1,1,1.0223809728564214e-06,1.6723629087209702e-05,True,4.383582415656282e-06,7.083621062338352e-05,1.16.2,1.4.1,0.3.1,,0.23608870293930034,1.0,,Intel(R) Xeon(R) CPU E3-1220 V2 @ 3.10GHz
SklearnRidge-Dec4,True,128.0,1,1,1.1443584423462728e-06,2.122161723673344e-05,True,2.6753363090314117e-06,5.697728553786874e-05,1.16.2,1.4.1,0.3.1,,0.3724574983943197,1.0,,Intel(R) Xeon(R) CPU E3-1220 V2 @ 3.10GHz
SklearnRobustScalerFloat32,True,124.0,1,1,5.622573138745543e-05,2.4382024537771945e-05,True,0.00016672397791159694,0.00010282358201220632,1.16.2,1.4.1,0.3.1,,0.23712483129480477,1.0,,Intel(R) Xeon(R) CPU E3-1220 V2 @ 3.10GHz
SklearnRobustScalerNoCenteringScalingFloat32,True,124.0,1,1,3.866102505965622e-05,1.9544507842510935e-05,True,7.921303445686041e-05,7.267968263477088e-05,1.16.2,1.4.1,0.3.1,,0.26891294972662133,1.0,,Intel(R) Xeon(R) CPU E3-1220 V2 @ 3.10GHz
SklearnRobustScalerNoScalingFloat32,True,124.0,1,1,4.1654339534544284e-05,1.9768979866057635e-05,True,0.00018625691340948703,0.0001331179905682802,1.16.2,1.4.1,0.3.1,,0.14850719862630088,1.0,,Intel(R) Xeon(R) CPU E3-1220 V2 @ 3.10GHz
SklearnRobustScalerWithCenteringFloat32,True,124.0,1,1,3.882911973994447e-05,1.9488900899887084e-05,True,8.949321293617602e-05,8.405378879979252e-05,1.16.2,1.4.1,0.3.1,,0.23186225366125543,1.0,,Intel(R) Xeon(R) CPU E3-1220 V2 @ 3.10GHz
SklearnSGDClassifierBinary-NoProb-Dec4,True,124.0,1,3,2.111674122952261e-06,7.360582938417791e-05,True,3.1535983860182456e-06,5.7394700124859813e-05,1.16.2,1.4.1,0.3.1,,1.2824499339495015,3.0,,Intel(R) Xeon(R) CPU E3-1220 V2 @ 3.10GHz
SklearnSGDClassifierMulti-Dec3,True,124.0,1,3,2.377014241429742e-06,9.1920992359519e-05,True,3.100556965358824e-06,5.6769265793263915e-05,1.16.2,1.4.1,0.3.1,,1.6192034734827605,3.0,,Intel(R) Xeon(R) CPU E3-1220 V2 @ 3.10GHz
SklearnSGDRegressor-Dec4,True,128.0,1,1,1.495697679193579e-06,2.1127340383827687e-05,True,2.849347174261864e-06,5.6379697285592564e-05,1.16.2,1.4.1,0.3.1,,0.3747331291405609,1.0,,Intel(R) Xeon(R) CPU E3-1220 V2 @ 3.10GHz
SklearnSelectFdr,True,352.0,1,2,2.115427075093274e-06,5.4269228130578994e-05,True,3.3649496453330916e-06,7.719707395881413e-05,1.16.2,1.4.1,0.3.1,,0.7029959213160397,2.0,,Intel(R) Xeon(R) CPU E3-1220 V2 @ 3.10GHz
SklearnSelectFpr,True,144.0,1,2,1.4661713950456385e-06,1.6767607536166907e-05,True,2.6704593984631568e-06,5.0547182559967044e-05,1.16.2,1.4.1,0.3.1,,0.33172190193339707,2.0,,Intel(R) Xeon(R) CPU E3-1220 V2 @ 3.10GHz
SklearnSelectFromModel,True,144.0,3,2,9.339285688375556e-07,1.6672547906637187e-05,True,4.029143152278466e-06,9.817283786833288e-05,1.16.2,1.4.1,0.3.1,,0.16982852149998984,0.6666666666666666,,Intel(R) Xeon(R) CPU E3-1220 V2 @ 3.10GHz
SklearnSelectFwe,True,352.0,1,2,1.966131776732266e-06,5.44295972213149e-05,True,2.6264479739769888e-06,5.088671529665589e-05,1.16.2,1.4.1,0.3.1,,1.0696229242544928,2.0,,Intel(R) Xeon(R) CPU E3-1220 V2 @ 3.10GHz
SklearnSelectKBest,True,144.0,1,2,1.1041604469917185e-06,1.6781867947429417e-05,True,2.711507647127246e-06,5.012845527380705e-05,1.16.2,1.4.1,0.3.1,,0.3347772808031893,2.0,,Intel(R) Xeon(R) CPU E3-1220 V2 @ 3.10GHz
SklearnSelectPercentile,True,144.0,1,2,1.0054825629346062e-06,1.6929089091718198e-05,True,5.657491368165306e-06,0.00019462664797902107,1.16.2,1.4.1,0.3.1,,0.08698238020079858,2.0,,Intel(R) Xeon(R) CPU E3-1220 V2 @ 3.10GHz
SklearnSimpleImputerMeanFloat32,True,120.0,1,1,5.021885826592214e-07,1.4758490025997164e-05,True,5.9061637404324676e-06,0.00011096222326159476,1.16.2,1.4.1,0.3.1,,0.1330046352009715,1.0,,Intel(R) Xeon(R) CPU E3-1220 V2 @ 3.10GHz
SklearnStandardScalerFloat32,True,124.0,1,1,3.6003031874852266e-05,3.571113804355264e-05,True,0.00015715273804364888,0.00014024437079206107,1.16.2,1.4.1,0.3.1,,0.2546350904629262,1.0,,Intel(R) Xeon(R) CPU E3-1220 V2 @ 3.10GHz
SklearnStandardScalerFloat32NoMean,True,124.0,1,1,6.958466471404721e-05,3.211883781477809e-05,True,0.00014652233694901283,0.00011481727426871658,1.16.2,1.4.1,0.3.1,,0.27973872415406464,1.0,,Intel(R) Xeon(R) CPU E3-1220 V2 @ 3.10GHz
SklearnStandardScalerFloat32NoMeanStd,True,124.0,1,1,9.206466409371878e-07,1.4945540111511944e-05,True,2.585602462757057e-06,5.199342453852296e-05,1.16.2,1.4.1,0.3.1,,0.2874505813795453,1.0,,Intel(R) Xeon(R) CPU E3-1220 V2 @ 3.10GHz
SklearnStandardScalerFloat32NoStd,True,124.0,1,1,8.269884459113016e-07,1.4544408302754166e-05,True,3.0502346440568316e-06,5.861392756924033e-05,1.16.2,1.4.1,0.3.1,,0.24813911822532164,1.0,,Intel(R) Xeon(R) CPU E3-1220 V2 @ 3.10GHz
SklearnStandardScalerInt64,True,136.0,1,1,4.531009279609257e-05,2.0613056141883132e-05,True,9.783053071842792e-05,0.00016162729309871792,1.16.2,1.4.1,0.3.1,,0.1275345008054623,1.0,,Intel(R) Xeon(R) CPU E3-1220 V2 @ 3.10GHz
SklearnTfidfTransform,True,184.0,1,1,3.230265789503547e-05,1.895137643441558e-05,True,9.120565054995708e-05,0.00034349601250141857,1.16.2,1.4.1,0.3.1,,0.05517204201704471,1.0,,Intel(R) Xeon(R) CPU E3-1220 V2 @ 3.10GHz
SklearnTfidfTransformIdf,True,184.0,1,1,6.953979701236236e-07,1.6654373612254863e-05,True,7.698337155053917e-05,0.000555428915657103,1.16.2,1.4.1,0.3.1,,0.029984707570638126,1.0,,Intel(R) Xeon(R) CPU E3-1220 V2 @ 3.10GHz
SklearnTfidfTransformIdfSmooth,True,184.0,1,1,2.2585858555384757e-06,1.7460030503571032e-05,True,6.722014656141953e-05,0.0005511475992389023,1.16.2,1.4.1,0.3.1,,0.03167940952238957,1.0,,Intel(R) Xeon(R) CPU E3-1220 V2 @ 3.10GHz
SklearnTfidfTransformL1,True,184.0,1,1,7.017581598291414e-07,1.5245897229760886e-05,True,2.601192907914149e-05,0.0003988371416926384,1.16.2,1.4.1,0.3.1,,0.038225871254262606,1.0,,Intel(R) Xeon(R) CPU E3-1220 V2 @ 3.10GHz
SklearnTfidfTransformL1Idf,True,184.0,1,2,1.3729197069852528e-06,1.8233869690448045e-05,True,2.8701376628197585e-05,0.0005966360070742666,1.16.2,1.4.1,0.3.1,,0.030561128517639688,2.0,,Intel(R) Xeon(R) CPU E3-1220 V2 @ 3.10GHz
SklearnTfidfTransformL1IdfSmooth,True,184.0,1,2,1.0380197324395212e-06,1.8418740015476945e-05,True,0.00029472719829294136,0.0007246675412170589,1.16.2,1.4.1,0.3.1,,0.025416813873770563,2.0,,Intel(R) Xeon(R) CPU E3-1220 V2 @ 3.10GHz
SklearnTfidfTransformL1Smooth,True,184.0,1,1,9.360196924835359e-07,1.4651562087237836e-05,True,8.557531431535872e-06,0.00039094393514096736,1.16.2,1.4.1,0.3.1,,0.037477399622415794,1.0,,Intel(R) Xeon(R) CPU E3-1220 V2 @ 3.10GHz
SklearnTfidfTransformL2,True,184.0,1,1,7.518693222954063e-07,1.541596185415983e-05,True,7.6255772069261475e-06,0.00039583338936790825,1.16.2,1.4.1,0.3.1,,0.03894558232891119,1.0,,Intel(R) Xeon(R) CPU E3-1220 V2 @ 3.10GHz
SklearnTfidfTransformL2Idf,True,184.0,1,2,8.478823454919719e-07,1.8832309637218716e-05,True,0.00046007236233853137,0.0008078013174235821,1.16.2,1.4.1,0.3.1,,0.023313046452168296,2.0,,Intel(R) Xeon(R) CPU E3-1220 V2 @ 3.10GHz
SklearnTfidfTransformL2IdfSmooth,True,184.0,1,2,0.00013780260894295,4.278792534023523e-05,True,0.00043045349431299437,0.0007384610930457711,1.16.2,1.4.1,0.3.1,,0.05794201718029193,2.0,,Intel(R) Xeon(R) CPU E3-1220 V2 @ 3.10GHz
SklearnTfidfTransformL2Smooth,True,184.0,1,1,5.058023453737153e-07,1.4977107290178538e-05,True,0.0003210916992355632,0.0005235831341706217,1.16.2,1.4.1,0.3.1,,0.028605022417123736,1.0,,Intel(R) Xeon(R) CPU E3-1220 V2 @ 3.10GHz
SklearnTfidfTransformSmooth,True,184.0,1,1,2.2463120713869787e-06,1.5826964285224675e-05,True,1.609041579070761e-05,0.00035303309652954336,1.16.2,1.4.1,0.3.1,,0.044831389580212364,1.0,,Intel(R) Xeon(R) CPU E3-1220 V2 @ 3.10GHz
SklearnTfidfVectorizer11-OneOff-SklCol,True,,2,4,,,,,,1.16.2,1.4.1,0.3.1,Unable to load onnx '/var/lib/jenkins/workspace/_benchmarks/_benchmarks_ORT_UNIT_37_std/onnx/onnxruntime-skl2onnx/SklearnTfidfVectorizer11-OneOff-SklCol.model.onnx',,2.0,,Intel(R) Xeon(R) CPU E3-1220 V2 @ 3.10GHz
SklearnTfidfVectorizer11EmptyString-OneOff-SklCol,True,,2,4,,,,,,1.16.2,1.4.1,0.3.1,Unable to load onnx '/var/lib/jenkins/workspace/_benchmarks/_benchmarks_ORT_UNIT_37_std/onnx/onnxruntime-skl2onnx/SklearnTfidfVectorizer11EmptyString-OneOff-SklCol.model.onnx',,2.0,,Intel(R) Xeon(R) CPU E3-1220 V2 @ 3.10GHz
SklearnTfidfVectorizer11OutVocab-OneOff-SklCol,True,,2,4,,,,,,1.16.2,1.4.1,0.3.1,Unable to load onnx '/var/lib/jenkins/workspace/_benchmarks/_benchmarks_ORT_UNIT_37_std/onnx/onnxruntime-skl2onnx/SklearnTfidfVectorizer11OutVocab-OneOff-SklCol.model.onnx',,2.0,,Intel(R) Xeon(R) CPU E3-1220 V2 @ 3.10GHz
SklearnTfidfVectorizer11ParenthesisClass-OneOff-SklCol,True,,2,4,,,,,,1.16.2,1.4.1,0.3.1,Unable to load onnx '/var/lib/jenkins/workspace/_benchmarks/_benchmarks_ORT_UNIT_37_std/onnx/onnxruntime-skl2onnx/SklearnTfidfVectorizer11ParenthesisClass-OneOff-SklCol.model.onnx',,2.0,,Intel(R) Xeon(R) CPU E3-1220 V2 @ 3.10GHz
SklearnTfidfVectorizer11ParenthesisId-OneOff-SklCol,True,,2,4,,,,,,1.16.2,1.4.1,0.3.1,Unable to load onnx '/var/lib/jenkins/workspace/_benchmarks/_benchmarks_ORT_UNIT_37_std/onnx/onnxruntime-skl2onnx/SklearnTfidfVectorizer11ParenthesisId-OneOff-SklCol.model.onnx',,2.0,,Intel(R) Xeon(R) CPU E3-1220 V2 @ 3.10GHz
SklearnTfidfVectorizer13-OneOff-SklCol,True,,2,4,,,,,,1.16.2,1.4.1,0.3.1,Unable to load onnx '/var/lib/jenkins/workspace/_benchmarks/_benchmarks_ORT_UNIT_37_std/onnx/onnxruntime-skl2onnx/SklearnTfidfVectorizer13-OneOff-SklCol.model.onnx',,2.0,,Intel(R) Xeon(R) CPU E3-1220 V2 @ 3.10GHz
SklearnTfidfVectorizer22-OneOff-SklCol,True,,2,4,,,,,,1.16.2,1.4.1,0.3.1,Unable to load onnx '/var/lib/jenkins/workspace/_benchmarks/_benchmarks_ORT_UNIT_37_std/onnx/onnxruntime-skl2onnx/SklearnTfidfVectorizer22-OneOff-SklCol.model.onnx',,2.0,,Intel(R) Xeon(R) CPU E3-1220 V2 @ 3.10GHz
SklearnTfidfVectorizer22L1-OneOff-SklCol,True,,2,5,,,,,,1.16.2,1.4.1,0.3.1,Unable to load onnx '/var/lib/jenkins/workspace/_benchmarks/_benchmarks_ORT_UNIT_37_std/onnx/onnxruntime-skl2onnx/SklearnTfidfVectorizer22L1-OneOff-SklCol.model.onnx',,2.5,,Intel(R) Xeon(R) CPU E3-1220 V2 @ 3.10GHz
SklearnTfidfVectorizer22L2-OneOff-SklCol,True,,2,5,,,,,,1.16.2,1.4.1,0.3.1,Unable to load onnx '/var/lib/jenkins/workspace/_benchmarks/_benchmarks_ORT_UNIT_37_std/onnx/onnxruntime-skl2onnx/SklearnTfidfVectorizer22L2-OneOff-SklCol.model.onnx',,2.5,,Intel(R) Xeon(R) CPU E3-1220 V2 @ 3.10GHz
SklearnTfidfVectorizer22S-OneOff-SklCol,True,,2,4,,,,,,1.16.2,1.4.1,0.3.1,Unable to load onnx '/var/lib/jenkins/workspace/_benchmarks/_benchmarks_ORT_UNIT_37_std/onnx/onnxruntime-skl2onnx/SklearnTfidfVectorizer22S-OneOff-SklCol.model.onnx',,2.0,,Intel(R) Xeon(R) CPU E3-1220 V2 @ 3.10GHz
SklearnTruncatedSVD,True,124.0,1,1,5.59068677283368e-07,1.6027784440666433e-05,True,2.1316725830873037e-06,5.019097682088613e-05,1.16.2,1.4.1,0.3.1,,0.3193359734333112,1.0,,Intel(R) Xeon(R) CPU E3-1220 V2 @ 3.10GHz
SklearnVarianceThreshold,True,144.0,1,2,1.0714180057091269e-06,1.6838116571307183e-05,True,2.62423638774798e-06,5.095068830996752e-05,1.16.2,1.4.1,0.3.1,,0.3304786869388206,2.0,,Intel(R) Xeon(R) CPU E3-1220 V2 @ 3.10GHz
