lib,rt,N,dataset,dim,repeat,number,min,max,min3,max3,mean,lower,upper,count,median,fit_train_score_.shape,fit_validation_score_.shape,fit_n_features_,fit__predictors.size,fit__predictors.sum|tree_.leave_count,fit__predictors.sum|tree_.node_count,fit__predictors.max|tree_.max_depth,fit_estimators_.size,fit_estimators_.sum|tree_.node_count,fit_estimators_.max|tree_.max_depth,fit_estimators_.sum|tree_.leave_count,fit_estimators_.n_features_,fit_estimators_.n_classes_,fit_objective,fit_node_count,fit_ntrees,fit_leave_count,fit_mode_count,fit_n_targets
sklh,,1,breast_cancer,-1,10,1,0.0018609720282256603,0.0020508458837866783,0.001888676080852747,0.0019143316894769669,0.0019070765003561974,0.0018609720282256603,0.0020076639282119195,10,0.0018919745925813913,0.0,0.0,30.0,100.0,1160.0,2220.0,6.0,,,,,,,,,,,,
sklh,pyrt,1,breast_cancer,-1,10,1,0.0055358572863042355,0.011295108124613762,0.008327865973114967,0.011117278132587671,0.008437299728393554,0.0055358572863042355,0.011295108124613762,10,0.008365029701963067,0.0,0.0,30.0,100.0,1160.0,2220.0,6.0,,,,,,,,,,,,
sklh,ort,1,breast_cancer,-1,10,1,3.112759441137314e-05,0.00012047123163938522,3.2481271773576736e-05,3.724079579114914e-05,4.406808875501156e-05,3.112759441137314e-05,9.513914486926337e-05,10,3.438396379351616e-05,0.0,0.0,30.0,100.0,1160.0,2220.0,6.0,,,,,,,,,,,,
sklh,,2,breast_cancer,-1,10,1,0.0017486843280494213,0.006033053621649742,0.0017588399350643158,0.0018065241165459156,0.0021984854247421026,0.0017486843280494213,0.004704200572492325,10,0.0017636551056057215,0.0,0.0,30.0,100.0,1160.0,2220.0,6.0,,,,,,,,,,,,
sklh,pyrt,2,breast_cancer,-1,10,1,0.0043484242632985115,0.01281672716140747,0.008099302183836699,0.00880507891997695,0.008202082151547075,0.0043484242632985115,0.01281672716140747,10,0.008459702134132385,0.0,0.0,30.0,100.0,1160.0,2220.0,6.0,,,,,,,,,,,,
sklh,ort,2,breast_cancer,-1,10,1,4.0821731090545654e-05,5.747517570853233e-05,4.260195419192314e-05,4.698289558291435e-05,4.502139054238796e-05,4.0821731090545654e-05,5.424684717094001e-05,10,4.281359724700451e-05,0.0,0.0,30.0,100.0,1160.0,2220.0,6.0,,,,,,,,,,,,
sklh,,5,breast_cancer,-1,10,1,0.001767708919942379,0.0032299882732331753,0.0017710141837596893,0.001806812360882759,0.0020611504092812537,0.001767708919942379,0.003166148344558007,10,0.0017821525689214468,0.0,0.0,30.0,100.0,1160.0,2220.0,6.0,,,,,,,,,,,,
sklh,pyrt,5,breast_cancer,-1,10,1,0.0029429770074784756,0.008638720959424973,0.00562154408544302,0.005894001107662916,0.005478501319885254,0.0029429770074784756,0.008236267808267361,10,0.0057028234004974365,0.0,0.0,30.0,100.0,1160.0,2220.0,6.0,,,,,,,,,,,,
sklh,ort,5,breast_cancer,-1,10,1,6.980914622545242e-05,8.634896948933601e-05,7.163174450397491e-05,7.236003875732422e-05,7.322831079363823e-05,6.980914622545242e-05,8.210103048055218e-05,10,7.191440090537071e-05,0.0,0.0,30.0,100.0,1160.0,2220.0,6.0,,,,,,,,,,,,
sklh,,10,breast_cancer,-1,10,1,0.001765563152730465,0.004930131137371063,0.0017833900637924671,0.001937303226441145,0.002135921595618129,0.001765563152730465,0.003965895837792267,10,0.0018007480539381504,0.0,0.0,30.0,100.0,1160.0,2220.0,6.0,,,,,,,,,,,,
sklh,pyrt,10,breast_cancer,-1,10,1,0.0029060542583465576,0.011291616130620241,0.005827201995998621,0.011246508918702602,0.007696988340467214,0.0029060542583465576,0.011291616130620241,10,0.007191728800535202,0.0,0.0,30.0,100.0,1160.0,2220.0,6.0,,,,,,,,,,,,
sklh,ort,10,breast_cancer,-1,10,1,0.00011513987556099892,0.0001351446844637394,0.00011836318299174309,0.00012180209159851074,0.00012039071880280972,0.00011513987556099892,0.00013092151474560453,10,0.00011897343210875988,0.0,0.0,30.0,100.0,1160.0,2220.0,6.0,,,,,,,,,,,,
sklh,,20,breast_cancer,-1,10,1,0.0017873402684926987,0.0018222969956696033,0.001792845781892538,0.001803371123969555,0.0017989694606512785,0.0017873402684926987,0.0018199847321218334,10,0.001797576667740941,0.0,0.0,30.0,100.0,1160.0,2220.0,6.0,,,,,,,,,,,,
sklh,pyrt,20,breast_cancer,-1,10,1,0.00434310594573617,0.012077820021659136,0.00846624979749322,0.008759176824241877,0.008256077487021684,0.00434310594573617,0.012077820021659136,10,0.008616760838776827,0.0,0.0,30.0,100.0,1160.0,2220.0,6.0,,,,,,,,,,,,
sklh,ort,20,breast_cancer,-1,10,1,0.00020743068307638168,0.00023208605125546455,0.0002127089537680149,0.00021937629207968712,0.00021596229635179043,0.00020743068307638168,0.00022954361412355224,10,0.0002136295661330223,0.0,0.0,30.0,100.0,1160.0,2220.0,6.0,,,,,,,,,,,,
sklh,,50,breast_cancer,-1,10,1,0.0018305517733097076,0.0018697390332818031,0.0018390263430774212,0.0018512839451432228,0.001844619819894433,0.0018305517733097076,0.0018672301675111047,10,0.0018421353306621313,0.0,0.0,30.0,100.0,1160.0,2220.0,6.0,,,,,,,,,,,,
sklh,pyrt,50,breast_cancer,-1,10,1,0.004622971173375845,0.011546427849680185,0.008744145277887583,0.008911806158721447,0.008345129759982228,0.004622971173375845,0.011546427849680185,10,0.00879190256819129,0.0,0.0,30.0,100.0,1160.0,2220.0,6.0,,,,,,,,,,,,
sklh,ort,50,breast_cancer,-1,10,1,0.0004875641316175461,0.004791404120624065,0.0004921099171042442,0.0004978179931640625,0.0009250441566109657,0.0004875641316175461,0.003451108800305896,10,0.0004942086525261402,0.0,0.0,30.0,100.0,1160.0,2220.0,6.0,,,,,,,,,,,,
sklh,,100,breast_cancer,-1,10,1,0.001907286699861288,0.001982203684747219,0.001912774983793497,0.0019209771417081356,0.0019215980544686317,0.001907286699861288,0.001961972999286247,10,0.00191548652946949,0.0,0.0,30.0,100.0,1160.0,2220.0,6.0,,,,,,,,,,,,
sklh,pyrt,100,breast_cancer,-1,10,1,0.0032149506732821465,0.012463190127164125,0.007558099925518036,0.01193203590810299,0.008725302433595062,0.0032149506732821465,0.012463190127164125,10,0.009157878113910556,0.0,0.0,30.0,100.0,1160.0,2220.0,6.0,,,,,,,,,,,,
sklh,ort,100,breast_cancer,-1,10,1,0.000920112244784832,0.0024588201195001602,0.0009506968781352043,0.0009706658311188221,0.001102143293246627,0.000920112244784832,0.001989144239069239,10,0.0009544608183205128,0.0,0.0,30.0,100.0,1160.0,2220.0,6.0,,,,,,,,,,,,
sklh,,200,breast_cancer,-1,10,1,0.0020505129359662533,0.0021197707392275333,0.0020606042817234993,0.002083839848637581,0.0020742304623126984,0.0020505129359662533,0.0021197707392275333,10,0.0020655295811593533,0.0,0.0,30.0,100.0,1160.0,2220.0,6.0,,,,,,,,,,,,
sklh,pyrt,200,breast_cancer,-1,10,1,0.005420501809567213,0.012722650077193975,0.00961945066228509,0.009825397748500109,0.009261506283655763,0.005420501809567213,0.012722650077193975,10,0.00968161504715681,0.0,0.0,30.0,100.0,1160.0,2220.0,6.0,,,,,,,,,,,,
sklh,ort,200,breast_cancer,-1,10,1,0.0018167090602219105,0.0019180099479854107,0.001827511005103588,0.001853396650403738,0.001845821039751172,0.0018167090602219105,0.001907103021825563,10,0.0018327177967876196,0.0,0.0,30.0,100.0,1160.0,2220.0,6.0,,,,,,,,,,,,
sklh,,500,breast_cancer,-1,10,1,0.0024424539878964424,0.00251528387889266,0.002455639187246561,0.002472690772265196,0.0024654754903167485,0.0024424539878964424,0.0025038880985394454,10,0.0024637116584926844,0.0,0.0,30.0,100.0,1160.0,2220.0,6.0,,,,,,,,,,,,
sklh,pyrt,500,breast_cancer,-1,10,1,0.0009548459202051163,0.0009952029213309288,0.0009566689841449261,0.0009636334143579006,0.0009623023215681314,0.0009548459202051163,0.0009847535365100676,10,0.000958174467086792,0.0,0.0,30.0,100.0,1160.0,2220.0,6.0,,,,,,,,,,,,
sklh,ort,500,breast_cancer,-1,10,1,0.004649353213608265,0.004712335299700499,0.004660839680582285,0.00467414315789938,0.004669964127242565,0.004649353213608265,0.0047023196834895566,10,0.004664869047701359,0.0,0.0,30.0,100.0,1160.0,2220.0,6.0,,,,,,,,,,,,
sklh,,1000,breast_cancer,-1,10,1,0.003094413783401251,0.0035364129580557346,0.00311594782397151,0.003135879058390856,0.0031604566145688297,0.003094413783401251,0.003407506235454948,10,0.0031199289951473475,0.0,0.0,30.0,100.0,1160.0,2220.0,6.0,,,,,,,,,,,,
sklh,pyrt,1000,breast_cancer,-1,10,1,0.0014806007966399193,0.01687327492982149,0.0018934030085802078,0.00894545204937458,0.005436084419488907,0.0014806007966399193,0.01687327492982149,10,0.0018998959567397833,0.0,0.0,30.0,100.0,1160.0,2220.0,6.0,,,,,,,,,,,,
sklh,ort,1000,breast_cancer,-1,10,1,0.008785871788859367,0.012277482077479362,0.009021066129207611,0.009297355078160763,0.009428334981203079,0.008785871788859367,0.011328386459606205,10,0.009221770102158189,0.0,0.0,30.0,100.0,1160.0,2220.0,6.0,,,,,,,,,,,,
sklh,,2000,breast_cancer,-1,10,1,0.004283243324607611,0.004443587735295296,0.00428624777123332,0.004299603868275881,0.004307306418195367,0.004283243324607611,0.004397567327793327,10,0.004293039441108704,0.0,0.0,30.0,100.0,1160.0,2220.0,6.0,,,,,,,,,,,,
sklh,pyrt,2000,breast_cancer,-1,10,1,0.003786108922213316,0.02054941887035966,0.0038358266465365887,0.020236012060195208,0.011899661552160979,0.003786108922213316,0.02054941887035966,10,0.011902786558493972,0.0,0.0,30.0,100.0,1160.0,2220.0,6.0,,,,,,,,,,,,
sklh,ort,2000,breast_cancer,-1,10,1,0.0174389211460948,0.01795782195404172,0.0174941117875278,0.01762191718444228,0.017581712687388062,0.0174389211460948,0.01785985238061714,10,0.01755583588965237,0.0,0.0,30.0,100.0,1160.0,2220.0,6.0,,,,,,,,,,,,
sklh,,5000,breast_cancer,-1,10,1,0.007426469121128321,0.007675554603338242,0.007448082324117422,0.007470589131116867,0.007486686017364264,0.007426469121128321,0.007640247209175999,10,0.0074527941178530455,0.0,0.0,30.0,100.0,1160.0,2220.0,6.0,,,,,,,,,,,,
sklh,pyrt,5000,breast_cancer,-1,10,1,0.009353192057460546,0.032187774777412415,0.00951137812808156,0.02579770004376769,0.01749909445643425,0.009353192057460546,0.032187774777412415,10,0.015981038101017475,0.0,0.0,30.0,100.0,1160.0,2220.0,6.0,,,,,,,,,,,,
sklh,ort,5000,breast_cancer,-1,10,1,0.04368565371260047,0.045918967109173536,0.04384523956105113,0.04455901822075248,0.04442565869539976,0.04368565371260047,0.045918967109173536,10,0.044219974894076586,0.0,0.0,30.0,100.0,1160.0,2220.0,6.0,,,,,,,,,,,,
sklh,,10000,breast_cancer,-1,10,1,0.01251582382246852,0.01268070237711072,0.012533147353678942,0.012572441715747118,0.012563459808006883,0.01251582382246852,0.012663477989054267,10,0.012546357931569219,0.0,0.0,30.0,100.0,1160.0,2220.0,6.0,,,,,,,,,,,,
sklh,pyrt,10000,breast_cancer,-1,10,1,0.018878709990531206,0.038607869762927294,0.018926518969237804,0.03227075096219778,0.02562016504816711,0.018878709990531206,0.038607869762927294,10,0.02264118497259915,0.0,0.0,30.0,100.0,1160.0,2220.0,6.0,,,,,,,,,,,,
sklh,ort,10000,breast_cancer,-1,10,1,0.08726365631446242,0.08811054565012455,0.08739117672666907,0.08783642807975411,0.08755179438740016,0.08726365631446242,0.08808043171105966,10,0.08741217874921858,0.0,0.0,30.0,100.0,1160.0,2220.0,6.0,,,,,,,,,,,,
sklh,,20000,breast_cancer,-1,10,1,0.02268038922920823,0.023008359130471945,0.022760008927434683,0.022850041277706623,0.022810507426038386,0.02268038922920823,0.023008359130471945,10,0.022792900446802378,0.0,0.0,30.0,100.0,1160.0,2220.0,6.0,,,,,,,,,,,,
sklh,pyrt,20000,breast_cancer,-1,10,1,0.03303163778036833,0.07256029592826962,0.03646486112847924,0.04024991765618324,0.04211021144874394,0.03303163778036833,0.06613723749965204,10,0.03679757006466389,0.0,0.0,30.0,100.0,1160.0,2220.0,6.0,,,,,,,,,,,,
sklh,ort,20000,breast_cancer,-1,10,1,0.1749008698388934,0.1761836213991046,0.1751435068435967,0.17553525604307652,0.17534874458797275,0.1749008698388934,0.17612888213296343,10,0.17515810392796993,0.0,0.0,30.0,100.0,1160.0,2220.0,6.0,,,,,,,,,,,,
sklh,,50000,breast_cancer,-1,10,1,0.061840456910431385,0.06285168090835214,0.062205661088228226,0.06233169976621866,0.062267894251272084,0.061840456910431385,0.06276532905774351,10,0.062272086506709456,0.0,0.0,30.0,100.0,1160.0,2220.0,6.0,,,,,,,,,,,,
sklh,pyrt,50000,breast_cancer,-1,10,1,0.07937429007142782,0.1379471872933209,0.08035343093797565,0.0885558482259512,0.0891733428929001,0.07937429007142782,0.12270764498798173,10,0.08114655851386487,0.0,0.0,30.0,100.0,1160.0,2220.0,6.0,,,,,,,,,,,,
sklh,ort,50000,breast_cancer,-1,10,1,0.437485140748322,0.4441069648601115,0.43854140723124146,0.44175905315205455,0.4399567514192313,0.437485140748322,0.4441069648601115,10,0.4388049461413175,0.0,0.0,30.0,100.0,1160.0,2220.0,6.0,,,,,,,,,,,,
skl,,1,breast_cancer,-1,10,1,0.007442737929522991,0.007781198248267174,0.007481745909899473,0.007508532144129276,0.007516311900690198,0.007442737929522991,0.007695539403699521,10,0.007496233796700835,,,30.0,,,,,100.0,2466.0,6.0,1283.0,30.0,1.0,,,,,,
skl,pyrt,1,breast_cancer,-1,10,1,1.0385178029537201e-05,6.952602416276932e-05,1.0973308235406876e-05,1.2712087482213974e-05,1.7316918820142747e-05,1.0385178029537201e-05,5.1524037226120295e-05,10,1.109088771045208e-05,,,30.0,,,,,100.0,2466.0,6.0,1283.0,30.0,1.0,,,,,,
skl,ort,1,breast_cancer,-1,10,1,2.9475893825292587e-05,8.006813004612923e-05,3.0093826353549957e-05,3.455020487308502e-05,3.6893412470817566e-05,2.9475893825292587e-05,6.590268021280587e-05,10,3.107846714556217e-05,,,30.0,,,,,100.0,2466.0,6.0,1283.0,30.0,1.0,,,,,,
skl,,2,breast_cancer,-1,10,1,0.007294907234609127,0.0074449749663472176,0.007313706912100315,0.007360534276813269,0.007346336543560028,0.007294907234609127,0.0074449749663472176,10,0.007321193581447005,,,30.0,,,,,100.0,2466.0,6.0,1283.0,30.0,1.0,,,,,,
skl,pyrt,2,breast_cancer,-1,10,1,1.5006866306066513e-05,6.764428690075874e-05,1.721177250146866e-05,1.957174390554428e-05,2.2799288854002952e-05,1.5006866306066513e-05,5.2393136863123046e-05,10,1.7822720110416412e-05,,,30.0,,,,,100.0,2466.0,6.0,1283.0,30.0,1.0,,,,,,
skl,ort,2,breast_cancer,-1,10,1,3.9353035390377045e-05,5.731731653213501e-05,4.058610647916794e-05,4.301592707633972e-05,4.333476535975933e-05,3.9353035390377045e-05,5.340501555276121e-05,10,4.127738066017628e-05,,,30.0,,,,,100.0,2466.0,6.0,1283.0,30.0,1.0,,,,,,
skl,,5,breast_cancer,-1,10,1,0.007329593878239393,0.007481754757463932,0.007337507326155901,0.007359644863754511,0.007361867278814316,0.007329593878239393,0.007446705209418426,10,0.007347885984927416,,,30.0,,,,,100.0,2466.0,6.0,1283.0,30.0,1.0,,,,,,
skl,pyrt,5,breast_cancer,-1,10,1,1.9337981939315796e-05,6.705010309815407e-05,2.225395292043686e-05,2.4280045181512833e-05,2.6937853544950485e-05,1.9337981939315796e-05,5.3357037906109144e-05,10,2.301461063325405e-05,,,30.0,,,,,100.0,2466.0,6.0,1283.0,30.0,1.0,,,,,,
skl,ort,5,breast_cancer,-1,10,1,6.115296855568886e-05,7.959501817822456e-05,6.485916674137115e-05,7.099611684679985e-05,6.750980392098427e-05,6.115296855568886e-05,7.741752982563132e-05,10,6.585661321878433e-05,,,30.0,,,,,100.0,2466.0,6.0,1283.0,30.0,1.0,,,,,,
skl,,10,breast_cancer,-1,10,1,0.007350525353103876,0.0075957258231937885,0.007364036049693823,0.007378840819001198,0.007395542087033391,0.007350525353103876,0.007532716852479442,10,0.007370270323008299,,,30.0,,,,,100.0,2466.0,6.0,1283.0,30.0,1.0,,,,,,
skl,pyrt,10,breast_cancer,-1,10,1,2.7628149837255478e-05,8.744606748223305e-05,2.9021408408880234e-05,3.164680674672127e-05,3.6409404128789904e-05,2.7628149837255478e-05,7.036208265820105e-05,10,3.0526891350746155e-05,,,30.0,,,,,100.0,2466.0,6.0,1283.0,30.0,1.0,,,,,,
skl,ort,10,breast_cancer,-1,10,1,0.00010218610987067223,0.00012346217408776283,0.00010644039139151573,0.00011321296915411949,0.00011012903414666652,0.00010218610987067223,0.00012158934113955244,10,0.00010810373350977898,,,30.0,,,,,100.0,2466.0,6.0,1283.0,30.0,1.0,,,,,,
skl,,20,breast_cancer,-1,10,1,0.007355766370892525,0.007514424156397581,0.0073734307661652565,0.007417995948344469,0.00740402196533978,0.007355766370892525,0.007511076034716697,10,0.007378112291917205,,,30.0,,,,,100.0,2466.0,6.0,1283.0,30.0,1.0,,,,,,
skl,pyrt,20,breast_cancer,-1,10,1,4.130275920033455e-05,0.00011022202670574188,4.369579255580902e-05,4.7132838517427444e-05,5.1675504073500635e-05,4.130275920033455e-05,9.035566855204155e-05,10,4.492001608014107e-05,,,30.0,,,,,100.0,2466.0,6.0,1283.0,30.0,1.0,,,,,,
skl,ort,20,breast_cancer,-1,10,1,0.00017452193424105644,0.00020951125770807266,0.0001825038343667984,0.00019840337336063385,0.00018949639052152635,0.00017452193424105644,0.00020951125770807266,10,0.00018873391672968864,,,30.0,,,,,100.0,2466.0,6.0,1283.0,30.0,1.0,,,,,,
skl,,50,breast_cancer,-1,10,1,0.007514785043895245,0.008537215180695057,0.007525699213147163,0.007592551875859499,0.0076886918395757675,0.007514785043895245,0.008306661737786577,10,0.007549952948465943,,,30.0,,,,,100.0,2466.0,6.0,1283.0,30.0,1.0,,,,,,
skl,pyrt,50,breast_cancer,-1,10,1,9.158812463283539e-05,0.0001964871771633625,9.966036304831505e-05,0.00010869372636079788,0.00011130617931485177,9.158812463283539e-05,0.00016781470658306985,10,0.00010265246964991093,,,30.0,,,,,100.0,2466.0,6.0,1283.0,30.0,1.0,,,,,,
skl,ort,50,breast_cancer,-1,10,1,0.0003977199085056782,0.0005151540972292423,0.000410440843552351,0.0004401719197630882,0.00042777396738529204,0.0003977199085056782,0.0004903274687069861,10,0.000414947047829628,,,30.0,,,,,100.0,2466.0,6.0,1283.0,30.0,1.0,,,,,,
skl,,100,breast_cancer,-1,10,1,0.007580182980746031,0.007753951940685511,0.0076132044196128845,0.007623583078384399,0.00763588584959507,0.007580182980746031,0.0077340753795740935,10,0.00761958840303123,,,30.0,,,,,100.0,2466.0,6.0,1283.0,30.0,1.0,,,,,,
skl,pyrt,100,breast_cancer,-1,10,1,0.00017208606004714966,0.00030971504747867584,0.0001739710569381714,0.00018041487783193588,0.00019099451601505278,0.00017208606004714966,0.00026945996892260675,10,0.0001771089155226946,,,30.0,,,,,100.0,2466.0,6.0,1283.0,30.0,1.0,,,,,,
skl,ort,100,breast_cancer,-1,10,1,0.0007968340069055557,0.0008729216642677784,0.0008006440475583076,0.0008080140687525272,0.0008117482531815768,0.0007968340069055557,0.000856210022672028,10,0.0008023821283131838,,,30.0,,,,,100.0,2466.0,6.0,1283.0,30.0,1.0,,,,,,
skl,,200,breast_cancer,-1,10,1,0.008019743952900171,0.008873519953340292,0.008045271970331669,0.008199953939765692,0.008187140570953488,0.008019743952900171,0.008683287313414417,10,0.008061714936047792,,,30.0,,,,,100.0,2466.0,6.0,1283.0,30.0,1.0,,,,,,
skl,pyrt,200,breast_cancer,-1,10,1,0.0003350730985403061,0.0004204297438263893,0.0003361399285495281,0.00034315185621380806,0.0003462994005531073,0.0003350730985403061,0.00039507407048200357,10,0.00033734948374331,,,30.0,,,,,100.0,2466.0,6.0,1283.0,30.0,1.0,,,,,,
skl,ort,200,breast_cancer,-1,10,1,0.001596903894096613,0.0017325300723314285,0.0016971882432699203,0.00172785809263587,0.0016959942877292633,0.0016204932342534454,0.0017325300723314285,10,0.00170134287327528,,,30.0,,,,,100.0,2466.0,6.0,1283.0,30.0,1.0,,,,,,
skl,,500,breast_cancer,-1,10,1,0.008740275166928768,0.009575027972459793,0.008781503420323133,0.008879635017365217,0.008895953232422472,0.008740275166928768,0.009355181821970595,10,0.008816495072096586,,,30.0,,,,,100.0,2466.0,6.0,1283.0,30.0,1.0,,,,,,
skl,pyrt,500,breast_cancer,-1,10,1,0.0008108210749924183,0.0009033242240548134,0.0008221515454351902,0.0008262558840215206,0.0008300733752548695,0.0008108210749924183,0.0008790621406434838,10,0.0008226181380450726,,,30.0,,,,,100.0,2466.0,6.0,1283.0,30.0,1.0,,,,,,
skl,ort,500,breast_cancer,-1,10,1,0.003879353404045105,0.004039960913360119,0.003902862314134836,0.003941346891224384,0.0039261481259018184,0.003879353404045105,0.004013113734043067,10,0.003913985565304756,,,30.0,,,,,100.0,2466.0,6.0,1283.0,30.0,1.0,,,,,,
skl,,1000,breast_cancer,-1,10,1,0.009884764906018972,0.010168478824198246,0.00996225792914629,0.009998281951993704,0.009981801547110081,0.009884764906018972,0.010132446444918319,10,0.009973809588700533,,,30.0,,,,,100.0,2466.0,6.0,1283.0,30.0,1.0,,,,,,
skl,pyrt,1000,breast_cancer,-1,10,1,0.0016144020482897758,0.0017723720520734787,0.001623982097953558,0.0016362802125513554,0.001641182228922844,0.0016144020482897758,0.0017280117547291058,10,0.001627085730433464,,,30.0,,,,,100.0,2466.0,6.0,1283.0,30.0,1.0,,,,,,
skl,ort,1000,breast_cancer,-1,10,1,0.007717012893408537,0.00793000916019082,0.007771295960992575,0.00780087523162365,0.00779632031917572,0.007717012893408537,0.007898565432596793,10,0.0077966873068362474,,,30.0,,,,,100.0,2466.0,6.0,1283.0,30.0,1.0,,,,,,
skl,,2000,breast_cancer,-1,10,1,0.012035064864903688,0.012369001284241676,0.012137293815612793,0.012254896108061075,0.012178475968539715,0.012035064864903688,0.01235569453137292,10,0.01216045068576932,,,30.0,,,,,100.0,2466.0,6.0,1283.0,30.0,1.0,,,,,,
skl,pyrt,2000,breast_cancer,-1,10,1,0.0032023880630731583,0.0033257887698709965,0.0032291878014802933,0.0032460340298712254,0.003245932376012206,0.0032023880630731583,0.003322378604109975,10,0.00323335244320333,,,30.0,,,,,100.0,2466.0,6.0,1283.0,30.0,1.0,,,,,,
skl,ort,2000,breast_cancer,-1,10,1,0.015454733278602362,0.01613857690244913,0.015536157879978418,0.015611494891345501,0.015618010889738798,0.015454733278602362,0.015982876658235785,10,0.015552910976111889,,,30.0,,,,,100.0,2466.0,6.0,1283.0,30.0,1.0,,,,,,
skl,,5000,breast_cancer,-1,10,1,0.018137181643396616,0.019076474010944366,0.018272913992404938,0.018364617135375738,0.018368075555190443,0.018137181643396616,0.018873697502250836,10,0.018284789519384503,,,30.0,,,,,100.0,2466.0,6.0,1283.0,30.0,1.0,,,,,,
skl,pyrt,5000,breast_cancer,-1,10,1,0.007987169083207846,0.00900715496391058,0.008083326742053032,0.008128509856760502,0.008172164997085929,0.007987169083207846,0.00872484455974718,10,0.00809510238468647,,,30.0,,,,,100.0,2466.0,6.0,1283.0,30.0,1.0,,,,,,
skl,ort,5000,breast_cancer,-1,10,1,0.03870014566928148,0.03954332694411278,0.03885430283844471,0.03911801101639867,0.038962602987885474,0.03870014566928148,0.03943678921667975,10,0.03889834997244179,,,30.0,,,,,100.0,2466.0,6.0,1283.0,30.0,1.0,,,,,,
skl,,10000,breast_cancer,-1,10,1,0.02781645581126213,0.028291042894124985,0.027919702231884003,0.028062883764505386,0.027992509165778758,0.02781645581126213,0.028291042894124985,10,0.027982725529000163,,,30.0,,,,,100.0,2466.0,6.0,1283.0,30.0,1.0,,,,,,
skl,pyrt,10000,breast_cancer,-1,10,1,0.016036048997193575,0.016176839359104633,0.016094995196908712,0.01614184258505702,0.016103991027921438,0.016036048997193575,0.016176839359104633,10,0.0161004604306072,,,30.0,,,,,100.0,2466.0,6.0,1283.0,30.0,1.0,,,,,,
skl,ort,10000,breast_cancer,-1,10,1,0.07740308111533523,0.0782220121473074,0.0775157199241221,0.07771616894751787,0.07763404287397861,0.07740308111533523,0.07808232573576859,10,0.07756439736112952,,,30.0,,,,,100.0,2466.0,6.0,1283.0,30.0,1.0,,,,,,
skl,,20000,breast_cancer,-1,10,1,0.04700912209227681,0.04749592300504446,0.04723755456507206,0.047302826307713985,0.04726297985762358,0.04703626317164433,0.04748969654360283,10,0.047283400781452656,,,30.0,,,,,100.0,2466.0,6.0,1283.0,30.0,1.0,,,,,,
skl,pyrt,20000,breast_cancer,-1,10,1,0.02690653596073389,0.03226901823654771,0.03194495802745223,0.032111491076648235,0.03146598618477583,0.02844921629539858,0.03226901823654771,10,0.03198946011252701,,,30.0,,,,,100.0,2466.0,6.0,1283.0,30.0,1.0,,,,,,
skl,ort,20000,breast_cancer,-1,10,1,0.15494326641783118,0.15569568565115333,0.15508791292086244,0.15545730665326118,0.1552531413733959,0.15494326641783118,0.15569568565115333,10,0.15521619096398354,,,30.0,,,,,100.0,2466.0,6.0,1283.0,30.0,1.0,,,,,,
skl,,50000,breast_cancer,-1,10,1,0.10685954801738262,0.11122134188190103,0.10702850809320807,0.10826031072065234,0.10788692450150847,0.10685954801738262,0.11054352041228589,10,0.10707713640294969,,,30.0,,,,,100.0,2466.0,6.0,1283.0,30.0,1.0,,,,,,
skl,pyrt,50000,breast_cancer,-1,10,1,0.06958307791501284,0.07694476703181863,0.07058277493342757,0.07344856206327677,0.07217508959583938,0.06958307791501284,0.07694476703181863,10,0.07143198163248599,,,30.0,,,,,100.0,2466.0,6.0,1283.0,30.0,1.0,,,,,,
skl,ort,50000,breast_cancer,-1,10,1,0.38765989895910025,0.39121319400146604,0.3882404901087284,0.3889277409762144,0.3887594311032444,0.38765989895910025,0.3906443187059031,10,0.38847292214632034,,,30.0,,,,,100.0,2466.0,6.0,1283.0,30.0,1.0,,,,,,
xgb,,1,breast_cancer,-1,10,1,7.096026092767715e-05,0.00026021385565400124,7.198797538876534e-05,7.600616663694382e-05,9.247967973351479e-05,7.096026092767715e-05,0.00020232316101448036,10,7.236399687826633e-05,,,,,,,,100.0,,,,,,reg:linear,4582.0,100.0,2341.0,2.0,
xgb,pyrt,1,breast_cancer,-1,10,1,1.767929643392563e-05,4.081800580024719e-05,2.029724419116974e-05,2.5859102606773376e-05,2.4856533855199814e-05,1.767929643392563e-05,3.9297707659605265e-05,10,2.1946849301457405e-05,,,,,,,,100.0,,,,,,reg:linear,4582.0,100.0,2341.0,2.0,
xgb,ort,1,breast_cancer,-1,10,1,3.142561763525009e-05,0.00010989420115947723,3.6322977393865585e-05,4.3008942157030106e-05,4.5732222497463225e-05,3.142561763525009e-05,8.922551058751206e-05,10,3.7409598007798195e-05,,,,,,,,100.0,,,,,,reg:linear,4582.0,100.0,2341.0,2.0,
xgb,,2,breast_cancer,-1,10,1,7.503107190132141e-05,9.641377255320549e-05,7.667113095521927e-05,8.140271529555321e-05,8.002282120287419e-05,7.503107190132141e-05,9.232735820840349e-05,10,7.807253859937191e-05,,,,,,,,100.0,,,,,,reg:linear,4582.0,100.0,2341.0,2.0,
xgb,pyrt,2,breast_cancer,-1,10,1,2.5284942239522934e-05,3.82009893655777e-05,2.650311216711998e-05,2.8332695364952087e-05,2.85295769572258e-05,2.5284942239522934e-05,3.573038589821809e-05,10,2.7342932298779488e-05,,,,,,,,100.0,,,,,,reg:linear,4582.0,100.0,2341.0,2.0,
xgb,ort,2,breast_cancer,-1,10,1,4.1942112147808075e-05,6.382819265127182e-05,4.534190520644188e-05,4.911515861749649e-05,4.82974573969841e-05,4.1942112147808075e-05,6.002374629951091e-05,10,4.647416062653065e-05,,,,,,,,100.0,,,,,,reg:linear,4582.0,100.0,2341.0,2.0,
xgb,,5,breast_cancer,-1,10,1,8.758576586842537e-05,0.00012384261935949326,8.903909474611282e-05,9.360210970044136e-05,9.545963257551193e-05,8.758576586842537e-05,0.00011731788001635388,10,9.07613430172205e-05,,,,,,,,100.0,,,,,,reg:linear,4582.0,100.0,2341.0,2.0,
xgb,pyrt,5,breast_cancer,-1,10,1,4.2634084820747375e-05,5.847867578268051e-05,4.761526361107826e-05,4.8570334911346436e-05,4.859529435634613e-05,4.2634084820747375e-05,5.633585672662323e-05,10,4.7653913497924805e-05,,,,,,,,100.0,,,,,,reg:linear,4582.0,100.0,2341.0,2.0,
xgb,ort,5,breast_cancer,-1,10,1,7.177190855145454e-05,9.44528728723526e-05,7.758475840091705e-05,7.88932666182518e-05,7.964172400534152e-05,7.177190855145454e-05,9.136391959904233e-05,10,7.837079465389252e-05,,,,,,,,100.0,,,,,,reg:linear,4582.0,100.0,2341.0,2.0,
xgb,,10,breast_cancer,-1,10,1,0.00011025601997971535,0.00014010677114129066,0.00011509191244840622,0.0001275879330933094,0.00012123188935220242,0.00011025601997971535,0.00014010677114129066,10,0.00011661811731755733,,,,,,,,100.0,,,,,,reg:linear,4582.0,100.0,2341.0,2.0,
xgb,pyrt,10,breast_cancer,-1,10,1,7.670512422919273e-05,9.357277303934097e-05,8.099619299173355e-05,8.450169116258621e-05,8.282847702503204e-05,7.670512422919273e-05,9.206927225350071e-05,10,8.130259811878204e-05,,,,,,,,100.0,,,,,,reg:linear,4582.0,100.0,2341.0,2.0,
xgb,ort,10,breast_cancer,-1,10,1,0.00012346915900707245,0.00015134690329432487,0.00013176724314689636,0.00013451511040329933,0.00013412744738161564,0.00012346915900707245,0.00014848270916869476,10,0.00013218284584581852,,,,,,,,100.0,,,,,,reg:linear,4582.0,100.0,2341.0,2.0,
xgb,,20,breast_cancer,-1,10,1,0.0001560351811349392,0.00018967734649777412,0.00016158772632479668,0.00016934983432292938,0.00016685356386005878,0.0001560351811349392,0.0001882919458841303,10,0.00016243895515799522,,,,,,,,100.0,,,,,,reg:linear,4582.0,100.0,2341.0,2.0,
xgb,pyrt,20,breast_cancer,-1,10,1,0.00015034759417176247,0.00016280030831694603,0.0001513659954071045,0.00015357276424765587,0.0001531936228275299,0.00015034759417176247,0.00016047671329014475,10,0.00015170127153396606,,,,,,,,100.0,,,,,,reg:linear,4582.0,100.0,2341.0,2.0,
xgb,ort,20,breast_cancer,-1,10,1,0.00024004792794585228,0.0002725929953157902,0.0002438873052597046,0.00025029806420207024,0.00024895453825592997,0.00024004792794585228,0.00026875759654942585,10,0.00024445471353828907,,,,,,,,100.0,,,,,,reg:linear,4582.0,100.0,2341.0,2.0,
xgb,,50,breast_cancer,-1,10,1,0.0002905377186834812,0.00031908508390188217,0.0002950970083475113,0.0003066612407565117,0.0003001111559569836,0.0002905377186834812,0.00031710286080710614,10,0.0002987778279930353,,,,,,,,100.0,,,,,,reg:linear,4582.0,100.0,2341.0,2.0,
xgb,pyrt,50,breast_cancer,-1,10,1,0.0003462112508714199,0.00036911526694893837,0.00035115890204906464,0.0003583235666155815,0.0003548523876816034,0.0003462112508714199,0.00036699246719058343,10,0.00035278149880468845,,,,,,,,100.0,,,,,,reg:linear,4582.0,100.0,2341.0,2.0,
xgb,ort,50,breast_cancer,-1,10,1,0.0005519627593457699,0.0005866959691047668,0.0005651642568409443,0.0005708360113203526,0.0005677110049873591,0.0005519627593457699,0.0005843642545760815,10,0.0005668175872415304,,,,,,,,100.0,,,,,,reg:linear,4582.0,100.0,2341.0,2.0,
xgb,,100,breast_cancer,-1,10,1,0.0005115186795592308,0.0005505350418388844,0.0005152132362127304,0.0005375798791646957,0.0005251653492450714,0.0005115186795592308,0.0005505350418388844,10,0.0005202123429626226,,,,,,,,100.0,,,,,,reg:linear,4582.0,100.0,2341.0,2.0,
xgb,pyrt,100,breast_cancer,-1,10,1,0.0006772791966795921,0.0007075602188706398,0.000682988204061985,0.000695427879691124,0.0006898665335029364,0.0006772791966795921,0.000707557787781071,10,0.0006907458882778883,,,,,,,,100.0,,,,,,reg:linear,4582.0,100.0,2341.0,2.0,
xgb,ort,100,breast_cancer,-1,10,1,0.001091125886887312,0.0011337967589497566,0.0011080298572778702,0.001119511667639017,0.0011100140865892172,0.001091125886887312,0.0011337967589497566,10,0.0011098042596131563,,,,,,,,100.0,,,,,,reg:linear,4582.0,100.0,2341.0,2.0,
xgb,,200,breast_cancer,-1,10,1,0.0009516729041934013,0.0010168058797717094,0.0009640650823712349,0.0009738011285662651,0.0009715917985886335,0.0009516729041934013,0.001004397844056615,10,0.0009666960686445236,,,,,,,,100.0,,,,,,reg:linear,4582.0,100.0,2341.0,2.0,
xgb,pyrt,200,breast_cancer,-1,10,1,0.0013529169373214245,0.00138464430347085,0.001360523048788309,0.0013668863102793694,0.001364161353558302,0.0013529169373214245,0.00138063895889268,10,0.0013625260908156633,,,,,,,,100.0,,,,,,reg:linear,4582.0,100.0,2341.0,2.0,
xgb,ort,200,breast_cancer,-1,10,1,0.0021714442409574986,0.0022189966402947903,0.002183777280151844,0.0022126841358840466,0.002194677432999015,0.0021714442409574986,0.0022189966402947903,10,0.0021918099373579025,,,,,,,,100.0,,,,,,reg:linear,4582.0,100.0,2341.0,2.0,
xgb,,500,breast_cancer,-1,10,1,0.002296776045113802,0.002335626631975174,0.00230608694255352,0.0023196572437882423,0.0023113273549824954,0.002296776045113802,0.002332690199075002,10,0.002309943549335003,,,,,,,,100.0,,,,,,reg:linear,4582.0,100.0,2341.0,2.0,
xgb,pyrt,500,breast_cancer,-1,10,1,0.003377187065780163,0.0035272128880023956,0.0033972831442952156,0.0034169908612966537,0.003418761771172285,0.003377187065780163,0.003502448197207975,10,0.0034026969224214554,,,,,,,,100.0,,,,,,reg:linear,4582.0,100.0,2341.0,2.0,
xgb,ort,500,breast_cancer,-1,10,1,0.005406267009675503,0.0055113243870437145,0.0054295966401696205,0.005446941126137972,0.005443637585267424,0.005406267009675503,0.005503721280666797,10,0.005441355984658003,,,,,,,,100.0,,,,,,reg:linear,4582.0,100.0,2341.0,2.0,
xgb,,1000,breast_cancer,-1,10,1,0.0045252516865730286,0.004610306117683649,0.004538668319582939,0.004564790986478329,0.004550888482481241,0.0045252516865730286,0.004597530475000504,10,0.004546585725620389,,,,,,,,100.0,,,,,,reg:linear,4582.0,100.0,2341.0,2.0,
xgb,pyrt,1000,breast_cancer,-1,10,1,0.006733953021466732,0.006816899869590998,0.006760152988135815,0.006797400768846273,0.006776006985455751,0.006733953021466732,0.006816899869590998,10,0.006773458095267415,,,,,,,,100.0,,,,,,reg:linear,4582.0,100.0,2341.0,2.0,
xgb,ort,1000,breast_cancer,-1,10,1,0.010778191033750772,0.010897512547671795,0.010836432687938213,0.010889324825257063,0.010856519313529133,0.010782617146502336,0.010897512547671795,10,0.010868227109313011,,,,,,,,100.0,,,,,,reg:linear,4582.0,100.0,2341.0,2.0,
xgb,,2000,breast_cancer,-1,10,1,0.008968859910964966,0.009069252759218216,0.009012020193040371,0.0090537304058671,0.009026189520955085,0.008968859910964966,0.009069252759218216,10,0.0090265735052526,,,,,,,,100.0,,,,,,reg:linear,4582.0,100.0,2341.0,2.0,
xgb,pyrt,2000,breast_cancer,-1,10,1,0.013422515243291855,0.013751792255789042,0.013502147980034351,0.01360532222315669,0.013536376506090164,0.013422515243291855,0.013721851548813323,10,0.013508270028978586,,,,,,,,100.0,,,,,,reg:linear,4582.0,100.0,2341.0,2.0,
xgb,ort,2000,breast_cancer,-1,10,1,0.02157029928639531,0.021834508050233126,0.02164293034002185,0.021711640059947968,0.021674126153811812,0.02157029928639531,0.021834508050233126,10,0.021660206373780966,,,,,,,,100.0,,,,,,reg:linear,4582.0,100.0,2341.0,2.0,
xgb,,5000,breast_cancer,-1,10,1,0.02236869977787137,0.022454238962382078,0.022412918973714113,0.022437243722379208,0.02241815021261573,0.022372327400576746,0.022454238962382078,10,0.022414365550503135,,,,,,,,100.0,,,,,,reg:linear,4582.0,100.0,2341.0,2.0,
xgb,pyrt,5000,breast_cancer,-1,10,1,0.03362222807481885,0.03439048305153847,0.03372964635491371,0.033785220701247454,0.03381872200407088,0.03362222807481885,0.03421309949568703,10,0.03377294563688338,,,,,,,,100.0,,,,,,reg:linear,4582.0,100.0,2341.0,2.0,
xgb,ort,5000,breast_cancer,-1,10,1,0.054018585942685604,0.054372777696698904,0.054119118954986334,0.054166954942047596,0.05415874924510718,0.054018585942685604,0.054351760026564395,10,0.05414931057021022,,,,,,,,100.0,,,,,,reg:linear,4582.0,100.0,2341.0,2.0,
xgb,,10000,breast_cancer,-1,10,1,0.044624364003539085,0.04505137773230672,0.04470557998865843,0.04478357220068574,0.044765747897326943,0.044624364003539085,0.04498153624031257,10,0.044743259670212865,,,,,,,,100.0,,,,,,reg:linear,4582.0,100.0,2341.0,2.0,
xgb,pyrt,10000,breast_cancer,-1,10,1,0.0673743998631835,0.067787264008075,0.06746158935129642,0.06753685884177685,0.06751487208530307,0.0673743998631835,0.06772973430839294,10,0.06750130490399897,,,,,,,,100.0,,,,,,reg:linear,4582.0,100.0,2341.0,2.0,
xgb,ort,10000,breast_cancer,-1,10,1,0.10821909410879016,0.10946791665628552,0.10839637974277139,0.10890910401940346,0.10864099846221506,0.10821909410879016,0.10938389603249678,10,0.10857128095813096,,,,,,,,100.0,,,,,,reg:linear,4582.0,100.0,2341.0,2.0,
xgb,,20000,breast_cancer,-1,10,1,0.08925477089360356,0.08960488997399807,0.08936898875981569,0.08943518716841936,0.08939525499008596,0.08925477089360356,0.08957769351293314,10,0.08940547052770853,,,,,,,,100.0,,,,,,reg:linear,4582.0,100.0,2341.0,2.0,
xgb,pyrt,20000,breast_cancer,-1,10,1,0.1347593660466373,0.1360541069880128,0.13498335191980004,0.13535833032801747,0.13516201660968363,0.1347593660466373,0.13588185523897756,10,0.13508870406076312,,,,,,,,100.0,,,,,,reg:linear,4582.0,100.0,2341.0,2.0,
xgb,ort,20000,breast_cancer,-1,10,1,0.21612875163555145,0.2173260902054608,0.21681783720850945,0.2169330222532153,0.2168344236444682,0.2162741040001862,0.2173260902054608,10,0.21682516136206686,,,,,,,,100.0,,,,,,reg:linear,4582.0,100.0,2341.0,2.0,
xgb,,50000,breast_cancer,-1,10,1,0.2231525550596416,0.22371992422267795,0.22328968392685056,0.22357807960361242,0.2234456627164036,0.2231525550596416,0.22371992422267795,10,0.22350953635759652,,,,,,,,100.0,,,,,,reg:linear,4582.0,100.0,2341.0,2.0,
xgb,pyrt,50000,breast_cancer,-1,10,1,0.3369811540469527,0.3377161771059036,0.33735666796565056,0.3375004823319614,0.3373566313181072,0.3369811540469527,0.3377161771059036,10,0.33737906301394105,,,,,,,,100.0,,,,,,reg:linear,4582.0,100.0,2341.0,2.0,
xgb,ort,50000,breast_cancer,-1,10,1,0.5403609029017389,0.5451545780524611,0.541055862326175,0.5416307109408081,0.541659710649401,0.5403609029017389,0.5442049835239381,10,0.5413184755016118,,,,,,,,100.0,,,,,,reg:linear,4582.0,100.0,2341.0,2.0,
lgb,,1,breast_cancer,-1,10,1,0.00010656286031007767,0.00034011993557214737,0.00010863598436117172,0.0001182439737021923,0.0001359093002974987,0.00010656286031007767,0.00027011370428399657,10,0.00011175498366355896,,,30.0,,,,,100.0,,,,,,regression,2336.0,100.0,1218.0,2.0,1.0
lgb,pyrt,1,breast_cancer,-1,10,1,1.9103754311800003e-05,4.616519436240196e-05,2.0450912415981293e-05,2.3871660232543945e-05,2.399040386080742e-05,1.9103754311800003e-05,3.910288856528446e-05,10,2.0583393052220345e-05,,,30.0,,,,,100.0,,,,,,regression,2336.0,100.0,1218.0,2.0,1.0
lgb,ort,1,breast_cancer,-1,10,1,3.127800300717354e-05,9.41460020840168e-05,3.315182402729988e-05,3.806594759225845e-05,4.073828458786011e-05,3.127800300717354e-05,7.653368218640201e-05,10,3.358745016157627e-05,,,30.0,,,,,100.0,,,,,,regression,2336.0,100.0,1218.0,2.0,1.0
lgb,,2,breast_cancer,-1,10,1,0.00011098012328147888,0.00013119913637638092,0.00011249398812651634,0.00011887494474649429,0.00011644735932350158,0.00011098012328147888,0.00012800693967343762,10,0.0001143116969615221,,,30.0,,,,,100.0,,,,,,regression,2336.0,100.0,1218.0,2.0,1.0
lgb,pyrt,2,breast_cancer,-1,10,1,2.6117078959941864e-05,3.5419128835201263e-05,2.6714056730270386e-05,2.825818955898285e-05,2.8084451332688332e-05,2.6117078959941864e-05,3.329192725585281e-05,10,2.7216505259275436e-05,,,30.0,,,,,100.0,,,,,,regression,2336.0,100.0,1218.0,2.0,1.0
lgb,ort,2,breast_cancer,-1,10,1,4.1608233004808426e-05,5.860486999154091e-05,4.2174942791461945e-05,4.543177783489227e-05,4.5007281005382535e-05,4.1608233004808426e-05,5.466366660017475e-05,10,4.308996722102165e-05,,,30.0,,,,,100.0,,,,,,regression,2336.0,100.0,1218.0,2.0,1.0
lgb,,5,breast_cancer,-1,10,1,0.00012638606131076813,0.00015709968283772469,0.00012917909771203995,0.00013776076957583427,0.00013458733446896075,0.00012638606131076813,0.00015277188856039562,10,0.00013132160529494286,,,30.0,,,,,100.0,,,,,,regression,2336.0,100.0,1218.0,2.0,1.0
lgb,pyrt,5,breast_cancer,-1,10,1,4.435889422893524e-05,5.502905696630478e-05,4.546390846371651e-05,4.719803109765053e-05,4.676193930208683e-05,4.435889422893524e-05,5.253644035656098e-05,10,4.555308260023594e-05,,,30.0,,,,,100.0,,,,,,regression,2336.0,100.0,1218.0,2.0,1.0
lgb,ort,5,breast_cancer,-1,10,1,7.075304165482521e-05,8.75815749168396e-05,7.193861529231071e-05,7.332395762205124e-05,7.399087771773339e-05,7.075304165482521e-05,8.322445511426365e-05,10,7.229810580611229e-05,,,30.0,,,,,100.0,,,,,,regression,2336.0,100.0,1218.0,2.0,1.0
lgb,,10,breast_cancer,-1,10,1,0.00015334086492657661,0.00017848098650574684,0.0001578819938004017,0.00016387412324547768,0.00016096215695142745,0.00015334086492657661,0.00017545275482582293,10,0.0001584447454661131,,,30.0,,,,,100.0,,,,,,regression,2336.0,100.0,1218.0,2.0,1.0
lgb,pyrt,10,breast_cancer,-1,10,1,7.398892194032669e-05,8.466700091958046e-05,7.457984611392021e-05,7.689790800213814e-05,7.656323723495006e-05,7.398892194032669e-05,8.277550859706737e-05,10,7.572607137262821e-05,,,30.0,,,,,100.0,,,,,,regression,2336.0,100.0,1218.0,2.0,1.0
lgb,ort,10,breast_cancer,-1,10,1,0.0001171301119029522,0.0001354520209133625,0.00011853687465190887,0.00012145005166530609,0.00012124408967792988,0.0001171301119029522,0.00013143219367937108,10,0.00011907587759196758,,,30.0,,,,,100.0,,,,,,regression,2336.0,100.0,1218.0,2.0,1.0
lgb,,20,breast_cancer,-1,10,1,0.00020486675202846527,0.00023515289649367332,0.00020778970792889595,0.00021380092948675156,0.0002128256019204855,0.00020486675202846527,0.00023066111275060774,10,0.0002089301124215126,,,30.0,,,,,100.0,,,,,,regression,2336.0,100.0,1218.0,2.0,1.0
lgb,pyrt,20,breast_cancer,-1,10,1,0.00013197911903262138,0.00014463206753134727,0.00013464177027344704,0.0001356326974928379,0.00013571521267294884,0.00013197911903262138,0.0001424244589061991,10,0.00013510137796401978,,,30.0,,,,,100.0,,,,,,regression,2336.0,100.0,1218.0,2.0,1.0
lgb,ort,20,breast_cancer,-1,10,1,0.00020936690270900726,0.00022897310554981232,0.00021310104057192802,0.0002173897810280323,0.00021559684537351132,0.00020936690270900726,0.00022629346419188537,10,0.0002141036093235016,,,30.0,,,,,100.0,,,,,,regression,2336.0,100.0,1218.0,2.0,1.0
lgb,,50,breast_cancer,-1,10,1,0.00035416800528764725,0.0003777029924094677,0.0003551999107003212,0.0003614937886595726,0.00036017238162457945,0.00035416800528764725,0.0003732150742611812,10,0.000359534053131938,,,30.0,,,,,100.0,,,,,,regression,2336.0,100.0,1218.0,2.0,1.0
lgb,pyrt,50,breast_cancer,-1,10,1,0.00030368100851774216,0.0003230990841984749,0.00030724378302693367,0.0003089667297899723,0.00030889655463397505,0.00030368100851774216,0.0003190604085149536,10,0.0003077604342252016,,,30.0,,,,,100.0,,,,,,regression,2336.0,100.0,1218.0,2.0,1.0
lgb,ort,50,breast_cancer,-1,10,1,0.0004844050854444504,0.0005102949216961861,0.0004889629781246185,0.0004921304062008858,0.0004918907303363085,0.0004844050854444504,0.0005060424639801567,10,0.0004899199120700359,,,30.0,,,,,100.0,,,,,,regression,2336.0,100.0,1218.0,2.0,1.0
lgb,,100,breast_cancer,-1,10,1,0.0006048767827451229,0.000630364753305912,0.0006098011508584023,0.0006171343848109245,0.0006131703965365886,0.0006048767827451229,0.0006269124437761293,10,0.0006116654258221388,,,30.0,,,,,100.0,,,,,,regression,2336.0,100.0,1218.0,2.0,1.0
lgb,pyrt,100,breast_cancer,-1,10,1,0.0005926680751144886,0.0006165476515889168,0.0005964231677353382,0.000599241815507412,0.0005990313366055489,0.0005926680751144886,0.0006116465634393195,10,0.0005969617050141096,,,30.0,,,,,100.0,,,,,,regression,2336.0,100.0,1218.0,2.0,1.0
lgb,ort,100,breast_cancer,-1,10,1,0.0009485501796007156,0.0010088272392749786,0.000949349720031023,0.0009601041674613953,0.0009605349041521549,0.0009485501796007156,0.0009955610718579667,10,0.0009538484737277031,,,30.0,,,,,100.0,,,,,,regression,2336.0,100.0,1218.0,2.0,1.0
lgb,,200,breast_cancer,-1,10,1,0.0011013592593371868,0.0011293990537524223,0.0011076778173446655,0.001123615074902773,0.0011145541444420814,0.0011013592593371868,0.0011293990537524223,10,0.001112756785005331,,,30.0,,,,,100.0,,,,,,regression,2336.0,100.0,1218.0,2.0,1.0
lgb,pyrt,200,breast_cancer,-1,10,1,0.0011588162742555141,0.0012100101448595524,0.0011709700338542461,0.0011859000660479069,0.0011799796018749475,0.0011588162742555141,0.0012100101448595524,10,0.001173591474071145,,,30.0,,,,,100.0,,,,,,regression,2336.0,100.0,1218.0,2.0,1.0
lgb,ort,200,breast_cancer,-1,10,1,0.0018567382358014584,0.001992950215935707,0.0018823747523128986,0.0019204728305339813,0.0019031472969800235,0.0018567382358014584,0.001986159985151681,10,0.0018903298769146204,,,30.0,,,,,100.0,,,,,,regression,2336.0,100.0,1218.0,2.0,1.0
lgb,,500,breast_cancer,-1,10,1,0.002588242292404175,0.0026250560767948627,0.0026145102456212044,0.002619239967316389,0.0026130869053304197,0.0025915358189412298,0.0026250560767948627,10,0.002616102574393153,,,30.0,,,,,100.0,,,,,,regression,2336.0,100.0,1218.0,2.0,1.0
lgb,pyrt,500,breast_cancer,-1,10,1,0.002885567955672741,0.002935915719717741,0.0029067639261484146,0.002916220109909773,0.0029094173572957517,0.002885567955672741,0.00293403631870731,10,0.002907264046370983,,,30.0,,,,,100.0,,,,,,regression,2336.0,100.0,1218.0,2.0,1.0
lgb,ort,500,breast_cancer,-1,10,1,0.004617316648364067,0.0046853539533913136,0.004631300922483206,0.004656924866139889,0.004644084721803665,0.004617316648364067,0.0046853539533913136,10,0.004636765457689762,,,30.0,,,,,100.0,,,,,,regression,2336.0,100.0,1218.0,2.0,1.0
lgb,,1000,breast_cancer,-1,10,1,0.0051126121543347836,0.0051940311677753925,0.005123431794345379,0.005160919856280088,0.005142113752663135,0.0051126121543347836,0.005189249617283673,10,0.005140720866620541,,,30.0,,,,,100.0,,,,,,regression,2336.0,100.0,1218.0,2.0,1.0
lgb,pyrt,1000,breast_cancer,-1,10,1,0.005780064966529608,0.005875831935554743,0.005789442919194698,0.005834218114614487,0.005811106506735086,0.005780064966529608,0.005869342811330268,10,0.00580611964687705,,,30.0,,,,,100.0,,,,,,regression,2336.0,100.0,1218.0,2.0,1.0
lgb,ort,1000,breast_cancer,-1,10,1,0.009219972416758537,0.009354142006486654,0.009234885685145855,0.009258185978978872,0.009258685074746609,0.009219972416758537,0.00933441565270878,10,0.009246875764802098,,,30.0,,,,,100.0,,,,,,regression,2336.0,100.0,1218.0,2.0,1.0
lgb,,2000,breast_cancer,-1,10,1,0.01012167101725936,0.01018657861277461,0.010134843178093433,0.01017362391576171,0.010151308262720704,0.01012167101725936,0.01018657861277461,10,0.010145959910005331,,,30.0,,,,,100.0,,,,,,regression,2336.0,100.0,1218.0,2.0,1.0
lgb,pyrt,2000,breast_cancer,-1,10,1,0.011553190182894468,0.011637845076620579,0.011557335965335369,0.01156635582447052,0.011569415172562002,0.011553190182894468,0.011617039741985153,10,0.011561150196939707,,,30.0,,,,,100.0,,,,,,regression,2336.0,100.0,1218.0,2.0,1.0
lgb,ort,2000,breast_cancer,-1,10,1,0.01841008197516203,0.018500758800655603,0.01843247888609767,0.018486364278942347,0.018445574585348366,0.01841008197516203,0.018500758800655603,10,0.018435891484841704,,,30.0,,,,,100.0,,,,,,regression,2336.0,100.0,1218.0,2.0,1.0
lgb,,5000,breast_cancer,-1,10,1,0.025086570996791124,0.025276772677898407,0.025195732712745667,0.025251987855881453,0.025205451902002095,0.025095982005726915,0.025276772677898407,10,0.02521902951411903,,,30.0,,,,,100.0,,,,,,regression,2336.0,100.0,1218.0,2.0,1.0
lgb,pyrt,5000,breast_cancer,-1,10,1,0.028841552324593067,0.029066838324069977,0.02888017101213336,0.028979333117604256,0.028930664481595158,0.028841552324593067,0.02906373575963521,10,0.028926963452249765,,,30.0,,,,,100.0,,,,,,regression,2336.0,100.0,1218.0,2.0,1.0
lgb,ort,5000,breast_cancer,-1,10,1,0.04596134880557656,0.04626537300646305,0.04600269300863147,0.046195073053240776,0.04607547507621348,0.04596134880557656,0.04626537300646305,10,0.046031086007133126,,,30.0,,,,,100.0,,,,,,regression,2336.0,100.0,1218.0,2.0,1.0
lgb,,10000,breast_cancer,-1,10,1,0.05028185388073325,0.05054866475984454,0.050370524637401104,0.05045378766953945,0.050417480524629354,0.05028185388073325,0.05054866475984454,10,0.05041758203878999,,,30.0,,,,,100.0,,,,,,regression,2336.0,100.0,1218.0,2.0,1.0
lgb,pyrt,10000,breast_cancer,-1,10,1,0.057715957053005695,0.0579679817892611,0.05775812128558755,0.05786766204982996,0.057798939291387796,0.057715957053005695,0.05795817713053956,10,0.057767220539972186,,,30.0,,,,,100.0,,,,,,regression,2336.0,100.0,1218.0,2.0,1.0
lgb,ort,10000,breast_cancer,-1,10,1,0.09192852908745408,0.092670904006809,0.09202178427949548,0.09212239924818277,0.09213711563497781,0.09192852908745408,0.09258603589300037,10,0.09208261012099683,,,30.0,,,,,100.0,,,,,,regression,2336.0,100.0,1218.0,2.0,1.0
lgb,,20000,breast_cancer,-1,10,1,0.10047605913132429,0.10136110009625554,0.10061787907034159,0.10094091016799212,0.10078535522334278,0.10047605913132429,0.10130160489083176,10,0.10072590643540025,,,30.0,,,,,100.0,,,,,,regression,2336.0,100.0,1218.0,2.0,1.0
lgb,pyrt,20000,breast_cancer,-1,10,1,0.11548903305083513,0.11577829206362367,0.11553682060912251,0.11564846197143197,0.1156052777543664,0.11548903305083513,0.11577829206362367,10,0.11557962046936154,,,30.0,,,,,100.0,,,,,,regression,2336.0,100.0,1218.0,2.0,1.0
lgb,ort,20000,breast_cancer,-1,10,1,0.18391749914735556,0.18459220370277762,0.18406815128400922,0.18419921630993485,0.18414736553095282,0.18391749914735556,0.18453148345123338,10,0.1841414114460349,,,30.0,,,,,100.0,,,,,,regression,2336.0,100.0,1218.0,2.0,1.0
lgb,,50000,breast_cancer,-1,10,1,0.25099990190938115,0.25255822483450174,0.2515122168697417,0.25229991180822253,0.25184296611696483,0.25099990190938115,0.25255822483450174,10,0.2518451672513038,,,30.0,,,,,100.0,,,,,,regression,2336.0,100.0,1218.0,2.0,1.0
lgb,pyrt,50000,breast_cancer,-1,10,1,0.28877438930794597,0.2891546627506614,0.2888664179481566,0.28903684113174677,0.2889549678657204,0.28877438930794597,0.2891546627506614,10,0.2889636494219303,,,30.0,,,,,100.0,,,,,,regression,2336.0,100.0,1218.0,2.0,1.0
lgb,ort,50000,breast_cancer,-1,10,1,0.4594188048504293,0.4611023310571909,0.4601620458997786,0.4602771238423884,0.4601832166779786,0.4594188048504293,0.461022421261193,10,0.4602217087522149,,,30.0,,,,,100.0,,,,,,regression,2336.0,100.0,1218.0,2.0,1.0
sklh,,1,digits,-1,10,1,0.0019290922209620476,0.002141288947314024,0.0019425912760198116,0.0019648857414722443,0.001970663433894515,0.0019290922209620476,0.002086341314977685,10,0.001957432134076953,0.0,0.0,64.0,100.0,2567.0,5034.0,6.0,,,,,,,,,,,,
sklh,pyrt,1,digits,-1,10,1,2.1687708795070648e-05,3.894837573170662e-05,2.1993182599544525e-05,2.4183187633752823e-05,2.4439767003059387e-05,2.1687708795070648e-05,3.4234104633556794e-05,10,2.2552907466888428e-05,0.0,0.0,64.0,100.0,2567.0,5034.0,6.0,,,,,,,,,,,,
sklh,ort,1,digits,-1,10,1,3.850599750876427e-05,9.810598567128181e-05,4.1087158024311066e-05,4.811398684978485e-05,4.841741174459458e-05,3.850599750876427e-05,8.201927699844668e-05,10,4.144059494137764e-05,0.0,0.0,64.0,100.0,2567.0,5034.0,6.0,,,,,,,,,,,,
sklh,,2,digits,-1,10,1,0.0017860690131783485,0.0018709632568061352,0.001796254888176918,0.0018173540011048317,0.0018086473923176528,0.0017860690131783485,0.0018539670132120115,10,0.0018007121980190277,0.0,0.0,64.0,100.0,2567.0,5034.0,6.0,,,,,,,,,,,,
sklh,pyrt,2,digits,-1,10,1,3.1624920666217804e-05,4.258193075656891e-05,3.208871930837631e-05,3.365194424986839e-05,3.387448377907276e-05,3.1624920666217804e-05,3.99020313765241e-05,10,3.334484063088894e-05,0.0,0.0,64.0,100.0,2567.0,5034.0,6.0,,,,,,,,,,,,
sklh,ort,2,digits,-1,10,1,5.1853246986866e-05,7.337518036365509e-05,5.360599607229233e-05,5.641533061861992e-05,5.6253280490636826e-05,5.1853246986866e-05,6.812992198113694e-05,10,5.419808439910412e-05,0.0,0.0,64.0,100.0,2567.0,5034.0,6.0,,,,,,,,,,,,
sklh,,5,digits,-1,10,1,0.0017794533632695675,0.0018364368006587029,0.0017940602265298367,0.0018196902237832546,0.0018055007327347993,0.0017794533632695675,0.0018364368006587029,10,0.001803005114197731,0.0,0.0,64.0,100.0,2567.0,5034.0,6.0,,,,,,,,,,,,
sklh,pyrt,5,digits,-1,10,1,5.832500755786896e-05,6.956886500120163e-05,5.975877866148949e-05,6.1017926782369614e-05,6.112828850746155e-05,5.832500755786896e-05,6.729096602993003e-05,10,6.0199759900569916e-05,0.0,0.0,64.0,100.0,2567.0,5034.0,6.0,,,,,,,,,,,,
sklh,ort,5,digits,-1,10,1,9.268801659345627e-05,0.00011102575808763504,9.380793198943138e-05,9.675184264779091e-05,9.685857221484185e-05,9.268801659345627e-05,0.00010736436049790826,10,9.507010690867901e-05,0.0,0.0,64.0,100.0,2567.0,5034.0,6.0,,,,,,,,,,,,
sklh,,10,digits,-1,10,1,0.0017946921288967133,0.0018428298644721508,0.0018054768443107605,0.0018172012642025948,0.0018141758628189564,0.0017946921288967133,0.0018428298644721508,10,0.0018134706187993288,0.0,0.0,64.0,100.0,2567.0,5034.0,6.0,,,,,,,,,,,,
sklh,pyrt,10,digits,-1,10,1,0.00010112207382917404,0.00011262204498052597,0.00010343315079808235,0.00010581593960523605,0.00010483823716640472,0.00010112207382917404,0.00011093102472572366,10,0.00010363897308707237,0.0,0.0,64.0,100.0,2567.0,5034.0,6.0,,,,,,,,,,,,
sklh,ort,10,digits,-1,10,1,0.00015837699174880981,0.0001780092716217041,0.0001608608290553093,0.0001640073023736477,0.00016371659003198147,0.00015837699174880981,0.00017460192499247447,10,0.0001618384849280119,0.0,0.0,64.0,100.0,2567.0,5034.0,6.0,,,,,,,,,,,,
sklh,,20,digits,-1,10,1,0.001820988953113556,0.001870592124760151,0.0018294570036232471,0.001840229146182537,0.0018374630715698003,0.001820988953113556,0.001863834247028855,10,0.0018366568256169558,0.0,0.0,64.0,100.0,2567.0,5034.0,6.0,,,,,,,,,,,,
sklh,pyrt,20,digits,-1,10,1,0.00018631713464856148,0.00020588794723153114,0.00019026221707463264,0.0001957220956683159,0.00019278363324701787,0.00018631713464856148,0.00020343461199984932,10,0.00019097793847322464,0.0,0.0,64.0,100.0,2567.0,5034.0,6.0,,,,,,,,,,,,
sklh,ort,20,digits,-1,10,1,0.00029143737629055977,0.0003173789009451866,0.0002963249571621418,0.00030041299760341644,0.0002987146377563477,0.00029143737629055977,0.0003126502988289745,10,0.0002964031882584095,0.0,0.0,64.0,100.0,2567.0,5034.0,6.0,,,,,,,,,,,,
sklh,,50,digits,-1,10,1,0.001879893708974123,0.001920598093420267,0.0018837759271264076,0.0018919720314443111,0.001890091272071004,0.001879893708974123,0.0019117121315775185,10,0.0018875838723033667,0.0,0.0,64.0,100.0,2567.0,5034.0,6.0,,,,,,,,,,,,
sklh,pyrt,50,digits,-1,10,1,0.0004458627663552761,0.0004816632717847824,0.0004470772109925747,0.0004550679586827755,0.0004536866210401058,0.0004458627663552761,0.00047365171433487,10,0.000450704013928771,0.0,0.0,64.0,100.0,2567.0,5034.0,6.0,,,,,,,,,,,,
sklh,ort,50,digits,-1,10,1,0.0006944332271814346,0.0007288279011845589,0.0006982842460274696,0.0007024509832262993,0.000702511053532362,0.0006944332271814346,0.0007206974782185281,10,0.0006999087054282427,0.0,0.0,64.0,100.0,2567.0,5034.0,6.0,,,,,,,,,,,,
sklh,,100,digits,-1,10,1,0.001980104949325323,0.0020367559045553207,0.001988684758543968,0.002009072806686163,0.002001432189717889,0.001980104949325323,0.0020357012140274633,10,0.0019972207956016064,0.0,0.0,64.0,100.0,2567.0,5034.0,6.0,,,,,,,,,,,,
sklh,pyrt,100,digits,-1,10,1,0.0008741701021790504,0.0009247306734323502,0.0008745389059185982,0.000886156689375639,0.0008829175960272551,0.0008741701021790504,0.0009123218083172445,10,0.0008747715037316084,0.0,0.0,64.0,100.0,2567.0,5034.0,6.0,,,,,,,,,,,,
sklh,ort,100,digits,-1,10,1,0.0013647531159222126,0.0014003310352563858,0.0013712700456380844,0.0013792659156024456,0.0013767109718173741,0.0013647531159222126,0.0013966022206279866,10,0.0013739813584834337,0.0,0.0,64.0,100.0,2567.0,5034.0,6.0,,,,,,,,,,,,
sklh,,200,digits,-1,10,1,0.0021947850473225117,0.0022268020547926426,0.002198107074946165,0.002212250605225563,0.00220671221613884,0.0021947850473225117,0.002226790738774318,10,0.002206530189141631,0.0,0.0,64.0,100.0,2567.0,5034.0,6.0,,,,,,,,,,,,
sklh,pyrt,200,digits,-1,10,1,0.0017254119738936424,0.001809719018638134,0.0017417538911104202,0.0017509609460830688,0.001749622030183673,0.0017254119738936424,0.0017920337518023426,10,0.001743663102388382,0.0,0.0,64.0,100.0,2567.0,5034.0,6.0,,,,,,,,,,,,
sklh,ort,200,digits,-1,10,1,0.00271091191098094,0.002773728221654892,0.0027175541035830975,0.0027310349978506565,0.002728322707116604,0.00271091191098094,0.002763870553424303,10,0.002724566264078021,0.0,0.0,64.0,100.0,2567.0,5034.0,6.0,,,,,,,,,,,,
sklh,,500,digits,-1,10,1,0.0027013528160750866,0.002765701152384281,0.002722869161516428,0.0027513899840414524,0.0027348583098500967,0.0027013528160750866,0.002765701152384281,10,0.0027358876541256905,0.0,0.0,64.0,100.0,2567.0,5034.0,6.0,,,,,,,,,,,,
sklh,pyrt,500,digits,-1,10,1,0.004315467085689306,0.004421694204211235,0.004324447363615036,0.00433729961514473,0.0043388633523136376,0.004315467085689306,0.004399320213130934,10,0.004329227143898606,0.0,0.0,64.0,100.0,2567.0,5034.0,6.0,,,,,,,,,,,,
sklh,ort,500,digits,-1,10,1,0.006551448255777359,0.006838283035904169,0.006745988968759775,0.006777933798730373,0.006728363130241633,0.006552660934502908,0.006838283035904169,10,0.006754944566637278,0.0,0.0,64.0,100.0,2567.0,5034.0,6.0,,,,,,,,,,,,
sklh,,1000,digits,-1,10,1,0.0035528228618204594,0.0037353448569774628,0.0035624681040644646,0.003582943230867386,0.00358911007642746,0.0035528228618204594,0.0036900448222528057,10,0.003572687739506364,0.0,0.0,64.0,100.0,2567.0,5034.0,6.0,,,,,,,,,,,,
sklh,pyrt,1000,digits,-1,10,1,0.008602499961853027,0.008802483789622784,0.00861057499423623,0.008631711825728416,0.008635620540007948,0.008602499961853027,0.008746378775912021,10,0.008615029510110617,0.0,0.0,64.0,100.0,2567.0,5034.0,6.0,,,,,,,,,,,,
sklh,ort,1000,digits,-1,10,1,0.012683368753641844,0.013589417096227407,0.012721156235784292,0.012741217855364084,0.012824369315057992,0.012683368753641844,0.013342433685627682,10,0.01272353739477694,0.0,0.0,64.0,100.0,2567.0,5034.0,6.0,,,,,,,,,,,,
sklh,,2000,digits,-1,10,1,0.005060891155153513,0.005275940056890249,0.005083870608359575,0.005131371784955263,0.005119790090247989,0.005060891155153513,0.005247017995910282,10,0.005091914674267173,0.0,0.0,64.0,100.0,2567.0,5034.0,6.0,,,,,,,,,,,,
sklh,pyrt,2000,digits,-1,10,1,0.016287561040371656,0.017660366836935282,0.016647678799927235,0.01731125032529235,0.016954957321286202,0.016287561040371656,0.017660366836935282,10,0.01718023745343089,0.0,0.0,64.0,100.0,2567.0,5034.0,6.0,,,,,,,,,,,,
sklh,ort,2000,digits,-1,10,1,0.025446634273976088,0.025820995215326548,0.025486352387815714,0.025535976979881525,0.025531707564368844,0.025446634273976088,0.02573459494805207,10,0.02548903995193541,0.0,0.0,64.0,100.0,2567.0,5034.0,6.0,,,,,,,,,,,,
sklh,,5000,digits,-1,10,1,0.009125679265707731,0.009524043183773756,0.009153474122285843,0.00919576408341527,0.009205566439777612,0.009125679265707731,0.00943771497881834,10,0.009154891828075051,0.0,0.0,64.0,100.0,2567.0,5034.0,6.0,,,,,,,,,,,,
sklh,pyrt,5000,digits,-1,10,1,0.040789907332509756,0.04367898125201464,0.04080147296190262,0.04175582295283675,0.04143033716827631,0.040789907332509756,0.043513502820627846,10,0.04080384992994368,0.0,0.0,64.0,100.0,2567.0,5034.0,6.0,,,,,,,,,,,,
sklh,ort,5000,digits,-1,10,1,0.06372063513845205,0.06425396399572492,0.06380497617647052,0.06401323061436415,0.06389700989238918,0.06372063513845205,0.0642210544401208,10,0.06380920112133026,0.0,0.0,64.0,100.0,2567.0,5034.0,6.0,,,,,,,,,,,,
sklh,,10000,digits,-1,10,1,0.015872288960963488,0.01605566218495369,0.015906279906630516,0.01598636480048299,0.015944185107946394,0.015872288960963488,0.01605566218495369,10,0.01593702705577016,0.0,0.0,64.0,100.0,2567.0,5034.0,6.0,,,,,,,,,,,,
sklh,pyrt,10000,digits,-1,10,1,0.0814894218929112,0.08692575618624687,0.08159271301701665,0.08197090029716492,0.0823166607413441,0.0814894218929112,0.08539200905452912,10,0.08173254388384521,0.0,0.0,64.0,100.0,2567.0,5034.0,6.0,,,,,,,,,,,,
sklh,ort,10000,digits,-1,10,1,0.12733890395611525,0.12891797116026282,0.12743801390752196,0.12790535809472203,0.12778285858221353,0.12733890395611525,0.1288019171430779,10,0.12751850648783147,0.0,0.0,64.0,100.0,2567.0,5034.0,6.0,,,,,,,,,,,,
sklh,,20000,digits,-1,10,1,0.037187287118285894,0.0382872330956161,0.03734277002513409,0.03768876986578107,0.037554334523156284,0.037187287118285894,0.03816744362647297,10,0.037497577257454395,0.0,0.0,64.0,100.0,2567.0,5034.0,6.0,,,,,,,,,,,,
sklh,pyrt,20000,digits,-1,10,1,0.16313168313354254,0.1696578781120479,0.16321090422570705,0.16349215991795063,0.16394482757896184,0.16313168313354254,0.16768903610401242,10,0.16329191834665835,0.0,0.0,64.0,100.0,2567.0,5034.0,6.0,,,,,,,,,,,,
sklh,ort,20000,digits,-1,10,1,0.25490892911329865,0.2561543001793325,0.25520717771723866,0.255668425001204,0.25538163068704306,0.25490892911329865,0.2561037035303009,10,0.2552915080450475,0.0,0.0,64.0,100.0,2567.0,5034.0,6.0,,,,,,,,,,,,
sklh,,50000,digits,-1,10,1,0.11785558890551329,0.11866457527503371,0.1180076701566577,0.11833893414586782,0.11817910270765423,0.11785558890551329,0.11866457527503371,10,0.11818515416234732,0.0,0.0,64.0,100.0,2567.0,5034.0,6.0,,,,,,,,,,,,
sklh,pyrt,50000,digits,-1,10,1,0.4076006240211427,0.4147605332545936,0.40805545821785927,0.40854387916624546,0.40878754067234696,0.4076006240211427,0.4127423997410214,10,0.4080756704788655,0.0,0.0,64.0,100.0,2567.0,5034.0,6.0,,,,,,,,,,,,
sklh,ort,50000,digits,-1,10,1,0.6368139027617872,0.6388100162148476,0.6374974730424583,0.6381895150989294,0.637764381757006,0.6368139027617872,0.6388100162148476,10,0.6378415504004806,0.0,0.0,64.0,100.0,2567.0,5034.0,6.0,,,,,,,,,,,,
skl,,1,digits,-1,10,1,0.007470312993973494,0.007992806378751993,0.007499873172491789,0.007591259200125933,0.007579767145216465,0.007470312993973494,0.007874594303507516,10,0.007524552522227168,,,64.0,,,,,100.0,9006.0,6.0,4553.0,64.0,1.0,,,,,,
skl,pyrt,1,digits,-1,10,1,2.527935430407524e-05,6.110081449151039e-05,3.0602794140577316e-05,3.794068470597267e-05,3.497195430099964e-05,2.527935430407524e-05,5.3830645700510765e-05,10,3.280211240053177e-05,,,64.0,,,,,100.0,9006.0,6.0,4553.0,64.0,1.0,,,,,,
skl,ort,1,digits,-1,10,1,4.514772444963455e-05,0.00013622920960187912,5.6475866585969925e-05,7.555214688181877e-05,6.849062629044056e-05,4.514772444963455e-05,0.00011659983157709616,10,6.012618541717529e-05,,,64.0,,,,,100.0,9006.0,6.0,4553.0,64.0,1.0,,,,,,
skl,,2,digits,-1,10,1,0.007349967956542969,0.007475780788809061,0.007378062233328819,0.007397454231977463,0.007392870495095849,0.007349967956542969,0.0074726077360793295,10,0.007380003109574318,,,64.0,,,,,100.0,9006.0,6.0,4553.0,64.0,1.0,,,,,,
skl,pyrt,2,digits,-1,10,1,3.3667776733636856e-05,6.162794306874275e-05,3.685988485813141e-05,5.239900201559067e-05,4.467172548174858e-05,3.3667776733636856e-05,6.162794306874275e-05,10,4.2464351281523705e-05,,,64.0,,,,,100.0,9006.0,6.0,4553.0,64.0,1.0,,,,,,
skl,ort,2,digits,-1,10,1,5.455035716295242e-05,0.00010445760563015938,6.029102951288223e-05,8.515594527125359e-05,7.281680591404438e-05,5.455035716295242e-05,0.00010431124488337242,10,6.747618317604065e-05,,,64.0,,,,,100.0,9006.0,6.0,4553.0,64.0,1.0,,,,,,
skl,,5,digits,-1,10,1,0.007388076279312372,0.0074821277521550655,0.007410761900246143,0.007439089007675648,0.007426357641816139,0.007388076279312372,0.0074821277521550655,10,0.007423177128657699,,,64.0,,,,,100.0,9006.0,6.0,4553.0,64.0,1.0,,,,,,
skl,pyrt,5,digits,-1,10,1,6.360001862049103e-05,8.644489571452141e-05,6.930623203516006e-05,8.026417344808578e-05,7.423381321132183e-05,6.360001862049103e-05,8.644489571452141e-05,10,7.310928776860237e-05,,,64.0,,,,,100.0,9006.0,6.0,4553.0,64.0,1.0,,,,,,
skl,ort,5,digits,-1,10,1,9.560305625200272e-05,0.0001300428993999958,0.00010628579184412956,0.00012073200196027756,0.00011215130798518658,9.560305625200272e-05,0.0001300428993999958,10,0.00011007720604538918,,,64.0,,,,,100.0,9006.0,6.0,4553.0,64.0,1.0,,,,,,
skl,,10,digits,-1,10,1,0.007395070046186447,0.007541801780462265,0.007415121886879206,0.007441237568855286,0.007430714508518577,0.007395070046186447,0.007509928775703032,10,0.007422144059091806,,,64.0,,,,,100.0,9006.0,6.0,4553.0,64.0,1.0,,,,,,
skl,pyrt,10,digits,-1,10,1,0.00010910909622907639,0.00013562897220253944,0.00011402182281017303,0.00011650798842310905,0.00011699292808771133,0.00010910909622907639,0.00013249427059406282,10,0.00011511682532727718,,,64.0,,,,,100.0,9006.0,6.0,4553.0,64.0,1.0,,,,,,
skl,ort,10,digits,-1,10,1,0.00016354629769921303,0.00019920477643609047,0.0001673656515777111,0.0001753312535583973,0.0001746267545968294,0.00016354629769921303,0.00019676303750393808,10,0.0001706478651612997,,,64.0,,,,,100.0,9006.0,6.0,4553.0,64.0,1.0,,,,,,
skl,,20,digits,-1,10,1,0.007464095018804073,0.007594609633088112,0.007488138973712921,0.007520818151533604,0.0075089931953698395,0.007464095018804073,0.007592127440717426,10,0.007493697106838226,,,64.0,,,,,100.0,9006.0,6.0,4553.0,64.0,1.0,,,,,,
skl,pyrt,20,digits,-1,10,1,0.00020070793107151985,0.0002386467531323433,0.00020392704755067825,0.00021190103143453598,0.00021042008884251118,0.00020070793107151985,0.00023076826013928754,10,0.00020753592252731323,,,64.0,,,,,100.0,9006.0,6.0,4553.0,64.0,1.0,,,,,,
skl,ort,20,digits,-1,10,1,0.0003067809157073498,0.00035147182643413544,0.0003100787289440632,0.0003156648017466068,0.00031624268740415573,0.0003067809157073498,0.00034104990226511294,10,0.00031066988594830036,,,64.0,,,,,100.0,9006.0,6.0,4553.0,64.0,1.0,,,,,,
skl,,50,digits,-1,10,1,0.007637586910277605,0.007771381642669439,0.007649462204426527,0.007669685874134302,0.007666048174723983,0.007637586910277605,0.007738335761604767,10,0.0076551774982362986,,,64.0,,,,,100.0,9006.0,6.0,4553.0,64.0,1.0,,,,,,
skl,pyrt,50,digits,-1,10,1,0.00048457086086273193,0.0005468390882015228,0.0004888419061899185,0.0004920880310237408,0.000495027145370841,0.00048457086086273193,0.0005294319451770501,10,0.0004902356304228306,,,64.0,,,,,100.0,9006.0,6.0,4553.0,64.0,1.0,,,,,,
skl,ort,50,digits,-1,10,1,0.0007335571572184563,0.0008012587204575539,0.0007386957295238972,0.0007424349896609783,0.0007459023501724005,0.0007335571572184563,0.0007825967854529755,10,0.0007401979528367519,,,64.0,,,,,100.0,9006.0,6.0,4553.0,64.0,1.0,,,,,,
skl,,100,digits,-1,10,1,0.007888318970799446,0.008040979038923979,0.00789672415703535,0.007918670307844877,0.007924022991210223,0.007888318970799446,0.008018886104354828,10,0.007899314397946,,,64.0,,,,,100.0,9006.0,6.0,4553.0,64.0,1.0,,,,,,
skl,pyrt,100,digits,-1,10,1,0.0009510847739875317,0.0010375967249274254,0.0009574252180755138,0.0009672278538346291,0.0009681745897978545,0.0009510847739875317,0.0010151191526254783,10,0.0009599414188414812,,,64.0,,,,,100.0,9006.0,6.0,4553.0,64.0,1.0,,,,,,
skl,ort,100,digits,-1,10,1,0.0014376440085470676,0.0015250388532876968,0.0014535607770085335,0.001461199950426817,0.0014598045498132705,0.0014376440085470676,0.0015050829582592996,10,0.0014560904819518328,,,64.0,,,,,100.0,9006.0,6.0,4553.0,64.0,1.0,,,,,,
skl,,200,digits,-1,10,1,0.00850734394043684,0.008673854172229767,0.008521689102053642,0.008534494787454605,0.008541093720123173,0.00850734394043684,0.00862962454452172,10,0.008528131525963545,,,64.0,,,,,100.0,9006.0,6.0,4553.0,64.0,1.0,,,,,,
skl,pyrt,200,digits,-1,10,1,0.0018903776071965694,0.0020104823634028435,0.0019015823490917683,0.001903868280351162,0.001912106154486537,0.0018903776071965694,0.0019770208648409063,10,0.0019021839834749699,,,64.0,,,,,100.0,9006.0,6.0,4553.0,64.0,1.0,,,,,,
skl,ort,200,digits,-1,10,1,0.0028604171238839626,0.002971596084535122,0.002869666088372469,0.002899560146033764,0.002889321278780699,0.0028604171238839626,0.0029517950229309407,10,0.002878653584048152,,,64.0,,,,,100.0,9006.0,6.0,4553.0,64.0,1.0,,,,,,
skl,,500,digits,-1,10,1,0.009839146863669157,0.010101569816470146,0.00985140260308981,0.009889332111924887,0.009890585439279675,0.009839146863669157,0.01003524235648464,10,0.009868120076134801,,,64.0,,,,,100.0,9006.0,6.0,4553.0,64.0,1.0,,,,,,
skl,pyrt,500,digits,-1,10,1,0.004722713027149439,0.004969371948391199,0.004735162947326899,0.004741454031318426,0.004759603785350919,0.004722713027149439,0.004897847242689533,10,0.004736173897981644,,,64.0,,,,,100.0,9006.0,6.0,4553.0,64.0,1.0,,,,,,
skl,ort,500,digits,-1,10,1,0.007124569732695818,0.007510750088840723,0.007141098380088806,0.007182986009865999,0.007196825556457042,0.007124569732695818,0.007423079046869004,10,0.0071455484721809626,,,64.0,,,,,100.0,9006.0,6.0,4553.0,64.0,1.0,,,,,,
skl,,1000,digits,-1,10,1,0.01199599215760827,0.012463964056223631,0.012040946632623672,0.012184580322355032,0.01212718072347343,0.01199599215760827,0.01238097398305045,10,0.012105176458135247,,,64.0,,,,,100.0,9006.0,6.0,4553.0,64.0,1.0,,,,,,
skl,pyrt,1000,digits,-1,10,1,0.009427315089851618,0.010002634953707457,0.009459242690354586,0.009531124029308558,0.009528890298679472,0.009427315089851618,0.009846267915169016,10,0.009470806457102299,,,64.0,,,,,100.0,9006.0,6.0,4553.0,64.0,1.0,,,,,,
skl,ort,1000,digits,-1,10,1,0.014196583069860935,0.014931150246411562,0.014259476214647293,0.014304275624454021,0.01433551860973239,0.014196583069860935,0.01473164466092169,10,0.014266753336414695,,,64.0,,,,,100.0,9006.0,6.0,4553.0,64.0,1.0,,,,,,
skl,,2000,digits,-1,10,1,0.01587000023573637,0.01629685517400503,0.015983627643436193,0.016025583259761333,0.016013123840093613,0.01587000023573637,0.016221224280540743,10,0.01600236096419394,,,64.0,,,,,100.0,9006.0,6.0,4553.0,64.0,1.0,,,,,,
skl,pyrt,2000,digits,-1,10,1,0.018910104874521494,0.019460080191493034,0.01894746022298932,0.018967838026583195,0.01899990872479975,0.018910104874521494,0.01930269540391157,10,0.018951462116092443,,,64.0,,,,,100.0,9006.0,6.0,4553.0,64.0,1.0,,,,,,
skl,ort,2000,digits,-1,10,1,0.028535493183881044,0.029156240168958902,0.028572428971529007,0.028678702656179667,0.028660185262560846,0.028535493183881044,0.029008188093300538,10,0.0285969243850559,,,64.0,,,,,100.0,9006.0,6.0,4553.0,64.0,1.0,,,,,,
skl,,5000,digits,-1,10,1,0.0264900466427207,0.027296246960759163,0.026684057898819447,0.026737926062196493,0.026741081662476063,0.0264900466427207,0.027136867826233962,10,0.02669813809916377,,,64.0,,,,,100.0,9006.0,6.0,4553.0,64.0,1.0,,,,,,
skl,pyrt,5000,digits,-1,10,1,0.047378238290548325,0.04805409396067262,0.047483150381594896,0.04756473796442151,0.04755049841478467,0.047378238290548325,0.04790436869298253,10,0.04752611834555864,,,64.0,,,,,100.0,9006.0,6.0,4553.0,64.0,1.0,,,,,,
skl,ort,5000,digits,-1,10,1,0.07134996587410569,0.07230087416246533,0.07142392685636878,0.07160001387819648,0.0715676812455058,0.07134996587410569,0.07208838685245338,10,0.07148670009337366,,,64.0,,,,,100.0,9006.0,6.0,4553.0,64.0,1.0,,,,,,
skl,,10000,digits,-1,10,1,0.04414944024756551,0.045180446933954954,0.04427178017795086,0.04437119793146849,0.04439448271878064,0.04414944024756551,0.044927695402892605,10,0.04433399089612067,,,64.0,,,,,100.0,9006.0,6.0,4553.0,64.0,1.0,,,,,,
skl,pyrt,10000,digits,-1,10,1,0.09479448478668928,0.09580617910251021,0.09489330369979143,0.0952613172121346,0.09510921882465481,0.09479448478668928,0.09577053039994374,10,0.0949625289067626,,,64.0,,,,,100.0,9006.0,6.0,4553.0,64.0,1.0,,,,,,
skl,ort,10000,digits,-1,10,1,0.14273041998967528,0.14404114801436663,0.1429864321835339,0.14312014495953918,0.1431802365463227,0.14273041998967528,0.14398689645645857,10,0.14304706291295588,,,64.0,,,,,100.0,9006.0,6.0,4553.0,64.0,1.0,,,,,,
skl,,20000,digits,-1,10,1,0.07961567910388112,0.0827901978045702,0.07972165616229177,0.08036534395068884,0.08025790327228606,0.07961567910388112,0.08201482326474384,10,0.07996759889647365,,,64.0,,,,,100.0,9006.0,6.0,4553.0,64.0,1.0,,,,,,
skl,pyrt,20000,digits,-1,10,1,0.18952942034229636,0.19065406871959567,0.1899293470196426,0.19053937308490276,0.19013010202907027,0.18952942034229636,0.19065406871959567,10,0.1900702144484967,,,64.0,,,,,100.0,9006.0,6.0,4553.0,64.0,1.0,,,,,,
skl,ort,20000,digits,-1,10,1,0.28552502300590277,0.2863660557195544,0.28587933210656047,0.28624514816328883,0.28595998212695123,0.28552502300590277,0.2863660557195544,10,0.28592279460281134,,,64.0,,,,,100.0,9006.0,6.0,4553.0,64.0,1.0,,,,,,
skl,,50000,digits,-1,10,1,0.20263563003391027,0.2083830418996513,0.20307777170091867,0.20411175955086946,0.20409565470181407,0.20263563003391027,0.20749706700749113,10,0.20345712592825294,,,64.0,,,,,100.0,9006.0,6.0,4553.0,64.0,1.0,,,,,,
skl,pyrt,50000,digits,-1,10,1,0.4584462293423712,0.4758126949891448,0.4651199523359537,0.4752188427373767,0.4692169947549701,0.4584462293423712,0.4758126949891448,10,0.4746625644620508,,,64.0,,,,,100.0,9006.0,6.0,4553.0,64.0,1.0,,,,,,
skl,ort,50000,digits,-1,10,1,0.7133505577221513,0.7148538250476122,0.7135525760240853,0.7146099447272718,0.7141234766226262,0.7133505577221513,0.7148538250476122,10,0.7143550110049546,,,64.0,,,,,100.0,9006.0,6.0,4553.0,64.0,1.0,,,,,,
xgb,,1,digits,-1,10,1,8.432287722826004e-05,0.00027733901515603065,8.535198867321014e-05,8.955318480730057e-05,0.0001065247692167759,8.432287722826004e-05,0.00021841862410714526,10,8.593196980655193e-05,,,,,,,,100.0,,,,,,reg:linear,9020.0,100.0,4560.0,2.0,
xgb,pyrt,1,digits,-1,10,1,2.5543849915266037e-05,5.565909668803215e-05,2.928823232650757e-05,3.240397199988365e-05,3.3251335844397544e-05,2.5543849915266037e-05,4.975040149433699e-05,10,3.123306669294834e-05,,,,,,,,100.0,,,,,,reg:linear,9020.0,100.0,4560.0,2.0,
xgb,ort,1,digits,-1,10,1,4.3983105570077896e-05,0.00014125602319836617,5.128374323248863e-05,6.054900586605072e-05,6.348788738250733e-05,4.3983105570077896e-05,0.0001184950940961116,10,5.2379677072167397e-05,,,,,,,,100.0,,,,,,reg:linear,9020.0,100.0,4560.0,2.0,
xgb,,2,digits,-1,10,1,8.862186223268509e-05,0.00013221101835370064,8.921697735786438e-05,9.25939530134201e-05,9.456188417971134e-05,8.862186223268509e-05,0.00011946385443227338,10,8.990336209535599e-05,,,,,,,,100.0,,,,,,reg:linear,9020.0,100.0,4560.0,2.0,
xgb,pyrt,2,digits,-1,10,1,3.298511728644371e-05,4.973588511347771e-05,3.626476973295212e-05,4.407484084367752e-05,4.018121398985386e-05,3.298511728644371e-05,4.973588511347771e-05,10,4.089600406587124e-05,,,,,,,,100.0,,,,,,reg:linear,9020.0,100.0,4560.0,2.0,
xgb,ort,2,digits,-1,10,1,5.4412055760622025e-05,7.872190326452255e-05,5.907239392399788e-05,6.858259439468384e-05,6.47848006337881e-05,5.4412055760622025e-05,7.872190326452255e-05,10,6.649806164205074e-05,,,,,,,,100.0,,,,,,reg:linear,9020.0,100.0,4560.0,2.0,
xgb,,5,digits,-1,10,1,0.00010661501437425613,0.0001275157555937767,0.00010689999908208847,0.0001112041063606739,0.00011064009740948677,0.00010661501437425613,0.00012265799911882272,10,0.00010815775021910667,,,,,,,,100.0,,,,,,reg:linear,9020.0,100.0,4560.0,2.0,
xgb,pyrt,5,digits,-1,10,1,5.9856101870536804e-05,7.348787039518356e-05,6.263609975576401e-05,6.93141482770443e-05,6.610872223973274e-05,5.9856101870536804e-05,7.348787039518356e-05,10,6.729317829012871e-05,,,,,,,,100.0,,,,,,reg:linear,9020.0,100.0,4560.0,2.0,
xgb,ort,5,digits,-1,10,1,9.602168574929237e-05,0.00011717667803168297,9.8399817943573e-05,0.00010864902287721634,0.00010364861227571965,9.602168574929237e-05,0.0001162933546728998,10,0.000103403115645051,,,,,,,,100.0,,,,,,reg:linear,9020.0,100.0,4560.0,2.0,
xgb,,10,digits,-1,10,1,0.00013464270159602165,0.00015541864559054375,0.00013588881120085716,0.0001424020156264305,0.00013956916518509388,0.00013464270159602165,0.00015132269147026566,10,0.00013743876479566097,,,,,,,,100.0,,,,,,reg:linear,9020.0,100.0,4560.0,2.0,
xgb,pyrt,10,digits,-1,10,1,0.00010822666808962822,0.00012301374226808548,0.00010964181274175644,0.00011225603520870209,0.00011190585792064667,0.00010822666808962822,0.00012006454822709102,10,0.0001113035250455141,,,,,,,,100.0,,,,,,reg:linear,9020.0,100.0,4560.0,2.0,
xgb,ort,10,digits,-1,10,1,0.00016773585230112076,0.00018546683713793755,0.0001696520484983921,0.0001740381121635437,0.00017292099073529243,0.00016773585230112076,0.00018252122557346903,10,0.00017224671319127083,,,,,,,,100.0,,,,,,reg:linear,9020.0,100.0,4560.0,2.0,
xgb,,20,digits,-1,10,1,0.0001905779354274273,0.00022239098325371742,0.00019187899306416512,0.00019614864140748978,0.0001981495413929224,0.0001905779354274273,0.00021945270774719193,10,0.00019264710135757923,,,,,,,,100.0,,,,,,reg:linear,9020.0,100.0,4560.0,2.0,
xgb,pyrt,20,digits,-1,10,1,0.00019417190924286842,0.0002190917730331421,0.00019987067207694054,0.0002029063180088997,0.00020218775607645513,0.00019417190924286842,0.00021477109789303195,10,0.00020059524103999138,,,,,,,,100.0,,,,,,reg:linear,9020.0,100.0,4560.0,2.0,
xgb,ort,20,digits,-1,10,1,0.000303459819406271,0.000331806018948555,0.00030841538682579994,0.0003153621219098568,0.00031192018650472164,0.000303459819406271,0.0003268010122250195,10,0.00030928547494113445,,,,,,,,100.0,,,,,,reg:linear,9020.0,100.0,4560.0,2.0,
xgb,,50,digits,-1,10,1,0.0003574681468307972,0.00038710515946149826,0.0003607342950999737,0.00036420440301299095,0.00036434363573789597,0.0003574681468307972,0.0003801487748218822,10,0.00036151730455458164,,,,,,,,100.0,,,,,,reg:linear,9020.0,100.0,4560.0,2.0,
xgb,pyrt,50,digits,-1,10,1,0.0004727756604552269,0.0005007162690162659,0.00047721387818455696,0.00048242276534438133,0.00048086950555443765,0.0004727756604552269,0.0004951536583984915,10,0.00047933426685631275,,,,,,,,100.0,,,,,,reg:linear,9020.0,100.0,4560.0,2.0,
xgb,ort,50,digits,-1,10,1,0.0007321741431951523,0.0007584220729768276,0.0007385760545730591,0.0007453947328031063,0.0007421723566949368,0.0007321741431951523,0.000756228281422203,10,0.0007418249733746052,,,,,,,,100.0,,,,,,reg:linear,9020.0,100.0,4560.0,2.0,
xgb,,100,digits,-1,10,1,0.0006377426907420158,0.0006651310250163078,0.0006414502859115601,0.0006467290222644806,0.0006452093366533518,0.0006377426907420158,0.0006594541212513418,10,0.0006430826615542173,,,,,,,,100.0,,,,,,reg:linear,9020.0,100.0,4560.0,2.0,
xgb,pyrt,100,digits,-1,10,1,0.0009332769550383091,0.0009811199270188808,0.0009385249577462673,0.0009438162669539452,0.0009443072136491537,0.0009332769550383091,0.0009693110001822146,10,0.0009403254371136427,,,,,,,,100.0,,,,,,reg:linear,9020.0,100.0,4560.0,2.0,
xgb,ort,100,digits,-1,10,1,0.0014420561492443085,0.0014829980209469795,0.001445702277123928,0.0014555919915437698,0.001452595880255103,0.0014420561492443085,0.0014747601378676289,10,0.0014498094096779823,,,,,,,,100.0,,,,,,reg:linear,9020.0,100.0,4560.0,2.0,
xgb,,200,digits,-1,10,1,0.001196557655930519,0.0012241429649293423,0.0012004999443888664,0.0012067030183970928,0.0012052517849951982,0.001196557655930519,0.0012199026883396055,10,0.0012041691225022078,,,,,,,,100.0,,,,,,reg:linear,9020.0,100.0,4560.0,2.0,
xgb,pyrt,200,digits,-1,10,1,0.0018520597368478775,0.001890460029244423,0.0018623601645231247,0.0018652528524398804,0.0018649173434823751,0.0018520597368478775,0.0018845167750993403,10,0.0018647357355803251,,,,,,,,100.0,,,,,,reg:linear,9020.0,100.0,4560.0,2.0,
xgb,ort,200,digits,-1,10,1,0.002865197602659464,0.0029579978436231613,0.0028756093233823776,0.0029066158458590508,0.0028925885446369646,0.002865197602659464,0.0029459294385264824,10,0.002885153517127037,,,,,,,,100.0,,,,,,reg:linear,9020.0,100.0,4560.0,2.0,
xgb,,500,digits,-1,10,1,0.0028787818737328053,0.00294841593131423,0.0028876750729978085,0.002900463994592428,0.00289712380617857,0.0028787818737328053,0.0029349802022103546,10,0.002890517935156822,,,,,,,,100.0,,,,,,reg:linear,9020.0,100.0,4560.0,2.0,
xgb,pyrt,500,digits,-1,10,1,0.004623699001967907,0.004731303080916405,0.00463118078187108,0.004637362901121378,0.004642967134714127,0.004623699001967907,0.0047033556325316375,10,0.004632110940292478,,,,,,,,100.0,,,,,,reg:linear,9020.0,100.0,4560.0,2.0,
xgb,ort,500,digits,-1,10,1,0.00712590990588069,0.0072558848187327385,0.007155823055654764,0.007171289063990116,0.007167206145823002,0.00712590990588069,0.007236475257246952,10,0.00716093392111361,,,,,,,,100.0,,,,,,reg:linear,9020.0,100.0,4560.0,2.0,
xgb,,1000,digits,-1,10,1,0.005670169368386269,0.0057658483274281025,0.005689009092748165,0.005702656228095293,0.005698767304420471,0.005670169368386269,0.005746708512591874,10,0.005691453814506531,,,,,,,,100.0,,,,,,reg:linear,9020.0,100.0,4560.0,2.0,
xgb,pyrt,1000,digits,-1,10,1,0.00923096900805831,0.009565388783812523,0.009239927865564823,0.009259533137083054,0.009279139479622245,0.00923096900805831,0.00946761529416648,10,0.009248568443581462,,,,,,,,100.0,,,,,,reg:linear,9020.0,100.0,4560.0,2.0,
xgb,ort,1000,digits,-1,10,1,0.014256050810217857,0.014665169641375542,0.014290252234786749,0.014354067854583263,0.014357274770736695,0.014256050810217857,0.014602850085264962,10,0.01430502999573946,,,,,,,,100.0,,,,,,reg:linear,9020.0,100.0,4560.0,2.0,
xgb,,2000,digits,-1,10,1,0.01125153386965394,0.011404429096728563,0.011284888256341219,0.011309220921248198,0.01129672983661294,0.01125153386965394,0.011376196783048714,10,0.011289732065051794,,,,,,,,100.0,,,,,,reg:linear,9020.0,100.0,4560.0,2.0,
xgb,pyrt,2000,digits,-1,10,1,0.018542167264968157,0.019508150406181812,0.018579058349132538,0.01859276508912444,0.018671496491879224,0.018542167264968157,0.019218904154202958,10,0.018580985954031348,,,,,,,,100.0,,,,,,reg:linear,9020.0,100.0,4560.0,2.0,
xgb,ort,2000,digits,-1,10,1,0.02851799177005887,0.02915717801079154,0.02862154133617878,0.028675545938313007,0.028684828849509358,0.02851799177005887,0.029021449170120363,10,0.0286420164629817,,,,,,,,100.0,,,,,,reg:linear,9020.0,100.0,4560.0,2.0,
xgb,,5000,digits,-1,10,1,0.028053410816937685,0.028330306988209486,0.02807710785418749,0.02823479101061821,0.02814269713126123,0.028053410816937685,0.028329017256451802,10,0.028092913329601288,,,,,,,,100.0,,,,,,reg:linear,9020.0,100.0,4560.0,2.0,
xgb,pyrt,5000,digits,-1,10,1,0.046443013940006495,0.04708460113033652,0.046465468127280474,0.046499060932546854,0.046545101422816516,0.046443013940006495,0.04690905206656699,10,0.046481163473799825,,,,,,,,100.0,,,,,,reg:linear,9020.0,100.0,4560.0,2.0,
xgb,ort,5000,digits,-1,10,1,0.07151625538244843,0.07238637702539563,0.07164357416331768,0.07182926591485739,0.07175769116729498,0.07151625538244843,0.0722292622961578,10,0.0716967354528606,,,,,,,,100.0,,,,,,reg:linear,9020.0,100.0,4560.0,2.0,
xgb,,10000,digits,-1,10,1,0.05589632736518979,0.05610772641375661,0.05592432711273432,0.05597140919417143,0.055960172601044175,0.05589632736518979,0.05610295275282086,10,0.05593500006943941,,,,,,,,100.0,,,,,,reg:linear,9020.0,100.0,4560.0,2.0,
xgb,pyrt,10000,digits,-1,10,1,0.09286093385890126,0.09424624871462584,0.09294512402266264,0.09351893188431859,0.09325826014392077,0.09286093385890126,0.09407133820317667,10,0.09311319352127612,,,,,,,,100.0,,,,,,reg:linear,9020.0,100.0,4560.0,2.0,
xgb,ort,10000,digits,-1,10,1,0.14303443999961019,0.14386242302134633,0.1432444592937827,0.14344057021662593,0.14335789903998375,0.14303443999961019,0.14384895474683182,10,0.14331065537407994,,,,,,,,100.0,,,,,,reg:linear,9020.0,100.0,4560.0,2.0,
xgb,,20000,digits,-1,10,1,0.11196472495794296,0.11321394983679056,0.11201215209439397,0.11280252784490585,0.11233344632200896,0.11196472495794296,0.11321394983679056,10,0.11206799792125821,,,,,,,,100.0,,,,,,reg:linear,9020.0,100.0,4560.0,2.0,
xgb,pyrt,20000,digits,-1,10,1,0.18564782803878188,0.1865069312043488,0.1857931837439537,0.18601795006543398,0.18592288782820104,0.18564782803878188,0.18641103954152435,10,0.18587753921747208,,,,,,,,100.0,,,,,,reg:linear,9020.0,100.0,4560.0,2.0,
xgb,ort,20000,digits,-1,10,1,0.28603048576042056,0.2877242872491479,0.28654732508584857,0.2872652541846037,0.28689735000953076,0.28603048576042056,0.2877242872491479,10,0.28702319134026766,,,,,,,,100.0,,,,,,reg:linear,9020.0,100.0,4560.0,2.0,
xgb,,50000,digits,-1,10,1,0.2797051751986146,0.28045134618878365,0.2799653606489301,0.2801145939156413,0.2800303307827562,0.2797051751986146,0.2804233173273459,10,0.27999853366054595,,,,,,,,100.0,,,,,,reg:linear,9020.0,100.0,4560.0,2.0,
xgb,pyrt,50000,digits,-1,10,1,0.4637318169698119,0.46561815217137337,0.46451935078948736,0.4646044340915978,0.46462564105167986,0.4637318169698119,0.46561815217137337,10,0.4645449514500797,,,,,,,,100.0,,,,,,reg:linear,9020.0,100.0,4560.0,2.0,
xgb,ort,50000,digits,-1,10,1,0.7156143640168011,0.7180721974000335,0.7165849502198398,0.7172686983831227,0.7168160187546164,0.7156143640168011,0.7180721974000335,10,0.7168332990258932,,,,,,,,100.0,,,,,,reg:linear,9020.0,100.0,4560.0,2.0,
lgb,,1,digits,-1,10,1,0.00010560406371951103,0.0003094593994319439,0.00010935310274362564,0.00012167822569608688,0.00013311435468494893,0.00010560406371951103,0.00024937308239634615,10,0.00011114543303847313,,,64.0,,,,,100.0,,,,,,regression,4974.0,100.0,2537.0,2.0,1.0
lgb,pyrt,1,digits,-1,10,1,2.386234700679779e-05,4.972890019416809e-05,2.60290689766407e-05,3.0307099223136902e-05,2.9419083148241043e-05,2.386234700679779e-05,4.3754142117417466e-05,10,2.6514055207371712e-05,,,64.0,,,,,100.0,,,,,,regression,4974.0,100.0,2537.0,2.0,1.0
lgb,ort,1,digits,-1,10,1,4.002312198281288e-05,0.00011834828183054924,4.204409196972847e-05,5.377409979701042e-05,5.391291342675686e-05,4.002312198281288e-05,9.816038207139446e-05,10,4.56410925835371e-05,,,64.0,,,,,100.0,,,,,,regression,4974.0,100.0,2537.0,2.0,1.0
lgb,,2,digits,-1,10,1,0.00011319201439619064,0.0001349588856101036,0.00011466490104794502,0.00012152502313256264,0.00011925133876502513,0.00011319201439619064,0.0001318517966697545,10,0.00011763605289161205,,,64.0,,,,,100.0,,,,,,regression,4974.0,100.0,2537.0,2.0,1.0
lgb,pyrt,2,digits,-1,10,1,3.278069198131561e-05,4.057399928569794e-05,3.507779911160469e-05,3.7245918065309525e-05,3.588222898542881e-05,3.278069198131561e-05,4.033906492126066e-05,10,3.564753569662571e-05,,,64.0,,,,,100.0,,,,,,regression,4974.0,100.0,2537.0,2.0,1.0
lgb,ort,2,digits,-1,10,1,4.9476977437734604e-05,6.491504609584808e-05,5.3058844059705734e-05,5.6270044296979904e-05,5.450081080198288e-05,4.9476977437734604e-05,6.269509494191698e-05,10,5.36465086042881e-05,,,64.0,,,,,100.0,,,,,,regression,4974.0,100.0,2537.0,2.0,1.0
lgb,,5,digits,-1,10,1,0.00013598380610346794,0.00015408499166369438,0.00013855332508683205,0.0001435568556189537,0.0001411751378327608,0.00013598380610346794,0.00015138824645453196,10,0.00013922527432441711,,,64.0,,,,,100.0,,,,,,regression,4974.0,100.0,2537.0,2.0,1.0
lgb,pyrt,5,digits,-1,10,1,5.684001371264458e-05,7.174303755164146e-05,5.775410681962967e-05,6.0439109802246094e-05,6.054434925317764e-05,5.684001371264458e-05,6.943959863633717e-05,10,5.9108948335051537e-05,,,64.0,,,,,100.0,,,,,,regression,4974.0,100.0,2537.0,2.0,1.0
lgb,ort,5,digits,-1,10,1,8.708378300070763e-05,0.00011890986934304237,8.844397962093353e-05,9.839097037911415e-05,9.501245804131032e-05,8.708378300070763e-05,0.00011485338399110007,10,9.092828258872032e-05,,,64.0,,,,,100.0,,,,,,regression,4974.0,100.0,2537.0,2.0,1.0
lgb,,10,digits,-1,10,1,0.00016836635768413544,0.00018871482461690903,0.0001706741750240326,0.0001757107675075531,0.0001736483070999384,0.00016836635768413544,0.00018507745785457626,10,0.00017138244584202766,,,64.0,,,,,100.0,,,,,,regression,4974.0,100.0,2537.0,2.0,1.0
lgb,pyrt,10,digits,-1,10,1,9.368406608700752e-05,0.00011253496631979942,9.615719318389893e-05,0.00010224198922514915,0.0001003920566290617,9.368406608700752e-05,0.00011197223880727703,10,9.874231182038784e-05,,,64.0,,,,,100.0,,,,,,regression,4974.0,100.0,2537.0,2.0,1.0
lgb,ort,10,digits,-1,10,1,0.00014593731611967087,0.00016899826005101204,0.0001485929824411869,0.00015188241377472878,0.00015190262347459794,0.00014593731611967087,0.0001640674495424504,10,0.00015028193593025208,,,64.0,,,,,100.0,,,,,,regression,4974.0,100.0,2537.0,2.0,1.0
lgb,,20,digits,-1,10,1,0.00023397710174322128,0.0002573970705270767,0.00023626768961548805,0.00024473806843161583,0.0002415941096842289,0.00023397710174322128,0.00025601390653557174,10,0.00023917085491120815,,,64.0,,,,,100.0,,,,,,regression,4974.0,100.0,2537.0,2.0,1.0
lgb,pyrt,20,digits,-1,10,1,0.00017481762915849686,0.0001932857558131218,0.00017654011026024818,0.00017989426851272583,0.00017933947965502738,0.00017481762915849686,0.00018915213819932592,10,0.00017785257659852505,,,64.0,,,,,100.0,,,,,,regression,4974.0,100.0,2537.0,2.0,1.0
lgb,ort,20,digits,-1,10,1,0.00027177901938557625,0.00029916223138570786,0.0002754651941359043,0.0002804580144584179,0.00028012199327349664,0.00027177901938557625,0.0002980697426348189,10,0.0002762991935014725,,,64.0,,,,,100.0,,,,,,regression,4974.0,100.0,2537.0,2.0,1.0
lgb,,50,digits,-1,10,1,0.000424165278673172,0.00045108702033758163,0.00042832735925912857,0.0004336247220635414,0.0004318607971072197,0.000424165278673172,0.00044634524015403653,10,0.0004294088575989008,,,64.0,,,,,100.0,,,,,,regression,4974.0,100.0,2537.0,2.0,1.0
lgb,pyrt,50,digits,-1,10,1,0.0004184078425168991,0.0005127759650349617,0.0004243878647685051,0.0004396759904921055,0.00043826503679156303,0.0004184078425168991,0.0004899749563284984,10,0.00042909453622996807,,,64.0,,,,,100.0,,,,,,regression,4974.0,100.0,2537.0,2.0,1.0
lgb,ort,50,digits,-1,10,1,0.0006417711265385151,0.0007001818157732487,0.0006502168253064156,0.0006792610511183739,0.0006629115436226129,0.0006417711265385151,0.0007001818157732487,10,0.0006519919261336327,,,64.0,,,,,100.0,,,,,,regression,4974.0,100.0,2537.0,2.0,1.0
lgb,,100,digits,-1,10,1,0.000745867844671011,0.0007773670367896557,0.0007508611306548119,0.0007751467637717724,0.0007578186690807342,0.000745867844671011,0.0007773670367896557,10,0.0007523773238062859,,,64.0,,,,,100.0,,,,,,regression,4974.0,100.0,2537.0,2.0,1.0
lgb,pyrt,100,digits,-1,10,1,0.0008123139850795269,0.0008460208773612976,0.0008152350783348083,0.0008328002877533436,0.0008229104336351156,0.0008123139850795269,0.0008438862260482003,10,0.0008189207874238491,,,64.0,,,,,100.0,,,,,,regression,4974.0,100.0,2537.0,2.0,1.0
lgb,ort,100,digits,-1,10,1,0.001269528642296791,0.001308700069785118,0.0012708273716270924,0.0012763291597366333,0.0012767151929438114,0.001269528642296791,0.0012984183903962205,10,0.0012734399642795324,,,64.0,,,,,100.0,,,,,,regression,4974.0,100.0,2537.0,2.0,1.0
lgb,,200,digits,-1,10,1,0.0013833092525601387,0.001424234826117754,0.001389266923069954,0.0014001298695802689,0.0013958446681499482,0.0013833092525601387,0.001418050998804737,10,0.0013908629771322012,,,64.0,,,,,100.0,,,,,,regression,4974.0,100.0,2537.0,2.0,1.0
lgb,pyrt,200,digits,-1,10,1,0.0016067628748714924,0.0016363747417926788,0.0016159950755536556,0.0016234470531344414,0.001620070682838559,0.0016067628748714924,0.0016363747417926788,10,0.0016174705233424902,,,64.0,,,,,100.0,,,,,,regression,4974.0,100.0,2537.0,2.0,1.0
lgb,ort,200,digits,-1,10,1,0.002516710665076971,0.0025718496181070805,0.0025233058258891106,0.002536649350076914,0.0025310661643743516,0.002516710665076971,0.0025608037052277112,10,0.0025246739387512207,,,64.0,,,,,100.0,,,,,,regression,4974.0,100.0,2537.0,2.0,1.0
lgb,,500,digits,-1,10,1,0.003297004383057356,0.003338900860399008,0.0033043990842998028,0.0033113351091742516,0.003308683726936579,0.003297004383057356,0.003331246097899905,10,0.0033045043237507343,,,64.0,,,,,100.0,,,,,,regression,4974.0,100.0,2537.0,2.0,1.0
lgb,pyrt,500,digits,-1,10,1,0.00399780785664916,0.004069188144057989,0.004008096177130938,0.004022059962153435,0.004016842972487211,0.00399780785664916,0.004054854333901877,10,0.004010963253676891,,,64.0,,,,,100.0,,,,,,regression,4974.0,100.0,2537.0,2.0,1.0
lgb,ort,500,digits,-1,10,1,0.006250343285501003,0.00635486701503396,0.006270486395806074,0.006280696019530296,0.006277824845165014,0.006250343285501003,0.0063316260519180444,10,0.00627403799444437,,,64.0,,,,,100.0,,,,,,regression,4974.0,100.0,2537.0,2.0,1.0
lgb,,1000,digits,-1,10,1,0.006477429065853357,0.006579855922609568,0.006493864115327597,0.006509912200272083,0.006510663870722055,0.006477429065853357,0.006563961125588312,10,0.006508319405838847,,,64.0,,,,,100.0,,,,,,regression,4974.0,100.0,2537.0,2.0,1.0
lgb,pyrt,1000,digits,-1,10,1,0.007993278093636036,0.00815224926918745,0.0080112568102777,0.008028042037039995,0.008026639837771654,0.007993278093636036,0.008112621583979442,10,0.008018783293664455,,,64.0,,,,,100.0,,,,,,regression,4974.0,100.0,2537.0,2.0,1.0
lgb,ort,1000,digits,-1,10,1,0.012479799333959818,0.012685083784162998,0.012500593904405832,0.012516799848526716,0.012521443190053105,0.012479799333959818,0.01263152884014589,10,0.012506345519796014,,,64.0,,,,,100.0,,,,,,regression,4974.0,100.0,2537.0,2.0,1.0
lgb,,2000,digits,-1,10,1,0.012868089135736227,0.013017962221056223,0.012891423888504505,0.012934963218867779,0.012913229875266552,0.012868089135736227,0.012996875286208595,10,0.01289517292752862,,,64.0,,,,,100.0,,,,,,regression,4974.0,100.0,2537.0,2.0,1.0
lgb,pyrt,2000,digits,-1,10,1,0.01600793097168207,0.016315903048962355,0.016017971094697714,0.016061326023191214,0.016061106231063604,0.01600793097168207,0.01623201922250868,10,0.01603849697858095,,,64.0,,,,,100.0,,,,,,regression,4974.0,100.0,2537.0,2.0,1.0
lgb,ort,2000,digits,-1,10,1,0.024963906966149807,0.025352229829877615,0.025012604892253876,0.025098281912505627,0.025082200346514583,0.024963906966149807,0.025338479881866337,10,0.025031338213011622,,,64.0,,,,,100.0,,,,,,regression,4974.0,100.0,2537.0,2.0,1.0
lgb,,5000,digits,-1,10,1,0.03212070092558861,0.032450181897729635,0.032285830937325954,0.032332105096429586,0.032270436128601435,0.03212070092558861,0.032450181897729635,10,0.03228791709989309,,,64.0,,,,,100.0,,,,,,regression,4974.0,100.0,2537.0,2.0,1.0
lgb,pyrt,5000,digits,-1,10,1,0.04011955391615629,0.04050516290590167,0.0401744800619781,0.04024988412857056,0.040231696981936696,0.04011955391615629,0.040442183873183,10,0.040189310908317566,,,64.0,,,,,100.0,,,,,,regression,4974.0,100.0,2537.0,2.0,1.0
lgb,ort,5000,digits,-1,10,1,0.0627145916223526,0.06321168504655361,0.0628198441118002,0.06289416505023837,0.06288138395175338,0.0627145916223526,0.0631825348104864,10,0.06283250031992793,,,64.0,,,,,100.0,,,,,,regression,4974.0,100.0,2537.0,2.0,1.0
lgb,,10000,digits,-1,10,1,0.06401056796312332,0.06466691289097071,0.06414279201999307,0.06426986400038004,0.06421835180372,0.06401056796312332,0.06455333905999583,10,0.06418893113732338,,,64.0,,,,,100.0,,,,,,regression,4974.0,100.0,2537.0,2.0,1.0
lgb,pyrt,10000,digits,-1,10,1,0.080191554967314,0.08076708298176527,0.0803125761449337,0.08037291187793016,0.0803718940820545,0.080191554967314,0.08070155467842155,10,0.08033860311843455,,,64.0,,,,,100.0,,,,,,regression,4974.0,100.0,2537.0,2.0,1.0
lgb,ort,10000,digits,-1,10,1,0.12521498603746295,0.12593721086159348,0.12545083183795214,0.12585154920816422,0.1256370849441737,0.12521498603746295,0.12593721086159348,10,0.12568106222897768,,,64.0,,,,,100.0,,,,,,regression,4974.0,100.0,2537.0,2.0,1.0
lgb,,20000,digits,-1,10,1,0.12827084679156542,0.1286727339029312,0.12839584238827229,0.1285336003638804,0.12843709117732943,0.12827084679156542,0.12867196039923895,10,0.12840930582024157,,,64.0,,,,,100.0,,,,,,regression,4974.0,100.0,2537.0,2.0,1.0
lgb,pyrt,20000,digits,-1,10,1,0.16046176524832845,0.16103577334433794,0.16061444394290447,0.16088882321491838,0.16071680085733533,0.16046176524832845,0.16103577334433794,10,0.16066424478776753,,,64.0,,,,,100.0,,,,,,regression,4974.0,100.0,2537.0,2.0,1.0
lgb,ort,20000,digits,-1,10,1,0.2505339961498976,0.2521353862248361,0.2511346857063472,0.2516718632541597,0.25128226610831916,0.2505339961498976,0.2521353862248361,10,0.25122368009760976,,,64.0,,,,,100.0,,,,,,regression,4974.0,100.0,2537.0,2.0,1.0
lgb,,50000,digits,-1,10,1,0.32036592811346054,0.3235238902270794,0.32096034474670887,0.32273080106824636,0.321728234924376,0.32036592811346054,0.3235238902270794,10,0.32158232759684324,,,64.0,,,,,100.0,,,,,,regression,4974.0,100.0,2537.0,2.0,1.0
lgb,pyrt,50000,digits,-1,10,1,0.40161008015275,0.402766244020313,0.40194640401750803,0.4024926773272455,0.4021868324838579,0.40161008015275,0.402766244020313,10,0.4021901555825025,,,64.0,,,,,100.0,,,,,,regression,4974.0,100.0,2537.0,2.0,1.0
lgb,ort,50000,digits,-1,10,1,0.6265349849127233,0.6293897409923375,0.6277589523233473,0.6289464132860303,0.6281284690834582,0.6265349849127233,0.6293897409923375,10,0.6280183920171112,,,64.0,,,,,100.0,,,,,,regression,4974.0,100.0,2537.0,2.0,1.0
