N,count,degree,dim,error_c,interaction_only,lower,max,max3,mean,median,min,min3,number,order,repeat,test,upper
1,10,2,2,0,False,6.175972521305084e-05,0.00010458892211318016,7.934030145406723e-05,7.39161390811205e-05,6.974046118557453e-05,6.175972521305084e-05,6.66729174554348e-05,1,C,10,PF-0.20.2,9.756775419252809e-05
1,10,2,2,0,False,9.860517457127571e-05,0.00013020308688282967,0.000111347995698452,0.00010833651758730411,0.00010643294081091881,9.860517457127571e-05,0.00010509788990020752,1,C,10,PF-DEV,0.00012495816272457453
1,10,2,2,0,False,6.0539692640304565e-05,7.657613605260849e-05,6.151711568236351e-05,6.278902292251587e-05,6.131455302238464e-05,6.0539692640304565e-05,6.1009079217910767e-05,1,F,10,PF-0.20.2,7.186769464845307e-05
1,10,2,2,0,False,9.735627099871635e-05,0.00012406427413225174,0.00010359007865190506,0.00010287165641784669,9.938608855009079e-05,9.735627099871635e-05,9.88873653113842e-05,1,F,10,PF-DEV,0.00011828994253329649
10,10,2,2,0,False,6.807688623666763e-05,9.227171540260315e-05,6.911298260092735e-05,7.156515493988991e-05,6.882823072373867e-05,6.807688623666763e-05,6.868690252304077e-05,1,C,10,PF-0.20.2,8.544452517831291e-05
10,10,2,2,0,False,0.00010816100984811783,0.0001221718266606331,0.00011198222637176514,0.00011166362091898918,0.00011007045395672321,0.00010816100984811783,0.00010963203385472298,1,C,10,PF-DEV,0.00011945632925897949
10,10,2,2,0,False,6.681075319647789e-05,8.305395022034645e-05,6.925081834197044e-05,6.921729072928429e-05,6.710155867040157e-05,6.681075319647789e-05,6.706267595291138e-05,1,F,10,PF-0.20.2,7.853443723510949e-05
10,10,2,2,0,False,0.00010574189946055412,0.00012600002810359,0.00011275894939899445,0.0001105036586523056,0.00010901177302002907,0.00010574189946055412,0.00010641058906912804,1,F,10,PF-DEV,0.00012193069290866265
100,10,2,2,0,False,7.267296314239502e-05,8.610310032963753e-05,7.479311898350716e-05,7.528439164161682e-05,7.326505146920681e-05,7.267296314239502e-05,7.282616570591927e-05,1,C,10,PF-0.20.2,8.358120256372928e-05
100,10,2,2,0,False,0.00011415965855121613,0.000130590982735157,0.00011868774890899658,0.00011785565875470639,0.00011643534526228905,0.00011415965855121613,0.00011493824422359467,1,C,10,PF-DEV,0.00012708675184919547
100,10,2,2,0,False,7.019704207777977e-05,8.397502824664116e-05,7.23651610314846e-05,7.235757075250149e-05,7.086480036377907e-05,7.019704207777977e-05,7.038004696369171e-05,1,F,10,PF-0.20.2,8.015302227453724e-05
100,10,2,2,0,False,0.00011078920215368271,0.00012600142508745193,0.00011861510574817657,0.00011476515792310237,0.00011245463974773884,0.00011078920215368271,0.00011163158342242241,1,F,10,PF-DEV,0.0001241049311697783
1000,10,2,2,0,False,9.850266677233639e-05,0.00011166231706738472,0.00010941410437226295,0.00010682358406484127,0.00010772771202027798,9.578512981534004e-05,0.00010568695142865181,1,C,10,PF-0.20.2,0.00011166231706738472
1000,10,2,2,0,False,0.00015058042481541634,0.0001875939778983593,0.00016097305342555046,0.00015933304093778132,0.00015555694699287415,0.00015058042481541634,0.00015434110537171364,1,C,10,PF-DEV,0.00018038835850280085
1000,10,2,2,0,False,9.389827027916908e-05,0.00011984119191765785,9.491993114352226e-05,9.707985445857048e-05,9.441678412258625e-05,9.389827027916908e-05,9.429128840565681e-05,1,F,10,PF-0.20.2,0.00011199104177741907
1000,10,2,2,0,False,0.00013275817036628723,0.0001469086855649948,0.00013734307140111923,0.0001365446951240301,0.0001352864783257246,0.00013275817036628723,0.00013417424634099007,1,F,10,PF-DEV,0.0001445795864254743
10000,10,2,2,0,False,0.0002917270176112652,0.0003846893087029457,0.00038049789145588875,0.00035837944597005844,0.000378376804292202,0.0002917270176112652,0.00037808436900377274,1,C,10,PF-0.20.2,0.0003846893087029457
10000,10,2,2,0,False,0.00042040320113301277,0.0004901471547782421,0.00043032271787524223,0.00043280329555273056,0.00042626657523214817,0.00042040320113301277,0.00042479438707232475,1,C,10,PF-DEV,0.0004715092429151379
10000,10,2,2,0,False,0.00030297087505459785,0.00033122673630714417,0.00030840281397104263,0.00030922573059797285,0.00030661863274872303,0.00030297087505459785,0.00030640605837106705,1,F,10,PF-0.20.2,0.00032393812000578457
10000,10,2,2,0,False,0.00033969804644584656,0.0003854399546980858,0.0003418354317545891,0.0003471469972282648,0.00034100632183253765,0.00033969804644584656,0.0003404119051992893,1,F,10,PF-DEV,0.000374688753845526
1,10,2,2,0,True,3.908202052116394e-05,0.0004367469809949398,4.5847147703170776e-05,8.090785704553127e-05,4.024384543299675e-05,3.908202052116394e-05,3.9546750485897064e-05,1,C,10,PF-0.20.2,0.000313455919299009
1,10,2,2,0,True,7.483083754777908e-05,9.446684271097183e-05,7.918011397123337e-05,7.870402187108994e-05,7.631094194948673e-05,7.483083754777908e-05,7.594609633088112e-05,1,C,10,PF-DEV,8.977160514502551e-05
1,10,2,2,0,True,3.836723044514656e-05,4.990212619304657e-05,3.943219780921936e-05,4.013795405626297e-05,3.8882484659552574e-05,3.836723044514656e-05,3.8747675716876984e-05,1,F,10,PF-0.20.2,4.667690532617438e-05
1,10,2,2,0,True,7.491186261177063e-05,8.868379518389702e-05,8.16071406006813e-05,7.911683060228825e-05,7.656775414943695e-05,7.491186261177063e-05,7.606344297528267e-05,1,F,10,PF-DEV,8.840352144504798e-05
10,10,2,2,0,True,4.223408177495003e-05,5.792872980237007e-05,4.52348031103611e-05,4.586591385304928e-05,4.4893473386764526e-05,4.223408177495003e-05,4.451582208275795e-05,1,C,10,PF-0.20.2,5.4205250984544874e-05
10,10,2,2,0,True,8.290959522128105e-05,9.35080461204052e-05,8.8514294475317e-05,8.615492843091487e-05,8.438341319561005e-05,8.290959522128105e-05,8.36588442325592e-05,1,C,10,PF-DEV,9.30905304487056e-05
10,10,2,2,0,True,4.148995503783226e-05,5.760509520769119e-05,4.333304241299629e-05,4.3910136446356775e-05,4.2133964598178864e-05,4.148995503783226e-05,4.181591793894768e-05,1,F,10,PF-0.20.2,5.3067535528735376e-05
10,10,2,2,0,True,8.059805259108543e-05,9.350432083010674e-05,8.479831740260124e-05,8.402112871408463e-05,8.282321505248547e-05,8.059805259108543e-05,8.156104013323784e-05,1,F,10,PF-DEV,9.144694523351588e-05
100,10,2,2,0,True,4.355376586318016e-05,6.127264350652695e-05,4.4350046664476395e-05,4.5899022370576856e-05,4.3984269723296165e-05,4.355376586318016e-05,4.3871812522411346e-05,1,C,10,PF-0.20.2,5.6054804503834504e-05
100,10,2,2,0,True,8.325884118676186e-05,9.605893865227699e-05,8.778134360909462e-05,8.635395206511021e-05,8.423812687397003e-05,8.325884118676186e-05,8.37184488773346e-05,1,C,10,PF-DEV,9.417705404944811e-05
100,10,2,2,0,True,4.3404754251241684e-05,5.554966628551483e-05,4.6244822442531586e-05,4.570470191538334e-05,4.404783248901367e-05,4.3404754251241684e-05,4.374608397483826e-05,1,F,10,PF-0.20.2,5.2775608439315886e-05
100,10,2,2,0,True,8.276617154479027e-05,9.732739999890327e-05,8.787913247942924e-05,8.647581562399864e-05,8.501601405441761e-05,8.276617154479027e-05,8.406862616539001e-05,1,F,10,PF-DEV,9.476568750294848e-05
1000,10,2,2,0,True,6.239721551537514e-05,6.747385486960411e-05,6.471201777458191e-05,6.432617083191871e-05,6.43718522042036e-05,6.239721551537514e-05,6.344495341181755e-05,1,C,10,PF-0.20.2,6.701988433876569e-05
1000,10,2,2,0,True,0.00010591885074973106,0.00012823892757296562,0.00011141691356897354,0.00011069928295910358,0.00010906788520514965,0.00010591885074973106,0.00010720686987042427,1,C,10,PF-DEV,0.00012293301594372633
1000,10,2,2,0,True,5.4545700550079346e-05,6.52470625936985e-05,5.5490992963314056e-05,5.621197633445263e-05,5.509587936103344e-05,5.4545700550079346e-05,5.4984819144010544e-05,1,F,10,PF-0.20.2,6.223309609261031e-05
1000,10,2,2,0,True,9.558489546179771e-05,0.00010863272473216057,0.00010017864406108856,9.908182546496392e-05,9.756302461028099e-05,9.558489546179771e-05,9.658699855208397e-05,1,F,10,PF-DEV,0.00010656916581532297
10000,10,2,2,0,True,0.00014625024050474167,0.00020955316722393036,0.00020764395594596863,0.00019029546529054643,0.00020629074424505234,0.00014625024050474167,0.00020573288202285767,1,C,10,PF-0.20.2,0.00020955316722393036
10000,10,2,2,0,True,0.0002518678084015846,0.0003107837401330471,0.00026118895038962364,0.0002628612332046032,0.0002577004488557577,0.0002518678084015846,0.00025570765137672424,1,C,10,PF-DEV,0.00029526912681578695
10000,10,2,2,0,True,0.00014644674956798553,0.0001688869670033455,0.00015113689005374908,0.00015241438522934915,0.00014903489500284195,0.00014644674956798553,0.00014822091907262802,1,F,10,PF-0.20.2,0.00016728758429820795
10000,10,2,2,0,True,0.0001938031055033207,0.00022594723850488663,0.00019996799528598785,0.0001998532097786665,0.00019654096104204655,0.0001938031055033207,0.0001958799548447132,1,F,10,PF-DEV,0.0002174690433768951
1,10,2,5,0,False,0.00022903596982359886,0.0003682011738419533,0.00023576617240905762,0.00024528619833290576,0.00023070047609508038,0.00022903596982359886,0.0002302839420735836,1,C,10,PF-0.20.2,0.0003257518782181826
1,10,2,5,0,False,0.0002672560513019562,0.0002849414013326168,0.00027085980400443077,0.00027145538479089737,0.00026986002922058105,0.0002672560513019562,0.0002696570008993149,1,C,10,PF-DEV,0.00028133799748680804
1,10,2,5,0,False,0.00022637471556663513,0.00024083629250526428,0.0002309638075530529,0.00023012510500848294,0.0002282019704580307,0.00022637471556663513,0.00022744527086615562,1,F,10,PF-0.20.2,0.0002387321531113359
1,10,2,5,0,False,0.00026598991826176643,0.0002792850136756897,0.00027032988145947456,0.0002698092255741358,0.00026865280233323574,0.00026598991826176643,0.0002681012265384197,1,F,10,PF-DEV,0.00027681217859026566
10,10,2,5,0,False,0.0002508419565856457,0.00026647280901670456,0.0002538650296628475,0.0002536678686738014,0.0002521213609725237,0.0002508419565856457,0.00025143008679151535,1,C,10,PF-0.20.2,0.00026239917091650314
10,10,2,5,0,False,0.0002950858324766159,0.0003138100728392601,0.00029984163120388985,0.000299843167886138,0.00029705767519772053,0.0002950858324766159,0.00029662204906344414,1,C,10,PF-DEV,0.0003118020806099225
10,10,2,5,0,False,0.0002495977096259594,0.0002665300853550434,0.00025514140725135803,0.0002535887528210878,0.00025189598090946674,0.0002495977096259594,0.0002509099431335926,1,F,10,PF-0.20.2,0.0002629187818756357
10,10,2,5,0,False,0.0002949461340904236,0.0003076540306210518,0.00030168378725647926,0.00030003320425748826,0.00029972242191433907,0.0002949461340904236,0.0002983571030199528,1,F,10,PF-DEV,0.0003076540306210518
100,10,2,5,0,False,0.00027033407241106033,0.00029002921655774117,0.0002770582213997841,0.0002751367166638374,0.0002729864791035652,0.00027033407241106033,0.0002711853012442589,1,C,10,PF-0.20.2,0.00028643455825007487
100,10,2,5,0,False,0.0003225286491215229,0.0003353091888129711,0.00032965466380119324,0.0003276469651609659,0.0003277014475315809,0.0003225286491215229,0.0003259326331317425,1,C,10,PF-DEV,0.0003349996760835226
100,10,2,5,0,False,0.00026649562641978264,0.0002811192534863949,0.0002696891315281391,0.0002699621953070164,0.0002686094958335161,0.00026649562641978264,0.00026809191331267357,1,F,10,PF-0.20.2,0.0002779116505324953
100,10,2,5,0,False,0.00031084194779396057,0.0003256569616496563,0.0003189370036125183,0.00031610908918082713,0.00031502218917012215,0.00031084194779396057,0.00031341006979346275,1,F,10,PF-DEV,0.00032552809596508647
1000,10,2,5,0,False,0.0004206154174064225,0.0004602358676493168,0.0004562223330140114,0.0004484137985855341,0.0004548474680632353,0.00041576288640499115,0.00045430799946188927,1,C,10,PF-0.20.2,0.0004602358676493168
1000,10,2,5,0,False,0.000474581029266119,0.0004983278922736645,0.0004795040003955364,0.00047922758385539056,0.0004764473997056484,0.000474581029266119,0.00047590117901563644,1,C,10,PF-DEV,0.0004926328233693486
1000,10,2,5,0,False,0.00041432492434978485,0.00042690616101026535,0.00041901692748069763,0.0004179767332971096,0.0004172110930085182,0.00041432492434978485,0.0004162471741437912,1,F,10,PF-0.20.2,0.0004250462844005588
1000,10,2,5,0,False,0.0004344838671386242,0.00045242300257086754,0.0004402231425046921,0.0004385570529848337,0.00043630460277199745,0.0004344838671386242,0.00043600331991910934,1,F,10,PF-DEV,0.0004484288943676254
10000,10,2,5,0,False,0.0016472169532549875,0.002048156224191189,0.001978997141122818,0.0019173720851540566,0.0019727270118892193,0.001643788069486618,0.00197034515440464,1,C,10,PF-0.20.2,0.002048156224191189
10000,10,2,5,0,False,0.0017821472138166428,0.001854735892266035,0.0018179360777139664,0.0018059493508189917,0.00180452736094594,0.0017821472138166428,0.0017920448444783688,1,C,10,PF-DEV,0.00184812522936064
10000,10,2,5,0,False,0.0016920450143516064,0.0022001462057232857,0.0019876807928085327,0.0019350346643477677,0.001962890848517418,0.0016920450143516064,0.0019138460047543049,1,F,10,PF-0.20.2,0.0022001462057232857
10000,10,2,5,0,False,0.0017777779139578342,0.0018587294034659863,0.0018134480342268944,0.0018005999736487865,0.001789242960512638,0.0017777779139578342,0.0017872927710413933,1,F,10,PF-DEV,0.0018492064212132587
1,10,2,5,0,True,0.00017254287376999855,0.0018332269974052906,0.00018390221521258354,0.00034239208325743676,0.00017516757361590862,0.00017254287376999855,0.0001746579073369503,1,C,10,PF-0.20.2,0.0013164417764210269
1,10,2,5,0,True,0.00021066656336188316,0.00023483624681830406,0.0002149287611246109,0.0002153391484171152,0.00021260883659124374,0.00021066656336188316,0.0002115708775818348,1,C,10,PF-DEV,0.00022900410293834637
1,10,2,5,0,True,0.0001727379858493805,0.00019389670342206955,0.00018600886687636375,0.0001785577740520239,0.00017360597848892212,0.0001727379858493805,0.00017349282279610634,1,F,10,PF-0.20.2,0.00019389670342206955
1,10,2,5,0,True,0.0002113492228090763,0.00022471090778708458,0.00021626194939017296,0.00021459911949932574,0.0002120230346918106,0.0002113492228090763,0.00021162210032343864,1,F,10,PF-DEV,0.0002231389941449235
10,10,2,5,0,True,0.00018925638869404793,0.00020638899877667427,0.0001911013387143612,0.00019218814559280873,0.00019039842300117016,0.00018925638869404793,0.00019029108807444572,1,C,10,PF-0.20.2,0.00020180145779170422
10,10,2,5,0,True,0.0002318420447409153,0.0002448521554470062,0.00023460015654563904,0.00023458683863282205,0.00023255543783307076,0.0002318420447409153,0.00023243995383381844,1,C,10,PF-DEV,0.00024227366163798416
10,10,2,5,0,True,0.0001895800232887268,0.00020334776490926743,0.0001909271813929081,0.0001917922869324684,0.00019053136929869652,0.0001895800232887268,0.00019027898088097572,1,F,10,PF-0.20.2,0.00019942077357451544
10,10,2,5,0,True,0.00023161200806498528,0.00024551479145884514,0.00023822905495762825,0.00023535988293588161,0.00023368396796286106,0.00023161200806498528,0.00023290328681468964,1,F,10,PF-DEV,0.0002434534791806799
100,10,2,5,0,True,0.0002029850147664547,0.00021783681586384773,0.00020552193745970726,0.00020603355951607228,0.00020396639592945576,0.0002029850147664547,0.0002037431113421917,1,C,10,PF-0.20.2,0.00021464382352286745
100,10,2,5,0,True,0.00025175604969263077,0.00029182108119130135,0.0002581779845058918,0.00025936760939657686,0.0002539448905736208,0.00025175604969263077,0.00025238608941435814,1,C,10,PF-DEV,0.00028334892967235147
100,10,2,5,0,True,0.00020210398361086845,0.00021642493084073067,0.00020397407934069633,0.00020421636290848255,0.0002026145812124014,0.00020210398361086845,0.00020219013094902039,1,F,10,PF-0.20.2,0.00021233450699140397
100,10,2,5,0,True,0.00024465424939990044,0.00026611611247062683,0.00025183893740177155,0.00025008535012602804,0.00024846591986715794,0.00024465424939990044,0.00024692807346582413,1,F,10,PF-DEV,0.00026140969701242216
1000,10,2,5,0,True,0.00030926894396543503,0.00039355596527457237,0.00034453999251127243,0.0003407536540180445,0.0003402587026357651,0.00030926894396543503,0.00033726776018738747,1,C,10,PF-0.20.2,0.0003823619086255648
1000,10,2,5,0,True,0.00036808382719755173,0.0004193508066236973,0.00039139995351433754,0.00038385400548577306,0.0003763237036764622,0.00036808382719755173,0.00037469854578375816,1,C,10,PF-DEV,0.0004153656035815094
1000,10,2,5,0,True,0.0003163670189678669,0.0003637261688709259,0.00033323513343930244,0.0003271312918514013,0.00031989673152565956,0.0003163670189678669,0.0003184601664543152,1,F,10,PF-0.20.2,0.0003551721154224287
1000,10,2,5,0,True,0.00033966265618801117,0.0003811460919678211,0.0003607003018260002,0.0003552405163645744,0.0003555591683834791,0.00033966265618801117,0.0003420468419790268,1,F,10,PF-DEV,0.0003811460919678211
10000,10,2,5,0,True,0.0012144207693408422,0.0014885389246046543,0.0014516082592308521,0.001400027610361576,0.0014491728506982327,0.0012066308408975601,0.0014457199722528458,1,C,10,PF-0.20.2,0.0014885389246046543
10000,10,2,5,0,True,0.0013497569598257542,0.0014533190988004208,0.0013751406222581863,0.0013702372089028358,0.0013579805381596088,0.0013497569598257542,0.001353719737380743,1,C,10,PF-DEV,0.0014294428583294743
10000,10,2,5,0,True,0.0012181750498712063,0.0013075866736471653,0.001263272948563099,0.001258107228204608,0.001260306453332305,0.0012181750498712063,0.0012556868605315685,1,F,10,PF-0.20.2,0.0013018020368868342
10000,10,2,5,0,True,0.001140170730650425,0.0013441229239106178,0.0012331022880971432,0.0011946610175073147,0.0011709551326930523,0.001140170730650425,0.0011485847644507885,1,F,10,PF-DEV,0.001317419805491345
1,10,2,10,0,False,0.0007362249307334423,0.0018787612207233906,0.0007490678690373898,0.0008560913614928722,0.0007421288173645735,0.0007362249307334423,0.000739081297069788,1,C,10,PF-0.20.2,0.0015243213566028038
1,10,2,10,0,False,0.0007775607518851757,0.0007941899821162224,0.000790200661867857,0.0007846324704587459,0.0007827200461179018,0.0007775607518851757,0.0007812599651515484,1,C,10,PF-DEV,0.0007941899821162224
1,10,2,10,0,False,0.0007309247739613056,0.000743781216442585,0.000738268718123436,0.0007359943818300962,0.0007350132800638676,0.0007309247739613056,0.0007346007041633129,1,F,10,PF-0.20.2,0.000742763901045048
1,10,2,10,0,False,0.0007780017331242561,0.0007888367399573326,0.0007845950312912464,0.0007821994367986917,0.00078164367005229,0.0007780017331242561,0.000780218280851841,1,F,10,PF-DEV,0.0007885245948982479
10,10,2,10,0,False,0.0008134390227496624,0.000838796142488718,0.0008239676244556904,0.0008198196534067393,0.0008162998128682375,0.0008134390227496624,0.0008160280995070934,1,C,10,PF-0.20.2,0.0008340929145829061
10,10,2,10,0,False,0.0008672969415783882,0.0008812020532786846,0.0008774329908192158,0.0008737931959331036,0.000873522600159049,0.0008672969415783882,0.0008712420240044594,1,C,10,PF-DEV,0.0008812020532786846
10,10,2,10,0,False,0.0008153929375112057,0.0008359681814908981,0.0008250167593359947,0.0008218507282435894,0.0008202556055039167,0.0008153929375112057,0.0008192779496312141,1,F,10,PF-0.20.2,0.0008329725245756294
10,10,2,10,0,False,0.0008692559786140919,0.0008810842409729958,0.000872231088578701,0.0008724272716790438,0.0008714792784303427,0.0008692559786140919,0.0008708029054105282,1,F,10,PF-DEV,0.0008790639691118288
100,10,2,10,0,False,0.0008936119265854359,0.0009333719499409199,0.0009052660316228867,0.0009038760326802731,0.0009001996368169785,0.0008936119265854359,0.0008988599292933941,1,C,10,PF-0.20.2,0.0009248242364841217
100,10,2,10,0,False,0.0009359400719404221,0.000954200979322195,0.00094979302957654,0.0009443574119359255,0.0009432618971914053,0.0009359400719404221,0.0009403279982507229,1,C,10,PF-DEV,0.000954200979322195
100,10,2,10,0,False,0.00087712612003088,0.0009132958948612213,0.000886846799403429,0.0008846237324178219,0.000878665130585432,0.00087712612003088,0.0008784080855548382,1,F,10,PF-0.20.2,0.0009067935776557246
100,10,2,10,0,False,0.0009138910099864006,0.0009298198856413364,0.0009294720366597176,0.0009230079129338264,0.0009217518381774426,0.0009138910099864006,0.0009191893041133881,1,F,10,PF-DEV,0.0009298198856413364
1000,10,2,10,0,False,0.0014247999813383869,0.0015626167878508568,0.0015454143285751343,0.0015189782250672578,0.0015413067303597927,0.0014174720272421837,0.0015389681793749332,1,C,10,PF-0.20.2,0.0015626167878508568
1000,10,2,10,0,False,0.0014325990341603756,0.001489792950451374,0.001439355779439211,0.0014438403770327568,0.0014366528484970331,0.0014325990341603756,0.0014341948553919792,1,C,10,PF-DEV,0.0014780382421687396
1000,10,2,10,0,False,0.0014389553107321262,0.0014937636442482471,0.0014645019546151161,0.0014579245820641519,0.0014513800852000713,0.0014389553107321262,0.0014480357058346272,1,F,10,PF-0.20.2,0.0014901040373582262
1000,10,2,10,0,False,0.0013408688828349113,0.001378251239657402,0.0013504130765795708,0.0013484845403581858,0.00134488963522017,0.0013408688828349113,0.0013423827476799488,1,F,10,PF-DEV,0.0013691349495023146
10000,10,2,10,0,False,0.00611655698480045,0.0074550858698785305,0.007285214029252529,0.007049583364278078,0.007251554634422064,0.006094957236200571,0.007233861833810806,1,C,10,PF-0.20.2,0.0074550858698785305
10000,10,2,10,0,False,0.0058731078170239925,0.006262997165322304,0.005946632008999586,0.005949858855456114,0.005909662926569581,0.0058731078170239925,0.00590326776728034,1,C,10,PF-DEV,0.00616153986896947
10000,10,2,10,0,False,0.006094629876315594,0.007282191887497902,0.007262126076966524,0.006965756602585316,0.007242491468787193,0.006094629876315594,0.007082127965986729,1,F,10,PF-0.20.2,0.007282191887497902
10000,10,2,10,0,False,0.00584015529602766,0.005962046328932047,0.005881021730601788,0.005871857143938541,0.0058655329048633575,0.00584015529602766,0.0058595770969986916,1,F,10,PF-DEV,0.005936835651635852
1,10,2,10,0,True,0.0006261691451072693,0.005669867619872093,0.0006468510255217552,0.0011409313417971134,0.0006374139338731766,0.0006261691451072693,0.0006317230872809887,1,C,10,PF-0.20.2,0.004099908529573916
1,10,2,10,0,True,0.0006675119511783123,0.0006969189271330833,0.0006748908199369907,0.0006742218043655157,0.0006707978900521994,0.0006675119511783123,0.0006687510758638382,1,C,10,PF-DEV,0.0006908385750627327
1,10,2,10,0,True,0.0006207008846104145,0.0006490880623459816,0.0006279931403696537,0.0006275058258324862,0.0006252678576856852,0.0006207008846104145,0.0006245519034564495,1,F,10,PF-0.20.2,0.0006424101729968131
1,10,2,10,0,True,0.000658735167235136,0.0006923768669366837,0.0006748037412762642,0.0006705430801957846,0.0006682388484477997,0.000658735167235136,0.0006669890135526657,1,F,10,PF-DEV,0.0006892057500057128
10,10,2,10,0,True,0.0006789788603782654,0.0007004248909652233,0.0006914022378623486,0.0006865119561553001,0.0006844054441899061,0.0006789788603782654,0.0006812512874603271,1,C,10,PF-0.20.2,0.0007003570712988634
10,10,2,10,0,True,0.0007284199818968773,0.0007462608627974987,0.0007412522099912167,0.0007368470542132854,0.0007369439117610455,0.0007284199818968773,0.0007355962879955769,1,C,10,PF-DEV,0.0007462608627974987
10,10,2,10,0,True,0.0006864434108138084,0.0006980681791901588,0.0006966618821024895,0.0006920980289578438,0.0006913954857736826,0.0006864434108138084,0.0006893728859722614,1,F,10,PF-0.20.2,0.0006980681791901588
10,10,2,10,0,True,0.0007294695824384689,0.0007472159340977669,0.0007400461472570896,0.0007357314694672823,0.0007336526177823544,0.0007294695824384689,0.0007317601703107357,1,F,10,PF-DEV,0.0007467050368308166
100,10,2,10,0,True,0.0007523032836616039,0.0007771537639200687,0.0007647615857422352,0.0007612453773617744,0.0007591445464640856,0.0007523032836616039,0.0007571070455014706,1,C,10,PF-0.20.2,0.0007747385333783734
100,10,2,10,0,True,0.0007978295907378197,0.0008314568549394608,0.0008120383135974407,0.0008082936517894268,0.000805380055680871,0.0007978295907378197,0.0008040452376008034,1,C,10,PF-DEV,0.0008272245877088773
100,10,2,10,0,True,0.0007480541244149208,0.000764467753469944,0.0007606814615428448,0.0007563811261206866,0.0007547433488070965,0.0007480541244149208,0.0007545198313891888,1,F,10,PF-0.20.2,0.000764467753469944
100,10,2,10,0,True,0.0007866951636970043,0.0008307509124279022,0.0008008810691535473,0.0007979111280292273,0.000795111758634448,0.0007866951636970043,0.0007907571271061897,1,F,10,PF-DEV,0.0008216991324379299
1000,10,2,10,0,True,0.0012180230210835953,0.0013088108971714973,0.0013075489550828934,0.00128510445356369,0.0013027493841946125,0.0012175957672297955,0.0012942072935402393,1,C,10,PF-0.20.2,0.0013088108971714973
1000,10,2,10,0,True,0.0012218537740409374,0.0012817950919270515,0.001240539364516735,0.0012366389855742455,0.0012293360196053982,0.0012218537740409374,0.0012287828139960766,1,C,10,PF-DEV,0.0012698556834864606
1000,10,2,10,0,True,0.0012070247903466225,0.0012804549187421799,0.0012231539003551006,0.0012217644602060319,0.001215979689732194,0.0012070247903466225,0.0012115351855754852,1,F,10,PF-0.20.2,0.0012617958010150091
1000,10,2,10,0,True,0.001137087121605873,0.0011882400140166283,0.0011507850140333176,0.0011498697102069854,0.001145083224400878,0.001137087121605873,0.00113982567563653,1,F,10,PF-DEV,0.0011806544373023612
10000,10,2,10,0,True,0.005196230513044885,0.006149766966700554,0.00610944302752614,0.005910571897402406,0.006097484612837434,0.005174852907657623,0.006096231751143932,1,C,10,PF-0.20.2,0.006149766966700554
10000,10,2,10,0,True,0.004985693842172623,0.005074068903923035,0.005049128085374832,0.0050256019458174706,0.0050207620952278376,0.004985693842172623,0.005008838139474392,1,C,10,PF-DEV,0.005074068903923035
10000,10,2,10,0,True,0.005156191997230053,0.005203280132263899,0.005202004220336676,0.005178802041336894,0.0051702335476875305,0.005156191997230053,0.005167040042579174,1,F,10,PF-0.20.2,0.005203280132263899
10000,10,2,10,0,True,0.00404162984341383,0.0041304039768874645,0.00410173274576664,0.0040805010125041005,0.004078758880496025,0.00404162984341383,0.004064570181071758,1,F,10,PF-DEV,0.0041304039768874645
1,10,2,20,0,False,0.0025769956409931183,0.006825998891144991,0.0026200786232948303,0.0030281146988272666,0.0026006295811384916,0.0025769956409931183,0.0025990549474954605,1,C,10,PF-0.20.2,0.005509741327074855
1,10,2,20,0,False,0.0026368838734924793,0.002753252163529396,0.002742134965956211,0.002694306429475546,0.002693882444873452,0.0026368838734924793,0.0026662899181246758,1,C,10,PF-DEV,0.002753252163529396
1,10,2,20,0,False,0.0025788252241909504,0.002784766722470522,0.0026173060759902,0.002618340915068984,0.002598488936200738,0.0025788252241909504,0.00259341299533844,1,F,10,PF-0.20.2,0.002730558676885908
1,10,2,20,0,False,0.0026350002735853195,0.002874651923775673,0.0027083968743681908,0.002701628254726529,0.0026836057659238577,0.0026350002735853195,0.002660909667611122,1,F,10,PF-DEV,0.0028367441543958338
10,10,2,20,0,False,0.002861098852008581,0.0030160280875861645,0.0029070740565657616,0.0029105987399816514,0.0029004269745200872,0.002861098852008581,0.0028982851654291153,1,C,10,PF-0.20.2,0.0029868406381826505
10,10,2,20,0,False,0.0029130405746400356,0.0029951189644634724,0.002951317001134157,0.0029442889150232076,0.0029390985146164894,0.0029130405746400356,0.0029334970749914646,1,C,10,PF-DEV,0.0029911898287678968
10,10,2,20,0,False,0.0028700949624180794,0.0029115560464560986,0.0029059420339763165,0.0028926867991685866,0.00289538293145597,0.0028700949624180794,0.002890980802476406,1,F,10,PF-0.20.2,0.0029115560464560986
10,10,2,20,0,False,0.0029426212422549725,0.0029926770366728306,0.0029674218967556953,0.002962391823530197,0.0029604551382362843,0.0029426212422549725,0.0029537887312471867,1,F,10,PF-DEV,0.002991853305363929
100,10,2,20,0,False,0.003189569339156151,0.0032665058970451355,0.003228220157325268,0.003218241222202778,0.0032151835039258003,0.003189569339156151,0.0032064570114016533,1,C,10,PF-0.20.2,0.0032616169492157127
100,10,2,20,0,False,0.0032033678144216537,0.0032628891058266163,0.003234514966607094,0.0032237124163657428,0.0032153050415217876,0.0032033678144216537,0.0032133441418409348,1,C,10,PF-DEV,0.0032628891058266163
100,10,2,20,0,False,0.0031382115557789803,0.0032594120129942894,0.003201116342097521,0.003185337129980326,0.003185319947078824,0.0031382115557789803,0.0031675640493631363,1,F,10,PF-0.20.2,0.003246765418097956
100,10,2,20,0,False,0.0031521697528660297,0.0031889658421278,0.0031726090237498283,0.0031702930573374033,0.003170250914990902,0.0031521697528660297,0.0031664278358221054,1,F,10,PF-DEV,0.0031889658421278
1000,10,2,20,0,False,0.005658652050438291,0.006226131692528725,0.006096550729125738,0.006015106337144971,0.0060815769247710705,0.00563476886600256,0.006069401279091835,1,C,10,PF-0.20.2,0.006226131692528725
1000,10,2,20,0,False,0.005321885924786329,0.005443548783659935,0.0053770048543810844,0.005361285107210278,0.0053538978099823,0.005321885924786329,0.005348702892661095,1,C,10,PF-DEV,0.0054292199483332425
1000,10,2,20,0,False,0.005651287874495393,0.005743563175201416,0.005720722023397684,0.005705371405929327,0.005710897268727422,0.005648929160088301,0.005706876050680876,1,F,10,PF-0.20.2,0.005743563175201416
1000,10,2,20,0,False,0.004978023003786802,0.005035990849137306,0.005018590949475765,0.0050084379501640795,0.005007806234061718,0.004978023003786802,0.005002015735954046,1,F,10,PF-DEV,0.005035990849137306
10000,10,2,20,0,False,0.02413181874940326,0.028520463965833187,0.02842330140992999,0.027542851539328693,0.02839057450182736,0.02406323468312621,0.02836174378171563,1,C,10,PF-0.20.2,0.028520463965833187
10000,10,2,20,0,False,0.022770135197788477,0.02288292394950986,0.022839571814984083,0.022815895779058338,0.02280789683572948,0.022770135197788477,0.022789774928241968,1,C,10,PF-DEV,0.02288292394950986
10000,10,2,20,0,False,0.026520249402814198,0.03046725271269679,0.03043765015900135,0.02959223580546677,0.030390693806111813,0.026036652736365795,0.030375953298062086,1,F,10,PF-0.20.2,0.03046725271269679
10000,10,2,20,0,False,0.02282141102477908,0.02288187760859728,0.022857956122606993,0.022849105903878807,0.0228451460134238,0.02282141102477908,0.022842934355139732,1,F,10,PF-DEV,0.02288187760859728
1,10,2,20,0,True,0.004341582767665386,0.02182714780792594,0.004391334019601345,0.0061216085683554414,0.004376868484541774,0.004341582767665386,0.004358871374279261,1,C,10,PF-0.20.2,0.016382714717289353
1,10,2,20,0,True,0.0024382448755204678,0.0025327899493277073,0.002469837199896574,0.0024605073034763337,0.002451061038300395,0.0024382448755204678,0.002448603045195341,1,C,10,PF-DEV,0.0025132335078857154
1,10,2,20,0,True,0.00432694423943758,0.00442708982154727,0.004392310976982117,0.004372729919850826,0.004363919608294964,0.00432694423943758,0.004356455989181995,1,F,10,PF-0.20.2,0.00442708982154727
1,10,2,20,0,True,0.002414085902273655,0.002459194976836443,0.002458692993968725,0.0024437018670141696,0.002451382577419281,0.002414085902273655,0.002435809001326561,1,F,10,PF-DEV,0.002459194976836443
10,10,2,20,0,True,0.004690269008278847,0.00478846812620759,0.004734428133815527,0.004720273846760392,0.004711851244792342,0.004690269008278847,0.004706338979303837,1,C,10,PF-0.20.2,0.004773003483357889
10,10,2,20,0,True,0.002722654026001692,0.0027612210251390934,0.0027491007931530476,0.002737637795507908,0.0027340466622263193,0.002722654026001692,0.0027305372059345245,1,C,10,PF-DEV,0.0027612210251390934
10,10,2,20,0,True,0.004717477131634951,0.0047590588219463825,0.004744981415569782,0.0047345992643386126,0.00473209354095161,0.004717477131634951,0.0047294278629124165,1,F,10,PF-0.20.2,0.0047590588219463825
10,10,2,20,0,True,0.0026958719827234745,0.0027395598590373993,0.002720820251852274,0.002713392488658428,0.002713240450248122,0.0026958719827234745,0.0027062660083174706,1,F,10,PF-DEV,0.0027382839912927026
100,10,2,20,0,True,0.002933822395364597,0.002971889916807413,0.0029686051420867443,0.002959376061335206,0.0029629780910909176,0.0029267980717122555,0.0029590269550681114,1,C,10,PF-0.20.2,0.002971889916807413
100,10,2,20,0,True,0.00295433821156621,0.003021399024873972,0.00301208533346653,0.002989170467481017,0.002985089784488082,0.00295433821156621,0.0029792049899697304,1,C,10,PF-DEV,0.003021399024873972
100,10,2,20,0,True,0.002876988146454096,0.002925775945186615,0.0029176222160458565,0.002899312414228916,0.0029020574875175953,0.002876988146454096,0.002884599380195141,1,F,10,PF-0.20.2,0.002925775945186615
100,10,2,20,0,True,0.0028873877599835396,0.002959680277854204,0.002922947984188795,0.002911351388320327,0.0029078605584800243,0.0028873877599835396,0.002896293066442013,1,F,10,PF-DEV,0.002952780775952161
1000,10,2,20,0,True,0.0050524855076193,0.005491594783961773,0.005443729925900698,0.005359266186133027,0.005420747911557555,0.00502771558240056,0.005413011647760868,1,C,10,PF-0.20.2,0.005491594783961773
1000,10,2,20,0,True,0.004765294026583433,0.004906975664198399,0.004829832352697849,0.004814634099602699,0.004816528409719467,0.004765294026583433,0.004796650260686874,1,C,10,PF-DEV,0.0048920604802337436
1000,10,2,20,0,True,0.005102092865854502,0.005184042267501354,0.005151507910341024,0.005133450916036964,0.005129278637468815,0.005102092865854502,0.0051212008111178875,1,F,10,PF-0.20.2,0.005183933212077699
1000,10,2,20,0,True,0.004483551252633333,0.004615055862814188,0.004536645952612162,0.004522289289161563,0.004513266496360302,0.004483551252633333,0.0045072357170283794,1,F,10,PF-DEV,0.004590403711979654
10000,10,2,20,0,True,0.0214594555342671,0.02540244720876217,0.025399713777005672,0.02453967430628836,0.025349011411890388,0.02135512325912714,0.025320899207144976,1,C,10,PF-0.20.2,0.02540244720876217
10000,10,2,20,0,True,0.020361436996608973,0.020498760975897312,0.02043713629245758,0.020414467481896282,0.020404728827998042,0.020361436996608973,0.02038426510989666,1,C,10,PF-DEV,0.02049274327167981
10000,10,2,20,0,True,0.02135282987728715,0.02148996526375413,0.02139742113649845,0.021389428852126004,0.02138005499728024,0.02135282987728715,0.02136361040174961,1,F,10,PF-0.20.2,0.021466969339936134
10000,10,2,20,0,True,0.016366611700505018,0.016593520063906908,0.016467217821627855,0.016444386355578898,0.016428673407062888,0.016366611700505018,0.01640588417649269,1,F,10,PF-DEV,0.016570887310601485
1,10,2,30,0,False,0.005524644162505865,0.02172561874613166,0.005594607908278704,0.007200916949659586,0.005580754950642586,0.005524644162505865,0.005571735557168722,1,C,10,PF-0.20.2,0.0166907982327396
1,10,2,30,0,False,0.005649215076118708,0.005763627123087645,0.005734059028327465,0.00571107012219727,0.005722986534237862,0.005649215076118708,0.005714177154004574,1,C,10,PF-DEV,0.005763627123087645
1,10,2,30,0,False,0.005525071173906326,0.005612462293356657,0.005603364668786526,0.0055765244644135235,0.0055803179275244474,0.005525071173906326,0.005572125315666199,1,F,10,PF-0.20.2,0.005612462293356657
1,10,2,30,0,False,0.005636356770992279,0.005732348188757896,0.005687807686626911,0.005678919749334455,0.0056802560575306416,0.005636356770992279,0.005668542813509703,1,F,10,PF-DEV,0.00573101322363339
10,10,2,30,0,False,0.00622129300609231,0.0063367560505867004,0.00629285117611289,0.006279142759740353,0.006281377514824271,0.00622129300609231,0.006273872219026089,1,C,10,PF-0.20.2,0.0063367560505867004
10,10,2,30,0,False,0.0062631784292056895,0.006406112108379602,0.006366868037730455,0.0063424729742109776,0.0063455295749008656,0.006260792259126902,0.00631899107247591,1,C,10,PF-DEV,0.006406112108379602
10,10,2,30,0,False,0.00617250798058383,0.006244302727282047,0.006240248214453459,0.006217870535328985,0.006221988936886191,0.006170100066810846,0.006214170251041651,1,F,10,PF-0.20.2,0.006244302727282047
10,10,2,30,0,False,0.006245015654712915,0.006379215978085995,0.0063080210238695145,0.006296988530084491,0.006290215766057372,0.006245015654712915,0.006288807839155197,1,F,10,PF-DEV,0.006368047767356639
100,10,2,30,0,False,0.006858635746960825,0.007048781029880047,0.007038788869976997,0.006995841022580862,0.007028375752270222,0.006816425826400518,0.007021014112979174,1,C,10,PF-0.20.2,0.007048781029880047
100,10,2,30,0,False,0.006937618833035231,0.007053963840007782,0.007014357019215822,0.006997056212276221,0.00700471643358469,0.006937618833035231,0.006977998651564121,1,C,10,PF-DEV,0.007053963840007782
100,10,2,30,0,False,0.006857923898483698,0.007013909053057432,0.006980045232921839,0.006944620097056031,0.006941946456208825,0.006842463742941618,0.006932989228516817,1,F,10,PF-0.20.2,0.007013909053057432
100,10,2,30,0,False,0.006867877162554749,0.006947512738406658,0.006922625005245209,0.006912517920136451,0.006915282923728228,0.006863252725452185,0.006907779257744551,1,F,10,PF-DEV,0.006947512738406658
1000,10,2,30,0,False,0.014580237143196924,0.01581480586901307,0.015631150919944048,0.015397995989769698,0.015562883112579584,0.014516551978886127,0.015497627668082714,1,C,10,PF-0.20.2,0.01581480586901307
1000,10,2,30,0,False,0.013632419984787703,0.01392650930210948,0.013818246312439442,0.013766756048426032,0.013755473773926497,0.013632419984787703,0.013740067835897207,1,C,10,PF-DEV,0.013915690541161655
1000,10,2,30,0,False,0.014506657142192125,0.014622732065618038,0.014569004997611046,0.014554162602871656,0.014554550172761083,0.014506657142192125,0.014535840135067701,1,F,10,PF-0.20.2,0.014616264243933856
1000,10,2,30,0,False,0.012778337354391964,0.012887065298855305,0.01285280054435134,0.012834032531827688,0.012826970312744379,0.01277735223993659,0.012823914177715778,1,F,10,PF-DEV,0.012887065298855305
10000,10,2,30,0,False,0.07062973487926652,0.08004545699805021,0.07976532680913806,0.07791109313257039,0.07972027850337327,0.07047204440459609,0.07969471672549844,1,C,10,PF-0.20.2,0.08004545699805021
10000,10,2,30,0,False,0.06682022381573915,0.06723132403567433,0.06697393534705043,0.06693398426286876,0.06686660996638238,0.06682022381573915,0.06685336166992784,1,C,10,PF-DEV,0.06718218580085829
10000,10,2,30,0,False,0.07209598921162977,0.08069550525397062,0.08054852625355124,0.07882068087346852,0.0804849739652127,0.07116333488374949,0.08043687464669347,1,F,10,PF-0.20.2,0.08069550525397062
10000,10,2,30,0,False,0.06717217620462179,0.0674283099360764,0.06733484612777829,0.06728251073509454,0.06726540206000209,0.06717217620462179,0.06723716808483005,1,F,10,PF-DEV,0.0674283099360764
1,10,2,30,0,True,0.0052507249638438225,0.0069316173903644085,0.0052932570688426495,0.005441050790250301,0.00527885346673429,0.0052507249638438225,0.00526662589982152,1,C,10,PF-0.20.2,0.006415271021497501
1,10,2,30,0,True,0.005316518247127533,0.00539357028901577,0.005381373222917318,0.005351648898795247,0.005353427724912763,0.005316518247127533,0.005326494108885527,1,C,10,PF-DEV,0.00539357028901577
1,10,2,30,0,True,0.005210373366055592,0.005265707150101662,0.005244354717433453,0.005238923849537969,0.005238827085122466,0.005207743030041456,0.005237828008830547,1,F,10,PF-0.20.2,0.005265707150101662
1,10,2,30,0,True,0.005310778971761465,0.005385372322052717,0.005373341962695122,0.005351101141422987,0.005348965525627136,0.005310778971761465,0.005341838113963604,1,F,10,PF-DEV,0.005385372322052717
10,10,2,30,0,True,0.005875505041331053,0.005975645966827869,0.005927675869315863,0.005910824378952384,0.005907984683290124,0.005875505041331053,0.005894558969885111,1,C,10,PF-0.20.2,0.005969240273936865
10,10,2,30,0,True,0.00598502391949296,0.006039521191269159,0.006028146017342806,0.006017394084483385,0.006023778347298503,0.00598502391949296,0.0060156360268592834,1,C,10,PF-DEV,0.006039521191269159
10,10,2,30,0,True,0.005881132212287256,0.005932212807238102,0.0059191943146288395,0.005908915679901839,0.005907487822696567,0.005879909731447697,0.005904704798012972,1,F,10,PF-0.20.2,0.005932212807238102
10,10,2,30,0,True,0.0059461151249706745,0.006005909759551287,0.005979977082461119,0.005969733139500022,0.005966385593637824,0.0059461151249706745,0.005960567854344845,1,F,10,PF-DEV,0.006005909759551287
100,10,2,30,0,True,0.0065187206491827965,0.006734076887369156,0.00667601590976119,0.006625192100182175,0.006633816985413432,0.0065187206491827965,0.0066121770069003105,1,C,10,PF-0.20.2,0.006734076887369156
100,10,2,30,0,True,0.006559241097420454,0.006646880879998207,0.006622415967285633,0.006603613216429949,0.006608828902244568,0.006559241097420454,0.006589412223547697,1,C,10,PF-DEV,0.006646880879998207
100,10,2,30,0,True,0.006515815854072571,0.006613521836698055,0.006563807837665081,0.006552646309137345,0.006558658787980676,0.006515815854072571,0.0065338341519236565,1,F,10,PF-0.20.2,0.0066058540526647
100,10,2,30,0,True,0.00647296719264674,0.0065406495705246925,0.006526472046971321,0.006511498568579554,0.0065096591133624315,0.006472933106124401,0.006502523552626371,1,F,10,PF-DEV,0.0065406495705246925
1000,10,2,30,0,True,0.013762991960772294,0.014745210763067007,0.014706565998494625,0.014476933423429728,0.01462703407742083,0.01375248795375228,0.014613204635679722,1,C,10,PF-0.20.2,0.014745210763067007
1000,10,2,30,0,True,0.012877477798610926,0.013021907303482294,0.012979818973690271,0.012944676959887148,0.012934363214299083,0.012877477798610926,0.012918554246425629,1,C,10,PF-DEV,0.013021907303482294
1000,10,2,30,0,True,0.013637698721140623,0.01377389905974269,0.013739401008933783,0.01371100340038538,0.013722698204219341,0.013637698721140623,0.013699303846806288,1,F,10,PF-0.20.2,0.01377389905974269
1000,10,2,30,0,True,0.011945992708206177,0.0120680988766253,0.012053558602929115,0.012016864214092492,0.01203077519312501,0.011945992708206177,0.012010529171675444,1,F,10,PF-DEV,0.0120680988766253
10000,10,2,30,0,True,0.06492979839800596,0.07359783118590713,0.0735331503674388,0.07176637770608067,0.07351028523407876,0.06473605614155531,0.07343645300716162,1,C,10,PF-0.20.2,0.07359783118590713
10000,10,2,30,0,True,0.06119878590106964,0.06135089322924614,0.0613012220710516,0.06128005152568221,0.061275922460481524,0.06119878590106964,0.06126874405890703,1,C,10,PF-DEV,0.06135089322924614
10000,10,2,30,0,True,0.06568548924155347,0.07382033299654722,0.07371076196432114,0.0720762092154473,0.07366581563837826,0.06485532596707344,0.07364350697025657,1,F,10,PF-0.20.2,0.07382033299654722
10000,10,2,30,0,True,0.06130459578707814,0.06520088762044907,0.06366501934826374,0.06252073696814478,0.06180472089909017,0.06130459578707814,0.06160060875117779,1,F,10,PF-DEV,0.06520088762044907
1,10,3,2,0,False,0.00010747602209448814,0.0015934230759739876,0.00010845717042684555,0.00025735623203217985,0.00010800850577652454,0.00010747602209448814,0.0001076841726899147,1,C,10,PF-0.20.2,0.0011302702715340956
1,10,3,2,0,False,0.00014617061242461205,0.00019815517589449883,0.00014997320249676704,0.00015320191159844397,0.0001478374470025301,0.00014617061242461205,0.00014730589464306831,1,C,10,PF-DEV,0.00018282791681190492
1,10,3,2,0,False,0.0001062699593603611,0.00012002000585198402,0.00010772794485092163,0.00010817316360771656,0.00010673794895410538,0.0001062699593603611,0.00010664202272891998,1,F,10,PF-0.20.2,0.00011597189925608082
1,10,3,2,0,False,0.00014590099453926086,0.00015915371477603912,0.00014922954142093658,0.00014844825491309166,0.00014656130224466324,0.00014590099453926086,0.00014639412984251976,1,F,10,PF-DEV,0.00015615619311452978
10,10,3,2,0,False,0.00011735409498214722,0.00013345805928111076,0.00011908123269677162,0.00011978596448898315,0.00011810963042080402,0.00011735409498214722,0.00011780206114053726,1,C,10,PF-0.20.2,0.00012887958797205628
10,10,3,2,0,False,0.0001602889969944954,0.0001737796701490879,0.00016558123752474785,0.0001636382658034563,0.00016176514327526093,0.0001602889969944954,0.00016105081886053085,1,C,10,PF-DEV,0.00017144665642635735
10,10,3,2,0,False,0.00011731265112757683,0.00012997770681977272,0.00011836085468530655,0.00011931066401302815,0.00011814967729151249,0.00011731265112757683,0.0001180991530418396,1,F,10,PF-0.20.2,0.00012633930989522035
10,10,3,2,0,False,0.00015892274677753448,0.00017375312745571136,0.0001663481816649437,0.00016351086087524892,0.0001618713140487671,0.00015892274677753448,0.00016105687245726585,1,F,10,PF-DEV,0.0001718951239138887
100,10,3,2,0,False,0.00012618210166692734,0.00014096777886152267,0.00012816861271858215,0.00012873304076492785,0.00012769107706844807,0.00012618210166692734,0.00012699700891971588,1,C,10,PF-0.20.2,0.0001368806930470637
100,10,3,2,0,False,0.00017053866758942604,0.00019029481336474419,0.00017917156219482422,0.00017642853781580926,0.00017450051382184029,0.00017053866758942604,0.00017302390187978745,1,C,10,PF-DEV,0.0001881721166358965
100,10,3,2,0,False,0.00012583890929818153,0.00013902503997087479,0.00012781890109181404,0.0001285215374082327,0.00012666964903473854,0.00012583890929818153,0.00012651877477765083,1,F,10,PF-0.20.2,0.0001364642688355022
100,10,3,2,0,False,0.0001703849993646145,0.00018516089767217636,0.00017345929518342018,0.00017343945801258088,0.0001714413519948721,0.0001703849993646145,0.00017086882144212723,1,F,10,PF-DEV,0.000182108824860883
1000,10,3,2,0,False,0.00019166580697577203,0.00021368078887462616,0.00021148007363080978,0.0002063695341348648,0.00020872685126960278,0.00019024917855858803,0.0002075699158012867,1,C,10,PF-0.20.2,0.00021368078887462616
1000,10,3,2,0,False,0.0002488577738404274,0.00027067214250564575,0.0002577798441052437,0.0002576369326561689,0.0002567949704825878,0.0002488577738404274,0.0002555311657488346,1,C,10,PF-DEV,0.0002701005101966382
1000,10,3,2,0,False,0.0001806993968784809,0.00019513675943017006,0.00018488289788365364,0.0001847271341830492,0.00018284330144524574,0.0001806993968784809,0.00018251221626996994,1,F,10,PF-0.20.2,0.00019330434169031747
1000,10,3,2,0,False,0.00022368598729372025,0.00023596128448843956,0.00022725900635123253,0.00022678514942526818,0.00022569741122424603,0.00022368598729372025,0.00022481707856059074,1,F,10,PF-DEV,0.00023367042272029703
10000,10,3,2,0,False,0.0006809237779912165,0.000838445033878088,0.0008365209214389324,0.0007989514619112015,0.0008304170332849026,0.0006748009473085403,0.0008234148845076561,1,C,10,PF-0.20.2,0.000838445033878088
10000,10,3,2,0,False,0.0008482080884277821,0.0009466712363064289,0.0008593159727752209,0.0008657374419271946,0.0008560388814657927,0.0008482080884277821,0.0008552647195756435,1,C,10,PF-DEV,0.0009204772484467192
10000,10,3,2,0,False,0.0007011648267507553,0.0007275398820638657,0.0007192189805209637,0.0007116143591701984,0.0007095509208738804,0.0007011648267507553,0.0007067369297146797,1,F,10,PF-0.20.2,0.0007275398820638657
10000,10,3,2,0,False,0.0007111309096217155,0.0007716570980846882,0.000722080934792757,0.0007257180288434029,0.0007186336442828178,0.0007111309096217155,0.0007146741263568401,1,F,10,PF-DEV,0.0007637384501615286
1,10,3,2,0,True,3.9147213101387024e-05,5.689682438969612e-05,3.975164145231247e-05,4.134560003876686e-05,3.947666846215725e-05,3.9147213101387024e-05,3.940705209970474e-05,1,C,10,PF-0.20.2,5.156127520616369e-05
1,10,3,2,0,True,7.604295387864113e-05,9.378558024764061e-05,8.29482451081276e-05,8.086040616035461e-05,7.815752178430557e-05,7.604295387864113e-05,7.710373029112816e-05,1,C,10,PF-DEV,9.190375471528172e-05
1,10,3,2,0,True,3.877514973282814e-05,5.0755683332681656e-05,3.963196650147438e-05,4.053995944559574e-05,3.921543247997761e-05,3.877514973282814e-05,3.912486135959625e-05,1,F,10,PF-0.20.2,4.738402425595616e-05
1,10,3,2,0,True,7.659522816538811e-05,8.913176134228706e-05,8.150981739163399e-05,8.018417283892632e-05,7.909117266535759e-05,7.659522816538811e-05,7.825903594493866e-05,1,F,10,PF-DEV,8.732169695593879e-05
10,10,3,2,0,True,4.20939177274704e-05,5.503324791789055e-05,4.329485818743706e-05,4.396219737827778e-05,4.243198782205582e-05,4.20939177274704e-05,4.23467718064785e-05,1,C,10,PF-0.20.2,5.1366306578293536e-05
10,10,3,2,0,True,8.189026266336441e-05,9.6192117780447e-05,8.629169315099716e-05,8.550817146897316e-05,8.399970829486847e-05,8.189026266336441e-05,8.352566510438919e-05,1,C,10,PF-DEV,9.357039626498052e-05
10,10,3,2,0,True,4.1705090552568436e-05,5.375826731324196e-05,4.239892587065697e-05,4.343702457845211e-05,4.214397631585598e-05,4.1705090552568436e-05,4.1869934648275375e-05,1,F,10,PF-0.20.2,5.032882797262053e-05
10,10,3,2,0,True,8.242903277277946e-05,9.540794417262077e-05,8.94707627594471e-05,8.645947091281413e-05,8.510681800544262e-05,8.242903277277946e-05,8.387211710214615e-05,1,F,10,PF-DEV,9.394302406071976e-05
100,10,3,2,0,True,4.317006096243858e-05,5.520600825548172e-05,4.465179517865181e-05,4.5127375051379205e-05,4.3585896492004395e-05,4.317006096243858e-05,4.356587305665016e-05,1,C,10,PF-0.20.2,5.194931478484092e-05
100,10,3,2,0,True,8.409703150391579e-05,9.687617421150208e-05,8.836528286337852e-05,8.732299320399762e-05,8.564325980842113e-05,8.409703150391579e-05,8.500134572386742e-05,1,C,10,PF-DEV,9.485206098298027e-05
100,10,3,2,0,True,4.3744221329689026e-05,5.529308691620827e-05,4.5194756239652634e-05,4.558293148875237e-05,4.4159358367323875e-05,4.3744221329689026e-05,4.398589953780174e-05,1,F,10,PF-0.20.2,5.220087491808234e-05
100,10,3,2,0,True,8.417293429374695e-05,9.795324876904488e-05,9.040487930178642e-05,8.796392939984799e-05,8.591008372604847e-05,8.417293429374695e-05,8.526258170604706e-05,1,F,10,PF-DEV,9.616728633147233e-05
1000,10,3,2,0,True,5.564000457525253e-05,6.632693111896515e-05,5.732197314500809e-05,5.7533429935574534e-05,5.657551810145378e-05,5.564000457525253e-05,5.6244898587465286e-05,1,C,10,PF-0.20.2,6.340463535082613e-05
1000,10,3,2,0,True,9.709317237138748e-05,0.00011121481657028198,0.00010204315185546875,0.00010054768063127995,9.868317283689976e-05,9.709317237138748e-05,9.834067896008492e-05,1,C,10,PF-DEV,0.00010874527214578735
1000,10,3,2,0,True,5.5348966270685196e-05,6.580725312232971e-05,5.646189674735069e-05,5.701258778572083e-05,5.605490878224373e-05,5.5348966270685196e-05,5.5573880672454834e-05,1,F,10,PF-0.20.2,6.289346131432685e-05
1000,10,3,2,0,True,9.726686403155327e-05,0.00010962691158056259,0.00010189134627580643,0.00010023540817201137,9.850435890257359e-05,9.726686403155327e-05,9.759096428751945e-05,1,F,10,PF-DEV,0.00010757619653036593
10000,10,3,2,0,True,0.00014998856244373437,0.00015851110219955444,0.00015776604413986206,0.0001560417003929615,0.00015755859203636646,0.0001488281413912773,0.00015698513016104698,1,C,10,PF-0.20.2,0.00015851110219955444
10000,10,3,2,0,True,0.00020026788115501404,0.00023103691637516022,0.00022100843489170074,0.00020924927666783334,0.00020291446708142757,0.00020026788115501404,0.0002023233100771904,1,C,10,PF-DEV,0.00023103691637516022
10000,10,3,2,0,True,0.00015353597700595856,0.00016596168279647827,0.00015679607167840004,0.00015709875151515007,0.00015637767501175404,0.00015353597700595856,0.00015531620010733604,1,F,10,PF-0.20.2,0.00016386860447481852
10000,10,3,2,0,True,0.0001962464302778244,0.00023703603073954582,0.00020093005150556564,0.00020325006917119027,0.00019978545606136322,0.0001962464302778244,0.00019938824698328972,1,F,10,PF-DEV,0.00022569148398850555
1,10,3,5,0,False,0.0006220065988600254,0.0006515919230878353,0.0006321868859231472,0.0006297799758613109,0.0006261463277041912,0.0006220065988600254,0.0006254739128053188,1,C,10,PF-0.20.2,0.0006458501388252499
1,10,3,5,0,False,0.0006705420091748238,0.0006834594532847404,0.0006760060787200928,0.0006746657192707062,0.0006731899920850992,0.0006705420091748238,0.0006718821823596954,1,C,10,PF-DEV,0.0006824383160330086
1,10,3,5,0,False,0.0006221751682460308,0.0006357142701745033,0.0006322218105196953,0.0006273743230849505,0.0006257097702473402,0.0006221751682460308,0.0006240741349756718,1,F,10,PF-0.20.2,0.0006357142701745033
1,10,3,5,0,False,0.0006574951112270355,0.0006759930402040482,0.0006689182482659817,0.0006651155650615692,0.0006630090065300465,0.0006574951112270355,0.0006627473048865795,1,F,10,PF-DEV,0.0006759930402040482
10,10,3,5,0,False,0.0006948206573724747,0.0007104426622390747,0.0007054489105939865,0.0007009272463619709,0.0006986709777265787,0.0006948206573724747,0.0006967899389564991,1,C,10,PF-0.20.2,0.0007104426622390747
10,10,3,5,0,False,0.0007403152994811535,0.0007616272196173668,0.0007504411041736603,0.0007469791453331709,0.0007447407115250826,0.0007403152994811535,0.000742992851883173,1,C,10,PF-DEV,0.0007595967023372562
10,10,3,5,0,False,0.0006922958418726921,0.0007063727825880051,0.0007057120092213154,0.0007002206053584814,0.0006999806500971317,0.0006922958418726921,0.0006992449052631855,1,F,10,PF-0.20.2,0.0007063727825880051
10,10,3,5,0,False,0.0007439609616994858,0.0007805009372532368,0.0007524569518864155,0.0007534827571362257,0.0007468860130757093,0.0007439609616994858,0.000745928380638361,1,F,10,PF-DEV,0.0007796953054677413
100,10,3,5,0,False,0.0007527419365942478,0.0007764319889247417,0.0007610470056533813,0.0007603364065289497,0.0007589254528284073,0.0007527419365942478,0.0007552807219326496,1,C,10,PF-0.20.2,0.0007752472412558408
100,10,3,5,0,False,0.0008049067109823227,0.0008290410041809082,0.0008182711899280548,0.000812126835808158,0.0008082767017185688,0.0008049067109823227,0.0008072778582572937,1,C,10,PF-DEV,0.0008266432791775008
100,10,3,5,0,False,0.0007369830273091793,0.0007674950174987316,0.0007512820884585381,0.0007472476456314326,0.0007454210426658392,0.0007369830273091793,0.0007442650385200977,1,F,10,PF-0.20.2,0.0007645326024033873
100,10,3,5,0,False,0.0007953238673508167,0.0008198171854019165,0.000808018259704113,0.0008043997455388308,0.0008029809687286615,0.0007953238673508167,0.0008018543012440205,1,F,10,PF-DEV,0.0008169250325001179
1000,10,3,5,0,False,0.0012030759826302528,0.0012224451638758183,0.0012172446586191654,0.0012133353389799594,0.0012143158819526434,0.0012030759826302528,0.0012126979418098927,1,C,10,PF-0.20.2,0.0012224451638758183
1000,10,3,5,0,False,0.0011715027503669262,0.001205654814839363,0.0011817780323326588,0.0011798280291259288,0.0011767365504056215,0.0011715027503669262,0.001175852958112955,1,C,10,PF-DEV,0.0011980772725184064
1000,10,3,5,0,False,0.001206940971314907,0.0012355949729681015,0.001231905072927475,0.0012230032589286566,0.0012226870749145746,0.001206940971314907,0.0012180698104202747,1,F,10,PF-0.20.2,0.0012355949729681015
1000,10,3,5,0,False,0.001167727168649435,0.0012088599614799023,0.0011855559423565865,0.0011807382572442294,0.0011781083885580301,0.001167727168649435,0.0011765570379793644,1,F,10,PF-DEV,0.0012028482181919457
10000,10,3,5,0,False,0.005289917343732512,0.006272806320339441,0.006263934541493654,0.006034821411594749,0.006226399214938283,0.005267087835818529,0.006222018040716648,1,C,10,PF-0.20.2,0.006272806320339441
10000,10,3,5,0,False,0.005193168763071299,0.0052368477918207645,0.005234559997916222,0.005213483981788158,0.0052069120574742556,0.005193168763071299,0.005200871266424656,1,C,10,PF-DEV,0.0052368477918207645
10000,10,3,5,0,False,0.006180343218147755,0.010143394116312265,0.006275869905948639,0.006621981877833605,0.006230664439499378,0.006180343218147755,0.006216099951416254,1,F,10,PF-0.20.2,0.008923405245384123
10000,10,3,5,0,False,0.005189280025660992,0.005310866981744766,0.005232035648077726,0.005217331647872925,0.005203404929488897,0.005189280025660992,0.005196872167289257,1,F,10,PF-DEV,0.005285888068959297
1,10,3,5,0,True,0.00029029790312051773,0.004963915329426527,0.0002940250560641289,0.0007617894094437361,0.0002924934960901737,0.00029029790312051773,0.0002911388874053955,1,C,10,PF-0.20.2,0.0035072260987039756
1,10,3,5,0,True,0.0003315065987408161,0.00037404196336865425,0.0003362540155649185,0.0003383873961865902,0.0003339813556522131,0.0003315065987408161,0.00033349497243762016,1,C,10,PF-DEV,0.00036212592019144125
1,10,3,5,0,True,0.00028330693021416664,0.000299639068543911,0.0002869819290935993,0.00028663454577326775,0.0002852128818631172,0.00028330693021416664,0.00028455303981900215,1,F,10,PF-0.20.2,0.0002955562889748122
1,10,3,5,0,True,0.000330338254570961,0.0003470480442047119,0.00033632293343544006,0.0003354370594024658,0.0003339950926601887,0.000330338254570961,0.00033334502950310707,1,F,10,PF-DEV,0.0003439789331141236
10,10,3,5,0,True,0.0003164950758218765,0.0003485828638076782,0.0003243084065616131,0.0003236584831029177,0.0003185570240020752,0.0003164950758218765,0.00031815003603696823,1,C,10,PF-0.20.2,0.0003430319620501621
10,10,3,5,0,True,0.0003637201152741909,0.0003793812356889248,0.0003707041032612324,0.0003680300898849964,0.00036655785515904427,0.0003637201152741909,0.00036551477387547493,1,C,10,PF-DEV,0.000377100461239996
10,10,3,5,0,True,0.00031811976805329323,0.00033243000507354736,0.0003203810192644596,0.00032118125818669796,0.00031977402977645397,0.00031811976805329323,0.000319069717079401,1,F,10,PF-0.20.2,0.00032945562853400656
10,10,3,5,0,True,0.00036479998379945755,0.0003802366554737091,0.000372293870896101,0.00036914804950356485,0.0003670700825750828,0.00036479998379945755,0.00036602187901735306,1,F,10,PF-DEV,0.00037836627291179526
100,10,3,5,0,True,0.0003419574350118637,0.00035604601725935936,0.0003466936759650707,0.00034624082036316395,0.0003447975032031536,0.0003419574350118637,0.00034454604610800743,1,C,10,PF-0.20.2,0.0003538214295171915
100,10,3,5,0,True,0.0003899037837982178,0.00043076183646917343,0.0003977459855377674,0.0003975920379161835,0.000393460039049387,0.0003899037837982178,0.00039283232763409615,1,C,10,PF-DEV,0.0004200684189835233
100,10,3,5,0,True,0.0003413558006286621,0.00035668304190039635,0.0003461148589849472,0.0003460115287452936,0.00034424406476318836,0.0003413558006286621,0.00034308061003685,1,F,10,PF-0.20.2,0.00035552241314252485
100,10,3,5,0,True,0.0003875470720231533,0.0004013120196759701,0.000394635833799839,0.0003921473864465952,0.00039004930295050144,0.0003875470720231533,0.00038934266194701195,1,F,10,PF-DEV,0.0004013120196759701
1000,10,3,5,0,True,0.0005630423288046041,0.0006188396364450455,0.0005977828986942768,0.0005922295618802309,0.0005946338642388582,0.0005591236986219883,0.0005922028794884682,1,C,10,PF-0.20.2,0.0006188396364450455
1000,10,3,5,0,True,0.0006072670221328735,0.0006259456276893616,0.0006164330989122391,0.0006124678067862988,0.0006099590100347996,0.0006072670221328735,0.0006094402633607388,1,C,10,PF-DEV,0.0006230513611702991
1000,10,3,5,0,True,0.0005418290384113789,0.0005691219121217728,0.0005505578592419624,0.0005488282069563866,0.0005451675970107317,0.0005418290384113789,0.0005439221858978271,1,F,10,PF-0.20.2,0.0005654747494167426
1000,10,3,5,0,True,0.0005569951608777046,0.0005797981284558773,0.0005625360645353794,0.0005624668207019568,0.0005609351210296154,0.0005569951608777046,0.0005584391765296459,1,F,10,PF-DEV,0.0005751035486702614
10000,10,3,5,0,True,0.0022877923762460346,0.0027214461006224155,0.002684882376343012,0.0025993022602051495,0.0026760033797472715,0.0022718701511621475,0.0026682550087571144,1,C,10,PF-0.20.2,0.0027214461006224155
10000,10,3,5,0,True,0.002338632009923458,0.002426331862807274,0.002374227624386549,0.0023664637468755246,0.0023570405319333076,0.002338632009923458,0.0023533059284090996,1,C,10,PF-DEV,0.0024133202605471226
10000,10,3,5,0,True,0.0023033670149743557,0.0023717479780316353,0.0023356848396360874,0.002328626252710819,0.0023230412043631077,0.0023033670149743557,0.0023162169381976128,1,F,10,PF-0.20.2,0.00237163228975377
10000,10,3,5,0,True,0.0019827098585665226,0.002052915748208761,0.0019981060177087784,0.00199989122338593,0.001992949051782489,0.0019827098585665226,0.0019907881505787373,1,F,10,PF-DEV,0.002039384535948046
1,10,3,10,0,False,0.003203605767339468,0.005534679628908634,0.0032211076468229294,0.0034471044782549143,0.0032126421574503183,0.003203605767339468,0.0032109119929373264,1,C,10,PF-0.20.2,0.004811101071418664
1,10,3,10,0,False,0.0032535011822915744,0.003303050994873047,0.00329777505248785,0.0032845484558492897,0.003288248088210821,0.0032509490847587585,0.003281952813267708,1,C,10,PF-DEV,0.003303050994873047
1,10,3,10,0,False,0.0031764633022248745,0.0032273419201374054,0.003215351141989231,0.0031987033318728207,0.003195015946403146,0.0031764633022248745,0.0031827730126678944,1,F,10,PF-0.20.2,0.0032273419201374054
1,10,3,10,0,False,0.0032545928843319416,0.0033199572935700417,0.0032987412996590137,0.0032890181988477706,0.0032902529928833246,0.0032545928843319416,0.0032817861065268517,1,F,10,PF-DEV,0.0033199572935700417
10,10,3,10,0,False,0.0035871281288564205,0.0036393501795828342,0.0036112749949097633,0.003607335081323981,0.0036056749522686005,0.0035871281288564205,0.003600762225687504,1,C,10,PF-0.20.2,0.0036347185188975034
10,10,3,10,0,False,0.0036755301989614964,0.00370925385504961,0.003698025830090046,0.0036906482186168433,0.003695139428600669,0.0036755301989614964,0.0036850059404969215,1,C,10,PF-DEV,0.00370925385504961
10,10,3,10,0,False,0.0036056051030755043,0.0036860741674900055,0.003644159995019436,0.003637083573266864,0.0036338914651423693,0.0036056051030755043,0.003628438338637352,1,F,10,PF-0.20.2,0.0036776415801202714
10,10,3,10,0,False,0.003689020872116089,0.0037608761340379715,0.003733769990503788,0.003720480436459184,0.003718598512932658,0.003689020872116089,0.0037061800248920918,1,F,10,PF-DEV,0.0037608761340379715
100,10,3,10,0,False,0.00394575297832489,0.004172626882791519,0.004081830848008394,0.004064305266365409,0.004066304536536336,0.00394575297832489,0.004062359686940908,1,C,10,PF-0.20.2,0.004172626882791519
100,10,3,10,0,False,0.004033171106129885,0.004105378873646259,0.0040842401795089245,0.004063962958753109,0.004058809485286474,0.004033171106129885,0.004051603842526674,1,C,10,PF-DEV,0.004105378873646259
100,10,3,10,0,False,0.003940609283745289,0.004002335015684366,0.003987796138972044,0.003970202710479498,0.003965731244534254,0.003940609283745289,0.0039566392078995705,1,F,10,PF-0.20.2,0.004002335015684366
100,10,3,10,0,False,0.003980244044214487,0.00402861787006259,0.004012417048215866,0.004000595724210143,0.003997619030997157,0.003980244044214487,0.003992892801761627,1,F,10,PF-DEV,0.00402861787006259
1000,10,3,10,0,False,0.0077877213436730935,0.008224758319556713,0.008202426601201296,0.008113380474969744,0.008158707525581121,0.007623984012752771,0.008133667055517435,1,C,10,PF-0.20.2,0.008224758319556713
1000,10,3,10,0,False,0.007228458765894175,0.0073287650011479855,0.007307413965463638,0.0072752534411847595,0.0072680877055972815,0.007228458765894175,0.007264014799147844,1,C,10,PF-DEV,0.0073287650011479855
1000,10,3,10,0,False,0.008094108197838068,0.009910678025335073,0.008174569811671972,0.008321363246068358,0.008147610118612647,0.008094108197838068,0.0081373262219131,1,F,10,PF-0.20.2,0.009361555964354326
1000,10,3,10,0,False,0.007229076232761145,0.007342860102653503,0.007285241968929768,0.007278125081211328,0.007280763937160373,0.007229076232761145,0.007277433294802904,1,F,10,PF-DEV,0.007332492691034896
10000,10,3,10,0,False,0.03693734535349809,0.04228187119588256,0.04227401176467538,0.04118290445767343,0.04226011037826538,0.03679833002388477,0.04225686425343156,1,C,10,PF-0.20.2,0.04228187119588256
10000,10,3,10,0,False,0.031804367899894714,0.03194904373958707,0.03192813787609339,0.031893115816637875,0.03190417680889368,0.031804367899894714,0.031893101055175066,1,C,10,PF-DEV,0.03194904373958707
10000,10,3,10,0,False,0.03735101429458282,0.04221944836899638,0.042176586110144854,0.04118064767681062,0.04215526604093611,0.0368203092366457,0.04213414806872606,1,F,10,PF-0.20.2,0.04221944836899638
10000,10,3,10,0,False,0.03172618476673961,0.031890824902802706,0.031863515730947256,0.03182156928814948,0.031839500181376934,0.03172618476673961,0.031809899024665356,1,F,10,PF-DEV,0.031890824902802706
1,10,3,10,0,True,0.0019721020944416523,0.022775069810450077,0.002003692090511322,0.004075599974021316,0.0019904954824596643,0.0019721020944416523,0.001986812800168991,1,C,10,PF-0.20.2,0.01629269111563069
1,10,3,10,0,True,0.0020284526981413364,0.002105426974594593,0.002064164262264967,0.0020523428451269866,0.002045978559181094,0.0020284526981413364,0.0020371112041175365,1,C,10,PF-DEV,0.0020975029369625607
1,10,3,10,0,True,0.0019493992440402508,0.0019911876879632473,0.0019851443357765675,0.0019718304742127658,0.0019685502629727125,0.0019493992440402508,0.0019668200984597206,1,F,10,PF-0.20.2,0.0019911876879632473
1,10,3,10,0,True,0.002026196103543043,0.0020636022090911865,0.002053470816463232,0.002045765006914735,0.0020466605201363564,0.002026196103543043,0.002041259314864874,1,F,10,PF-DEV,0.0020636022090911865
10,10,3,10,0,True,0.0022171330638229847,0.0022379690781235695,0.0022302246652543545,0.002227554703131318,0.002227694960311055,0.0022171330638229847,0.0022240281105041504,1,C,10,PF-0.20.2,0.0022379690781235695
10,10,3,10,0,True,0.00225435895845294,0.0022989818826317787,0.0022722422145307064,0.002271325932815671,0.0022690249606966972,0.00225435895845294,0.0022665192373096943,1,C,10,PF-DEV,0.002296080816036479
10,10,3,10,0,True,0.0022122119553387165,0.0022559878416359425,0.002231178805232048,0.0022236443590372803,0.0022188895381987095,0.0022122119553387165,0.0022173598408699036,1,F,10,PF-0.20.2,0.002248264426080986
10,10,3,10,0,True,0.0022861850447952747,0.0023415391333401203,0.002315906807780266,0.002309933165088296,0.0023098380770534277,0.0022861850447952747,0.0023006307892501354,1,F,10,PF-DEV,0.002338920640250673
100,10,3,10,0,True,0.00244023185223341,0.0025231190957129,0.0024905619211494923,0.002465970115736127,0.002456694608554244,0.00244023185223341,0.0024454151280224323,1,C,10,PF-0.20.2,0.002518337771040031
100,10,3,10,0,True,0.002493608742952347,0.0025210250169038773,0.0025078807957470417,0.00250288276001811,0.00249961344525218,0.002493608742952347,0.00249794265255332,1,C,10,PF-DEV,0.0025193061463042237
100,10,3,10,0,True,0.0024060606956481934,0.002500005066394806,0.0024607349187135696,0.002442426746711135,0.0024367652367800474,0.0024060606956481934,0.0024310839362442493,1,F,10,PF-0.20.2,0.0024933215248593957
100,10,3,10,0,True,0.0024637700989842415,0.0025145960971713066,0.0024960367009043694,0.002486491948366165,0.0024847507011145353,0.0024637700989842415,0.002477792091667652,1,F,10,PF-DEV,0.0025145960971713066
1000,10,3,10,0,True,0.004354881932075108,0.004603459965437651,0.004577354062348604,0.004538975516334176,0.004570466466248035,0.004261322785168886,0.004565151873975992,1,C,10,PF-0.20.2,0.004603459965437651
1000,10,3,10,0,True,0.004094751551747322,0.004162912257015705,0.004136004950851202,0.004120003106072545,0.004109608009457588,0.004094751551747322,0.004104169085621834,1,C,10,PF-DEV,0.004162912257015705
1000,10,3,10,0,True,0.0042933751828968525,0.004339923150837421,0.004312851931899786,0.004309322685003281,0.004308152478188276,0.0042933751828968525,0.004304893780499697,1,F,10,PF-0.20.2,0.004333367861739935
1000,10,3,10,0,True,0.003816467709839344,0.003865214064717293,0.0038581890985369682,0.0038436286151409147,0.0038404117804020643,0.003816467709839344,0.003838681150227785,1,F,10,PF-DEV,0.003865214064717293
10000,10,3,10,0,True,0.019872044708359966,0.023403126280754805,0.02323889173567295,0.022529449267312884,0.023173431400209665,0.019793868996202946,0.02316560409963131,1,C,10,PF-0.20.2,0.023403126280754805
10000,10,3,10,0,True,0.017236759886145592,0.017396841198205948,0.017297321930527687,0.01728987544775009,0.017275328980758786,0.017236759886145592,0.017268055118620396,1,C,10,PF-DEV,0.01737317534442214
10000,10,3,10,0,True,0.01979445805773139,0.019872156903147697,0.01985780894756317,0.01983396764844656,0.019839097978547215,0.01979445805773139,0.019816894084215164,1,F,10,PF-0.20.2,0.019872156903147697
10000,10,3,10,0,True,0.013876853045076132,0.013970885891467333,0.013935086783021688,0.013916397327557206,0.013914755079895258,0.013876853045076132,0.01389476889744401,1,F,10,PF-DEV,0.013970885891467333
1,10,3,20,0,False,0.020049986895173788,0.0264639500528574,0.020365928765386343,0.020813321182504296,0.02014865865930915,0.020049986895173788,0.020105740055441856,1,C,10,PF-0.20.2,0.02451279736196484
1,10,3,20,0,False,0.020264218095690012,0.02067005028948188,0.020516577176749706,0.020417159842327236,0.020395168103277683,0.020264218095690012,0.020352686755359173,1,C,10,PF-DEV,0.02066593583102991
1,10,3,20,0,False,0.020004155579954386,0.020315751899033785,0.020167871844023466,0.02009592317044735,0.020062017487362027,0.020004155579954386,0.020026700105518103,1,F,10,PF-0.20.2,0.02028157052723671
1,10,3,20,0,False,0.02020730683580041,0.021538094617426395,0.021121212281286716,0.02071388657204807,0.02055683685466647,0.02020730683580041,0.020431156735867262,1,F,10,PF-DEV,0.02150776429214287
10,10,3,20,0,False,0.022711134050041437,0.023094069212675095,0.022916685789823532,0.0228627719450742,0.022847712971270084,0.022711134050041437,0.02281137788668275,1,C,10,PF-0.20.2,0.02305848726319283
10,10,3,20,0,False,0.022725612856447697,0.023035816848278046,0.022885821759700775,0.02283955831080675,0.02282355888746679,0.022725612856447697,0.02281136019155383,1,C,10,PF-DEV,0.023011702822617545
10,10,3,20,0,False,0.022504044696688652,0.02286253497004509,0.02274803165346384,0.02264207983389497,0.022619368275627494,0.022504044696688652,0.022605972830206156,1,F,10,PF-0.20.2,0.022859598926851438
10,10,3,20,0,False,0.022706189192831516,0.022988686803728342,0.02292178338393569,0.02286277022212744,0.022864378290250897,0.022706189192831516,0.022836176212877035,1,F,10,PF-DEV,0.022988686803728342
100,10,3,20,0,False,0.026325134039553864,0.027252706233412027,0.027131028939038515,0.026929550478234886,0.027030385565012693,0.026136338245123625,0.026899924036115408,1,C,10,PF-0.20.2,0.027252706233412027
100,10,3,20,0,False,0.026841976214200258,0.027067780029028654,0.027034325059503317,0.02697299811989069,0.026982879266142845,0.026841976214200258,0.026955369394272566,1,C,10,PF-DEV,0.027067780029028654
100,10,3,20,0,False,0.02598406281322241,0.026482337154448032,0.02642993489280343,0.02629545363597572,0.0263281618244946,0.02598406281322241,0.02625691331923008,1,F,10,PF-0.20.2,0.026482337154448032
100,10,3,20,0,False,0.02552758576348424,0.025942489970475435,0.025822589173913002,0.025734424218535425,0.02573753334581852,0.02552758576348424,0.025663733948022127,1,F,10,PF-DEV,0.025942489970475435
1000,10,3,20,0,False,0.058367246861449555,0.06297671375796199,0.0627176919952035,0.06178683680482209,0.06264842813834548,0.0582134909927845,0.06250612810254097,1,C,10,PF-0.20.2,0.06297671375796199
1000,10,3,20,0,False,0.05484229372814298,0.05529989302158356,0.05514238914474845,0.055050658993422985,0.05507928552106023,0.05484229372814298,0.05495926598086953,1,C,10,PF-DEV,0.05529989302158356
1000,10,3,20,0,False,0.05774620594456792,0.05833798833191395,0.058145713061094284,0.058011258486658335,0.058011146960780025,0.05774620594456792,0.05794660933315754,1,F,10,PF-0.20.2,0.05833798833191395
1000,10,3,20,0,False,0.04980729101225734,0.050466390792280436,0.050116184167563915,0.050061879213899374,0.05005125538446009,0.04980729101225734,0.04995163902640343,1,F,10,PF-DEV,0.050418584531455736
10000,10,3,20,0,False,0.31698021454150427,0.3562614042311907,0.35543939331546426,0.3474942144006491,0.35497035225853324,0.3163334997370839,0.3547317930497229,1,C,10,PF-0.20.2,0.3562614042311907
10000,10,3,20,0,False,0.2845525396987796,0.28570305509492755,0.2852125847712159,0.28496799282729623,0.2847668332979083,0.2845525396987796,0.2846970842219889,1,C,10,PF-DEV,0.28570305509492755
10000,10,3,20,0,False,0.3200094714137278,0.3567464011721313,0.3549874508753419,0.34802794638089835,0.354898574994877,0.3163844868540764,0.35469352826476097,1,F,10,PF-0.20.2,0.3567464011721313
10000,10,3,20,0,False,0.2845661109313369,0.285315350163728,0.2852309667505324,0.2849339216016233,0.28487902763299644,0.2845661109313369,0.28468509297817945,1,F,10,PF-DEV,0.285315350163728
1,10,3,20,0,True,0.015280820894986391,0.02100351359695196,0.015424192883074284,0.015925686759874224,0.015365561470389366,0.015280820894986391,0.015342545229941607,1,C,10,PF-0.20.2,0.019244660140439226
1,10,3,20,0,True,0.01531900092959404,0.01563479518517852,0.01549391308799386,0.015437192795798183,0.015419077826663852,0.01531900092959404,0.015401515178382397,1,C,10,PF-DEV,0.015603269978305046
1,10,3,20,0,True,0.015101457946002483,0.015274206176400185,0.015217687003314495,0.015179579425603152,0.015175983309745789,0.015101457946002483,0.015157902147620916,1,F,10,PF-0.20.2,0.015273226335101866
1,10,3,20,0,True,0.015398966148495674,0.015583843924105167,0.015521130990236998,0.015482571069151163,0.015474771847948432,0.015398966148495674,0.015453504398465157,1,F,10,PF-DEV,0.01558270862777514
10,10,3,20,0,True,0.01734909089282155,0.017550627700984478,0.01741907699033618,0.017406876059249045,0.017391911009326577,0.01734909089282155,0.017376838717609644,1,C,10,PF-0.20.2,0.017524098691186422
10,10,3,20,0,True,0.01740670545598898,0.017696217633783817,0.01762890676036477,0.01756826336495578,0.017575992038473487,0.017392176669090986,0.017541326582431793,1,C,10,PF-DEV,0.017696217633783817
10,10,3,20,0,True,0.017333488911390305,0.017472311854362488,0.017429068218916655,0.01739815780892968,0.017406400991603732,0.017333488911390305,0.017390744760632515,1,F,10,PF-0.20.2,0.017472311854362488
10,10,3,20,0,True,0.017449550796300173,0.01765036629512906,0.01754346489906311,0.017525903601199388,0.01751930732280016,0.017449550796300173,0.01750760804861784,1,F,10,PF-DEV,0.017639112217887894
100,10,3,20,0,True,0.019526786555307478,0.020332027226686478,0.02020289795473218,0.020017710933461785,0.020074949832633138,0.019457632675766945,0.019959621131420135,1,C,10,PF-0.20.2,0.020332027226686478
100,10,3,20,0,True,0.019935376942157745,0.020244796760380268,0.02016463503241539,0.020047702034935354,0.01999439299106598,0.019935376942157745,0.019971853122115135,1,C,10,PF-DEV,0.020244796760380268
100,10,3,20,0,True,0.019180194523646978,0.019670413807034492,0.019497340079396963,0.019449029583483934,0.019447304541245103,0.019179557915776968,0.0194244971498847,1,F,10,PF-0.20.2,0.019670413807034492
100,10,3,20,0,True,0.01911790415649287,0.019336733035743237,0.019292606972157955,0.01924967304803431,0.019262888468801975,0.019104652106761932,0.019251621328294277,1,F,10,PF-DEV,0.019336733035743237
1000,10,3,20,0,True,0.044549807760006964,0.04854967072606087,0.04806992085650563,0.04733222890645265,0.04801334301009774,0.04451707890257239,0.04788109892979264,1,C,10,PF-0.20.2,0.04854967072606087
1000,10,3,20,0,True,0.04194898996502161,0.042165510822087526,0.04205238725990057,0.042021758202463386,0.0420050157699734,0.04194898996502161,0.041977554094046354,1,C,10,PF-DEV,0.04215343291772309
1000,10,3,20,0,True,0.04411533335223794,0.04476596601307392,0.04457559296861291,0.04442470581270754,0.04442008351907134,0.04411533335223794,0.04433399811387062,1,F,10,PF-0.20.2,0.04476596601307392
1000,10,3,20,0,True,0.038258559844991345,0.03835416305810213,0.03833459271118045,0.03831253726966679,0.038314992329105735,0.03825478907674551,0.03830183111131191,1,F,10,PF-DEV,0.03835416305810213
10000,10,3,20,0,True,0.2393919182428444,0.26732274796813726,0.26675323443487287,0.26115904483012853,0.2666079821065068,0.2389256781898439,0.2664965996518731,1,C,10,PF-0.20.2,0.26732274796813726
10000,10,3,20,0,True,0.21397975273430347,0.21564904088154435,0.2146049407310784,0.21457100682891905,0.2145545999519527,0.21397975273430347,0.21445252792909741,1,C,10,PF-DEV,0.21547718143925407
10000,10,3,20,0,True,0.2412570384982677,0.2668422698043287,0.2666786056943238,0.2614491016138345,0.26645920635201037,0.23879913100972772,0.26639401400461793,1,F,10,PF-0.20.2,0.2668422698043287
10000,10,3,20,0,True,0.21409802790731192,0.21578524820506573,0.21458606282249093,0.21453443490900098,0.21444384311325848,0.21409802790731192,0.21439329208806157,1,F,10,PF-DEV,0.21541100877289546
1,10,3,30,0,False,0.061979238875210285,0.06682709977030754,0.062442976981401443,0.06268242709338664,0.06218385323882103,0.061979238875210285,0.06217336328700185,1,C,10,PF-0.20.2,0.06540776481117767
1,10,3,30,0,False,0.062166967894881964,0.06280793435871601,0.06274197809398174,0.06250694319605828,0.062480728374794126,0.062166967894881964,0.06241985131055117,1,C,10,PF-DEV,0.06280793435871601
1,10,3,30,0,False,0.06172792939469218,0.06256419094279408,0.062184378039091825,0.062056995229795575,0.062017014948651195,0.06172792939469218,0.06195100024342537,1,F,10,PF-0.20.2,0.06251206974599913
1,10,3,30,0,False,0.06213669711723924,0.06327321799471974,0.06253410410135984,0.062474073469638826,0.062405726639553905,0.06213669711723924,0.06236697779968381,1,F,10,PF-DEV,0.06304657566889836
10,10,3,30,0,False,0.07104153791442513,0.0721262851729989,0.0716332895681262,0.07148108752444386,0.0714433507528156,0.07104153791442513,0.07135176286101341,1,C,10,PF-0.20.2,0.07208692962519615
10,10,3,30,0,False,0.0712601076811552,0.0723801851272583,0.07182141579687595,0.07155983224511146,0.07145270961336792,0.0712601076811552,0.07133542699739337,1,C,10,PF-DEV,0.07222201379417435
10,10,3,30,0,False,0.0699376966804266,0.07071537990123034,0.07030518027022481,0.0702593894675374,0.07024277187883854,0.0699376966804266,0.07012601708993316,1,F,10,PF-0.20.2,0.07067002995106988
10,10,3,30,0,False,0.0703912191092968,0.07103294413536787,0.07096525514498353,0.07076543960720301,0.07075478695333004,0.0703912191092968,0.07067056698724627,1,F,10,PF-DEV,0.07103294413536787
100,10,3,30,0,False,0.08273093961179256,0.0882873460650444,0.08705246960744262,0.08583031883463263,0.08635276928544044,0.08273093961179256,0.08592383889481425,1,C,10,PF-0.20.2,0.0882873460650444
100,10,3,30,0,False,0.08452150598168373,0.0858887629583478,0.08490851474925876,0.08487303582951426,0.08478120993822813,0.08452150598168373,0.08472242765128613,1,C,10,PF-DEV,0.08558588927668409
100,10,3,30,0,False,0.08522067591547966,0.08792669279500842,0.08675610227510333,0.08641276150010527,0.08640899299643934,0.08522067591547966,0.08595272433012724,1,F,10,PF-0.20.2,0.08783370048538582
100,10,3,30,0,False,0.08361155586317182,0.08496718108654022,0.08446330204606056,0.08424242953769863,0.08429876388981938,0.08361155586317182,0.08404720108956099,1,F,10,PF-DEV,0.08496718108654022
1000,10,3,30,0,False,0.19673461770553674,0.21729621710255742,0.2169042811729014,0.21265988484956325,0.21658702148124576,0.19626550003886223,0.21633657813072205,1,C,10,PF-0.20.2,0.21729621710255742
1000,10,3,30,0,False,0.18975005778826637,0.19128613779321313,0.1910628778859973,0.19075526180677116,0.19095531990751624,0.1895208810456097,0.19088170491158962,1,C,10,PF-DEV,0.19128613779321313
1000,10,3,30,0,False,0.19682124298732515,0.21769030299037695,0.2172115291468799,0.2129951066803187,0.21701371110975742,0.19518107594922185,0.21676267171278596,1,F,10,PF-0.20.2,0.21769030299037695
1000,10,3,30,0,False,0.1894833417609334,0.19205045932903886,0.19072350487113,0.19045858578756453,0.1904399893246591,0.1894833417609334,0.19031466078013182,1,F,10,PF-DEV,0.19177194121101768
10000,10,3,30,0,False,1.2286914740689099,1.2372300839051604,1.2364886510185897,1.2337373404763639,1.2343425445724279,1.2286914740689099,1.2325158971361816,1,C,10,PF-0.20.2,1.2372300839051604
10000,10,3,30,0,False,1.0041090790182352,1.013280242215842,1.0106732621788979,1.007981131458655,1.0074242646805942,1.0041090790182352,1.0062327259220183,1,C,10,PF-DEV,1.013280242215842
10000,10,3,30,0,False,1.233036708086729,1.3021632730960846,1.2484480100683868,1.2484727282542736,1.239022234454751,1.233036708086729,1.2371634063310921,1,F,10,PF-0.20.2,1.2882568685221212
10000,10,3,30,0,False,1.0036775590851903,1.008600520901382,1.0070214811712503,1.0059444341808557,1.0060558458790183,1.0036775590851903,1.0049795280210674,1,F,10,PF-DEV,1.008600520901382
1,10,3,30,0,True,0.05139030376449227,0.07006472768262029,0.05190900573506951,0.05354408901184797,0.05167047632858157,0.05139030376449227,0.05160378199070692,1,C,10,PF-0.20.2,0.0643490717488631
1,10,3,30,0,True,0.05213564009449962,0.05266677401959896,0.052630417980253696,0.052480797795578835,0.052527361549437046,0.05208305176347494,0.05244739819318056,1,C,10,PF-DEV,0.05266677401959896
1,10,3,30,0,True,0.050861419178545475,0.05149463703855872,0.0513742221519351,0.05117507791146636,0.051182490307837725,0.050861419178545475,0.05100165121257305,1,F,10,PF-0.20.2,0.05149463703855872
1,10,3,30,0,True,0.052339843939989805,0.05323844589293003,0.0527518792077899,0.052698791958391666,0.05272473953664303,0.052339843939989805,0.05264999903738499,1,F,10,PF-DEV,0.05321388072909217
10,10,3,30,0,True,0.0578984790481627,0.05845245812088251,0.0583876958116889,0.05824171113781631,0.05827984749339521,0.0578984790481627,0.05820018798112869,1,C,10,PF-0.20.2,0.05845245812088251
10,10,3,30,0,True,0.05840643774718046,0.05914666689932346,0.0588941378518939,0.058735413616523145,0.0586880212649703,0.05840643774718046,0.05859890393912792,1,C,10,PF-DEV,0.05914666689932346
10,10,3,30,0,True,0.05767940590158105,0.05846197670325637,0.058313320856541395,0.058046220289543274,0.058040867326781154,0.05767940590158105,0.057901947759091854,1,F,10,PF-0.20.2,0.05846197670325637
10,10,3,30,0,True,0.058374451917812854,0.05901694996282458,0.05890127690508962,0.05874215224757791,0.058732747565954924,0.058374103624373674,0.05865756096318364,1,F,10,PF-DEV,0.05901694996282458
100,10,3,30,0,True,0.06659323815256357,0.07146448828279972,0.06919890502467752,0.06798410997726023,0.06712438468821347,0.06659323815256357,0.06689541880041361,1,C,10,PF-0.20.2,0.07117752725269738
100,10,3,30,0,True,0.06822713976725936,0.06896984903141856,0.068763199262321,0.06857579005882145,0.06857922580093145,0.06822713976725936,0.06849129218608141,1,C,10,PF-DEV,0.06896984903141856
100,10,3,30,0,True,0.06884530885145068,0.0720191691070795,0.06960482290014625,0.0696998700965196,0.06950261956080794,0.06884530885145068,0.0694747781381011,1,F,10,PF-0.20.2,0.0712691951700306
100,10,3,30,0,True,0.06816239794716239,0.06888787122443318,0.06870965985581279,0.06856439169496298,0.06856900919228792,0.06816239794716239,0.06842255406081676,1,F,10,PF-DEV,0.06888787122443318
1000,10,3,30,0,True,0.1640806128397066,0.1813932009972632,0.18100135494023561,0.1774049483705312,0.18062250106595457,0.16358618391677737,0.18054581293836236,1,C,10,PF-0.20.2,0.1813932009972632
1000,10,3,30,0,True,0.1590347201563418,0.1611484126187861,0.16009129397571087,0.1598909898661077,0.159900295548141,0.1590347201563418,0.15939379623159766,1,C,10,PF-DEV,0.1611187012330252
1000,10,3,30,0,True,0.16463149152214435,0.18117924220860004,0.18103172816336155,0.17729763546958566,0.1804223528597504,0.16310883918777108,0.18017617892473936,1,F,10,PF-0.20.2,0.18117924220860004
1000,10,3,30,0,True,0.1586796580813825,0.16086747404187918,0.1601658738218248,0.159674897743389,0.15960163855925202,0.1586796580813825,0.1591930240392685,1,F,10,PF-DEV,0.16086747404187918
10000,10,3,30,0,True,1.0228145676665008,1.036050514318049,1.030159908812493,1.0283948504831641,1.0276755285449326,1.0228145676665008,1.0266835787333548,1,C,10,PF-0.20.2,1.0354003750850207
10000,10,3,30,0,True,0.8354951543733478,0.8393653319217265,0.8390143299475312,0.8377683684695512,0.838043890427798,0.8354951543733478,0.8371721464209259,1,C,10,PF-DEV,0.8393653319217265
10000,10,3,30,0,True,1.0245730257593095,1.0452778059989214,1.034466169308871,1.031667345808819,1.030131075065583,1.0245730257593095,1.025973746087402,1,F,10,PF-0.20.2,1.0452778059989214
10000,10,3,30,0,True,0.8365429770201445,0.840639035217464,0.8385940948501229,0.8381793644279242,0.8377046324312687,0.8365429770201445,0.8374973451718688,1,F,10,PF-DEV,0.8405606778373393
